date,Temp,SpCond,Sal,DO_pct,DO_mgl,Depth,cDepth,pH,Turb,ChlFluor,P,P_lag1,P_lag2,P_3d,P_7d,P_extreme,chl_sat
2014-01-01,12.388541666666669,50.85104166666667,33.29895833333333,92.76875,8.051041666666666,1.425625,,7.969791666666667,5.729166666666667,,1.7408186,,,1.7408186,1.7408186,0,
2014-01-02,12.536458333333334,50.814479166666665,33.276041666666664,90.65,7.836458333333333,1.3259375,,7.971875,5.178947368421053,,22.874502,1.7408186,,24.6153206,24.6153206,1,
2014-01-03,11.251041666666666,50.35864583333333,32.8875,94.52291666666667,8.434375000000001,1.2634375,,7.986458333333334,5.572916666666667,,0.80673206,22.874502,1.7408186,25.422052660000002,25.422052660000002,0,3.11503267288208
2014-01-04,9.614583333333334,52.13520833333333,34.05625,97.41979166666664,8.933333333333334,1.6077083333333333,,8.064583333333333,3.625,,0.0,0.80673206,22.874502,23.68123406,25.422052660000002,0,2.3973634243011475
2014-01-05,11.014583333333334,52.043958333333336,34.09166666666667,97.35520833333334,8.653125000000001,1.6030208333333331,,8.007291666666667,2.03125,,11.715663,0.0,0.80673206,12.52239506,37.13771566,0,
2014-01-06,11.819791666666667,50.15208333333334,32.76979166666667,96.15416666666664,8.469791666666667,1.3085416666666667,,7.986458333333334,2.75,,9.834883,11.715663,0.0,21.550545999999997,46.97259866,0,0.3420840203762054
2014-01-07,7.441666666666666,48.609375,31.32708333333333,95.965625,9.408333333333331,1.3186458333333333,,8.051041666666666,4.291666666666667,,0.0061759674,9.834883,11.715663,21.556721967399998,46.9787746274,0,2.1537482738494877
2014-01-08,7.109375,48.022083333333335,30.89270833333333,96.78645833333331,9.582291666666666,1.4400000000000002,,8.077083333333333,2.1354166666666665,,0.7430059,0.0061759674,9.834883,10.5840648674,45.9809619274,0,1.7249995470046997
2014-01-09,7.365625,46.6975,29.984375,98.30729166666669,9.736458333333331,1.4116666666666668,,8.082291666666666,3.5416666666666665,,0.0,0.7430059,0.0061759674,0.7491818674,23.1064599274,0,2.05723237991333
2014-01-10,9.878125,45.36052083333333,29.207291666666663,100.57604166666664,9.461458333333333,1.4002083333333333,,8.05625,1.2291666666666667,,1.5287955,0.0,0.7430059,2.2718014,23.828523367399995,0,0.8285189867019653
2014-01-11,12.984375,41.726875,26.7625,98.04895833333336,8.759375,1.2533333333333332,,7.957291666666666,2.864583333333333,,8.014994,1.5287955,0.0,9.543789499999999,31.843517367399997,0,0.6818444728851318
2014-01-12,13.35,41.79197916666667,26.815625,95.10833333333332,8.419791666666667,1.1615625,,7.9375,3.9479166666666665,,9.188509,8.014994,1.5287955,18.7322985,29.316363367399997,0,2.014991044998169
2014-01-13,12.722916666666668,45.539375,29.476041666666664,96.48854166666666,8.505208333333334,1.3398958333333333,,7.983333333333333,3.3229166666666665,,0.0,9.188509,8.014994,17.203502999999998,19.4814803674,0,2.8145320415496826
2014-01-14,13.0875,45.12145833333333,29.197916666666668,92.45729166666666,8.109375,1.2652083333333333,,7.975,2.375,,9.861088,0.0,9.188509,19.049597000000002,29.3363924,0,
2014-01-15,12.7,45.9165625,29.757291666666664,95.34583333333336,8.393749999999999,1.328125,,7.98125,2.5,,0.39239937,9.861088,0.0,10.253487370000002,28.98578587,0,0.3343158364295959
2014-01-16,11.592708333333334,47.568645833333335,30.897916666666664,94.87708333333336,8.504166666666666,1.3760416666666666,,7.9837209302325585,1.681818181818182,,12.923199,0.39239937,9.861088,23.176686370000002,41.90898487,0,1.58499014377594
2014-01-17,10.895833333333334,47.696041666666666,30.93958333333333,98.38020833333331,8.934375000000001,1.351875,,,0.0,,0.0,12.923199,0.39239937,13.315598370000002,40.38018937,0,2.314071655273437
2014-01-18,10.572916666666666,44.25708333333333,28.48333333333333,99.63229166666667,9.264583333333333,1.159166666666667,,,1.7179487179487178,,0.27293995,0.0,12.923199,13.196138950000002,32.638135319999996,0,3.608651638031006
2014-01-19,9.7375,44.0515625,28.28125,100.46875,9.503125,1.276145833333333,,,0.5135135135135135,,0.0,0.27293995,0.0,0.27293995000000176,23.44962632,0,
2014-01-20,10.291666666666666,42.56635416666666,27.260416666666668,103.434375,9.735416666666667,1.213854166666667,,,0.4210526315789473,,0.0,0.0,0.27293995,0.27293995000000176,23.44962632,0,1.738764762878418
2014-01-21,10.790625,38.379375,24.359375,101.89270833333336,9.666666666666666,1.15,,,0.9302325581395348,,0.0,0.0,0.0,0.0,13.58853832,0,2.0302000045776367
2014-01-22,9.298958333333331,41.73770833333334,26.663541666666664,101.45729166666666,9.810416666666669,1.346666666666667,,,1.2444444444444445,,1.7295996,0.0,0.0,1.7295996000000018,14.92573855,0,5.136821269989014
2014-01-23,8.511458333333334,45.12322916666667,28.9625,102.28125,9.932291666666666,1.476875,,,6.0,,0.0,1.7295996,0.0,1.7295996000000018,2.00253955,0,9.818334579467772
2014-01-24,6.8875,46.7534375,29.971875,102.16145833333331,10.232291666666669,1.4590625,,,1.0714285714285714,,0.45511627,0.0,1.7295996,2.1847158700000016,2.4576558200000003,0,3.470989227294922
2014-01-25,6.044791666666666,45.657916666666665,29.119791666666668,98.19791666666669,10.088541666666666,1.175,,,0.8518518518518519,,1.7302629,0.45511627,0.0,2.185379170000002,3.9149787700000003,0,0.672099232673645
2014-01-26,6.504166666666666,40.66302083333333,25.67395833333333,98.01770833333336,10.176041666666666,1.130625,,,1.0833333333333333,,0.8893088,1.7302629,0.45511627,3.074687970000002,4.80428757,0,1.1164135932922363
2014-01-27,8.732291666666667,41.89697916666667,26.707291666666663,99.546875,9.75625,1.1734375,,,0.868421052631579,,0.67256284,0.8893088,1.7302629,3.292134540000002,5.47685041,0,1.547798991203308
2014-01-28,7.905208333333333,47.9534375,30.91979166666667,94.74166666666667,9.2125,1.434583333333333,,,1.3548387096774193,,1.0804982,0.67256284,0.8893088,2.642369840000002,6.55734861,0,
2014-01-29,5.825,51.10697916666667,32.94583333333333,96.34479166666668,9.70625,1.4603125,,,0.5949367088607594,,19.455593,1.0804982,0.67256284,21.208654040000003,24.28334201,1,
2014-01-30,5.804166666666667,52.212291666666665,33.72291666666667,98.265625,9.85,1.4844791666666666,,,0.3666666666666666,,16.395435,19.455593,1.0804982,36.9315262,40.67877701,0,
2014-01-31,7.547916666666667,52.048229166666665,33.79895833333333,103.43958333333336,9.920833333333333,1.4025,,,0.559322033898305,,1.1228087,16.395435,19.455593,36.9738367,41.34646944,0,3.142396926879883
2014-02-01,7.941666666666666,52.0078125,33.829166666666666,99.83645833333333,9.498958333333333,1.3515625,,,0.2391304347826087,,0.092513785,1.1228087,16.395435,17.610757485000004,39.708720325,0,1.5832786560058594
2014-02-02,9.704166666666667,51.630625,33.684375,103.50208333333336,9.458333333333334,1.2669791666666663,,,0.4705882352941176,,0.416631,0.092513785,1.1228087,1.6319534850000035,39.236042524999995,0,0.8108178377151489
2014-02-03,10.889583333333334,51.22510416666666,33.47604166666667,102.48125,9.152083333333334,1.2415625,,,0.0571428571428571,,0.07170975,0.416631,0.092513785,0.5808545350000035,38.635189435,0,0.2997125089168548
2014-02-04,9.905208333333333,51.2321875,33.432291666666664,98.32708333333332,8.986458333333333,1.4213541666666665,,,0.0434782608695652,,0.13959426,0.07170975,0.416631,0.6279350100000035,37.694285495,0,
2014-02-05,10.694736842105264,51.9346,33.904,96.86947368421052,8.718947368421052,1.3467368421052632,,8.088888888888889,,,4.672313,0.13959426,0.07170975,4.883617010000004,22.911005494999998,0,
2014-02-06,10.101041666666667,,,96.67395833333336,8.877083333333333,1.479270833333333,,8.060416666666667,,,0.24157308,4.672313,0.13959426,5.053480340000004,6.757143575,0,3.45149564743042
2014-02-07,9.0625,,,98.31145833333332,9.190625,1.5770833333333334,,8.101041666666665,,,4.76432,0.24157308,4.672313,9.678206080000002,10.398654874999998,0,3.51082181930542
2014-02-08,8.635416666666666,,,97.19583333333333,9.194791666666667,1.57625,,8.098958333333334,,,6.712364,4.76432,0.24157308,11.718257080000004,17.018505089999998,0,
2014-02-09,8.598958333333334,,,98.328125,9.340625,1.526145833333333,,8.1,,,0.34335238,6.712364,4.76432,11.820036380000003,16.94522647,0,1.2841715812683103
2014-02-10,9.216666666666669,,,99.03333333333336,9.34375,1.4435416666666667,,8.097916666666666,,,1.7003945,0.34335238,6.712364,8.756110880000003,18.57391122,0,1.424099087715149
2014-02-11,7.577083333333333,,,92.97604166666667,9.030208333333333,1.6764583333333334,,8.096874999999999,,,3.0521464,1.7003945,0.34335238,5.095893280000004,21.48646336,0,
2014-02-12,5.915625,,,92.97604166666667,9.334375,1.7803125,,8.0875,,,20.838774,3.0521464,1.7003945,25.591314900000004,37.65292436,1,
2014-02-13,5.716666666666666,,,93.71145833333333,9.483333333333333,1.3940625000000002,,8.030208333333333,,,26.206224,20.838774,3.0521464,50.097144400000005,63.61757528,1,
2014-02-14,6.559375,,,96.96458333333334,9.665625,1.3416666666666668,,8.072916666666666,,,0.0,26.206224,20.838774,47.04499800000001,58.85325528,0,2.225457668304444
2014-02-15,8.082291666666666,,,93.60729166666664,9.098958333333334,1.3171875,,8.075,,,5.3304186,0.0,26.206224,31.5366426,57.47130988,0,1.5693774223327637
2014-02-16,8.151041666666666,,,94.47204301075269,9.138709677419357,1.4084375,,8.071875,,,0.32143882,5.3304186,0.0,5.651857420000003,57.44939632,0,1.3856576681137085
2014-02-17,8.420833333333333,,,94.3,9.040625,1.508125,,8.089583333333334,,,0.0,0.32143882,5.3304186,5.651857420000003,55.74900182,0,3.544912338256836
2014-02-18,9.626041666666667,,,98.834375,9.1625,1.4397916666666666,,8.1,,,0.0045623234,0.0,0.32143882,0.3260011434000036,52.7014177434,0,1.7956329584121704
2014-02-19,11.986458333333331,,,99.79375,8.88125,1.320625,,8.110416666666666,,,5.198676,0.0045623234,0.0,5.2032383234000035,37.0613197434,0,1.4197198152542114
2014-02-20,13.503125,,,99.86145833333336,8.751041666666667,1.3214583333333334,,8.095833333333333,,,0.7118128,5.198676,0.0045623234,5.915051123400003,11.5669085434,0,0.2247928977012634
2014-02-21,13.741666666666667,,,96.30416666666667,8.496875000000001,1.2689583333333332,,8.0875,,,13.582259,0.7118128,5.198676,19.492747800000004,25.1491675434,0,0.2170367985963821
2014-02-22,13.157291666666666,,,100.07083333333333,8.956249999999999,1.3186458333333333,,8.09375,,,3.9865408,13.582259,0.7118128,18.280612600000005,23.805289743400003,0,0.3931617140769958
2014-02-23,12.247916666666669,,,101.61041666666668,9.171875,1.3516666666666666,,8.117708333333333,,,1.3876879,3.9865408,13.582259,18.956487700000004,24.8715388234,0,0.4788324236869812
2014-02-24,12.1125,,,100.88958333333332,9.095833333333331,1.3869791666666669,,8.115625,,,2.1876073,1.3876879,3.9865408,7.561836000000003,27.0591461234,0,1.6512795686721802
2014-02-25,11.923958333333331,,,100.38229166666667,9.048958333333331,1.455833333333333,,8.107291666666667,,,0.15345694,2.1876073,1.3876879,3.728752140000003,27.20804074,0,0.9999037981033324
2014-02-26,10.019791666666666,,,93.51875,8.659374999999999,1.6246875,,8.091666666666667,,,11.750845,0.15345694,2.1876073,14.091909240000003,33.76020974,0,
2014-02-27,9.751041666666667,,,96.06875,8.895833333333334,1.585,,8.091666666666667,,,2.4174793,11.750845,0.15345694,14.321781240000004,35.46587624,0,1.2609845399856567
2014-02-28,9.127083333333331,,,95.07395833333334,8.905208333333333,1.6603125,,8.097916666666666,,,0.0031228221,2.4174793,11.750845,14.171447122100004,21.8867400621,0,3.5131397247314453
2014-03-01,8.954166666666667,,,89.6375,8.387500000000001,1.6496875,,8.111458333333333,,,0.06729943,0.0031228221,2.4174793,2.487901552100004,17.967498692099998,0,1.164208173751831
2014-03-02,10.833333333333334,,,98.25263157894736,8.801052631578948,1.4469791666666667,,8.104166666666666,,,0.00026493863,0.06729943,0.0031228221,0.07068719073000355,16.580075730729998,0,3.731253147125244
2014-03-03,11.355208333333332,,,95.23548387096774,8.505376344086022,1.3239583333333331,,8.095833333333333,,,6.5541587,0.00026493863,0.06729943,6.621723068630004,20.94662713073,0,
2014-03-04,7.907291666666667,,,92.1957894736842,8.84842105263158,1.6139583333333334,,8.09375,,,1.3950226,6.5541587,0.00026493863,7.949446238630004,22.18819279073,0,
2014-03-05,7.308333333333334,51.580666666666666,33.477777777777774,95.534375,9.2625,1.510625,,8.095833333333333,1.8,,16.31982,1.3950226,6.5541587,24.269001300000003,26.75716779073,0,
2014-03-06,7.10625,52.30947916666667,33.958333333333336,97.178125,9.427083333333334,1.6251041666666666,,8.096874999999999,1.631578947368421,,12.959029,16.31982,1.3950226,30.673871600000005,37.29871749073,0,
2014-03-07,8.107291666666667,51.63541666666666,33.57604166666667,97.728125,9.290625,1.6894791666666666,,8.09375,5.7368421052631575,,17.389374,12.959029,16.31982,46.668223,54.68496866863,0,0.1579649746417999
2014-03-08,8.737499999999999,50.56979166666667,32.844791666666666,100.45625,9.439583333333331,1.469479166666667,,8.077083333333333,1.7540983606557377,,1.9066261,17.389374,12.959029,32.2550291,56.52429533863,0,1.4654736518859863
2014-03-09,10.894791666666668,48.81489583333333,31.727083333333336,103.08958333333334,9.319791666666667,1.3572916666666668,,8.085416666666665,4.84375,,0.013181974,1.9066261,17.389374,19.309182074,56.537212374000006,0,2.8179965019226074
2014-03-10,12.313541666666666,46.70604166666666,30.28333333333333,103.29895833333336,9.151041666666666,1.345625,,8.113541666666666,10.025,,0.0051726806,0.013181974,1.9066261,1.9249807546000035,49.9882263546,0,1.5606340169906616
2014-03-11,13.479166666666666,42.995000000000005,27.67708333333333,100.14270833333336,8.795833333333333,1.2909374999999998,,8.111458333333333,0.25,,0.0012092993,0.0051726806,0.013181974,0.019563953900003553,48.594413053900006,0,1.7666486501693726
2014-03-12,14.083333333333334,38.6809375,24.652083333333334,94.553125,8.360416666666667,1.2671875,,8.059375,2.024390243902439,,0.2943492,0.0012092993,0.0051726806,0.30073117990000353,32.568942253900005,0,2.08223032951355
2014-03-13,12.003125,38.659375,24.59166666666667,95.28645833333331,8.808333333333334,1.1992708333333333,,8.065624999999999,1.144736842105263,,0.0,0.2943492,0.0012092993,0.29555849930000355,19.609913253900004,0,2.152548789978028
2014-03-14,11.127083333333331,43.22760416666667,27.758333333333336,100.44583333333333,9.242708333333333,1.4052083333333334,,8.130208333333334,0.2222222222222222,,0.0,0.0,0.2943492,0.29434920000000353,2.2205392539,0,1.2635631561279297
2014-03-15,12.651041666666666,41.1634375,26.352083333333336,99.26979166666666,8.911458333333334,1.2053125,,8.121875,0.9545454545454546,,1.2301447,0.0,0.0,1.2301447000000036,1.5440578539,0,2.9200973510742188
2014-03-16,11.583333333333334,43.25718749999999,27.81770833333333,87.70937500000001,8.00625,1.2625,,8.064583333333333,0.34375,,9.39471,1.2301447,0.0,10.624854700000004,10.9255858799,0,
2014-03-17,10.321875,46.91677083333334,30.360416666666666,93.26145833333334,8.620833333333334,1.3928125,,8.079166666666667,1.7714285714285714,,21.961039,9.39471,1.2301447,32.5858937,32.8814521993,1,
2014-03-18,9.478125,49.919895833333335,32.456250000000004,96.13645833333334,8.914583333333333,1.4713541666666667,,8.101041666666665,5.387755102040816,,17.702732,21.961039,9.39471,49.058481,50.582974899999996,0,
2014-03-19,10.216666666666669,50.96041666666667,33.246875,102.36770833333333,9.278125,1.5125,,8.116666666666665,0.65625,,0.0,17.702732,21.961039,39.663771,50.2886257,0,1.909800171852112
2014-03-20,12.047916666666666,49.67104166666667,32.403125,107.26666666666668,9.386458333333334,1.3553125,,8.142708333333333,2.2,,0.060643844,0.0,17.702732,17.763375844000006,50.349269544,0,2.94790267944336
2014-03-21,12.9625,48.8390625,31.844791666666666,107.6125,9.25625,1.353125,,8.145833333333334,1.0,,0.0,0.060643844,0.0,0.060643844000003555,50.349269544,0,1.717377781867981
2014-03-22,14.742708333333333,46.806875,30.422916666666666,100.88645833333334,8.479166666666666,1.2497916666666666,,8.139583333333333,4.076923076923077,,1.2148818,0.0,0.060643844,1.2755256440000036,50.334006644,0,1.8247610330581665
2014-03-23,14.738541666666668,44.18072916666667,28.555208333333336,95.96354166666669,8.157291666666667,1.2340625,,8.112499999999999,17.228571428571428,,4.1767797,1.2148818,0.0,5.391661500000003,45.116076344,0,0.1516756266355514
2014-03-24,11.984375,48.24302083333333,31.39270833333333,97.83333333333331,8.651041666666666,1.4576041666666668,,8.126041666666666,4.266666666666667,,0.0066676503,4.1767797,1.2148818,5.398329150300004,23.161704994300003,0,4.062907695770264
2014-03-25,11.032291666666666,49.4815625,32.23645833333333,91.8375,8.251041666666667,1.3783333333333332,,8.101041666666665,7.227272727272727,,2.4388206,0.0066676503,4.1767797,6.622267950300003,7.8977935942999995,0,0.692622184753418
2014-03-26,10.05625,48.76833333333334,31.66875,94.4125,8.702083333333333,1.307604166666667,,8.123958333333333,5.166666666666667,,0.63234144,2.4388206,0.0066676503,3.077829690300004,8.5301350343,0,2.397742509841919
2014-03-27,10.957291666666668,49.855625,32.498958333333334,94.265625,8.464583333333334,1.4777083333333334,,8.105208333333332,1.0571428571428572,,0.00018866544,0.63234144,2.4388206,3.0713507054400044,8.46967985574,0,2.157871961593628
2014-03-28,12.84375,48.94645833333333,31.915625,93.775,8.108333333333333,1.3808333333333334,,8.078125,5.428571428571429,,0.042771917,0.00018866544,0.63234144,0.6753020224400045,8.51245177274,0,0.4261906743049621
2014-03-29,13.260416666666666,47.91916666666666,31.207291666666663,85.5625,7.388541666666666,1.3364583333333335,,8.021875,1.15,,10.950128,0.042771917,0.00018866544,10.993088582440004,18.24769797274,0,
2014-03-30,13.126041666666666,46.564479166666665,30.226041666666664,86.28125,7.526041666666667,1.1072916666666666,,8.025,2.8135593220338984,,1.8196799,10.950128,0.042771917,12.812579817000005,15.890598172739999,0,
2014-03-31,12.538541666666667,48.247395833333336,31.394791666666663,88.94583333333333,7.752083333333334,1.2211458333333334,,8.045833333333333,2.016949152542373,,0.0,1.8196799,10.950128,12.769807900000005,15.88393052244,0,1.9771080017089844
2014-04-01,13.382291666666667,49.40989583333334,32.26979166666667,99.36354166666666,8.461458333333333,1.3755208333333335,,8.095833333333333,6.425,,0.13752042,0.0,1.8196799,1.9572003200000052,13.58263034244,0,1.510067582130432
2014-04-02,15.133333333333333,47.92250000000001,31.23333333333333,100.69583333333333,8.322916666666666,1.2838541666666667,,8.090625,3.736842105263158,,0.0,0.13752042,0.0,0.13752042000000533,12.950288902439999,0,1.1511160135269165
2014-04-03,16.391666666666666,45.62447916666667,29.603125,99.39375,8.097916666666666,1.26125,,8.085416666666665,3.9583333333333335,,0.0,0.0,0.13752042,0.13752042000000533,12.950100237,0,0.6403223872184753
2014-04-04,17.871875,41.68510416666667,26.803125,95.33958333333334,7.689583333333334,1.2636458333333334,,8.060416666666667,4.34375,,0.9346668,0.0,0.0,0.9346668000000053,13.84199512,0,0.6530351638793945
2014-04-05,18.585416666666667,38.3565625,24.453125,89.77291666666667,7.239583333333333,1.2801041666666666,,8.010416666666666,4.5625,,1.3055097,0.9346668,0.0,2.2401765000000053,4.19737682,0,8.96180248260498
2014-04-06,15.336458333333333,44.4975,28.801041666666663,90.32708333333332,7.586458333333333,1.5423958333333332,,8.046875,3.8020833333333335,,6.918292,1.3055097,0.9346668,9.158468500000005,9.29598892,0,
2014-04-07,15.629166666666668,46.13197916666667,29.969791666666666,90.28541666666666,7.480208333333334,1.3804166666666668,,8.00625,3.395833333333333,,20.536953,6.918292,1.3055097,28.760754700000007,29.83294192,1,
2014-04-08,17.485416666666666,40.184375,25.744791666666668,86.82187499999999,7.120833333333334,1.206875,,7.961458333333333,3.3229166666666665,,32.23905,20.536953,6.918292,59.694295,61.9344715,1,
2014-04-09,16.964583333333334,40.2140625,25.7625,89.43541666666665,7.397916666666667,1.2920833333333337,,7.932,4.15625,,2.699166,32.23905,20.536953,55.475168999999994,64.63363749999999,0,2.831378698348999
2014-04-10,17.170833333333334,40.744166666666665,26.13020833333333,95.090625,7.820833333333333,1.3348958333333334,,,6.0625,,0.0,2.699166,32.23905,34.938216,64.63363749999999,0,2.0840210914611816
2014-04-11,18.18645833333333,39.76822916666666,25.441666666666663,95.81875,7.745833333333334,1.29125,,,10.614583333333334,,0.0,0.0,2.699166,2.699165999999993,63.69897069999999,0,0.815803050994873
2014-04-12,18.8375,39.81520833333334,25.479166666666668,90.85833333333332,7.251041666666667,1.2851041666666667,,,12.4375,,0.14684215,0.0,0.0,0.1468421499999929,62.54030315,0,2.383284568786621
2014-04-13,19.542708333333334,42.40114583333334,27.313541666666666,90.73333333333332,7.054166666666667,1.295625,,,20.39583333333333,,0.0,0.14684215,0.0,0.1468421499999929,55.62201115,0,2.3269009590148926
2014-04-14,19.382291666666667,44.83677083333333,29.06770833333333,90.61458333333331,7.004166666666666,1.3278125,,,7.697916666666667,,0.43431118,0.0,0.14684215,0.5811533299999929,35.51936932999999,0,1.3987444639205933
2014-04-15,19.023958333333333,45.170520833333335,29.304166666666664,86.48854166666666,6.744791666666667,1.3191666666666666,,,10.854166666666666,,9.0970335,0.43431118,0.0,9.531344679999993,12.37735283,0,
2014-04-16,15.838541666666666,47.72270833333334,31.13020833333333,94.0375,7.696874999999999,1.557604166666667,,,22.625,,5.8512616,9.0970335,0.43431118,15.382606279999994,15.529448429999999,0,2.9620985984802246
2014-04-17,14.686458333333334,50.66135416666666,33.23125,96.68541666666664,7.984375,1.6742708333333332,,,24.90625,,0.079879776,5.8512616,9.0970335,15.028174875999992,15.609328205999999,0,1.7955081462860107
2014-04-18,14.778125,50.7034375,33.276041666666664,95.99583333333334,7.922916666666667,1.5779166666666666,,,9.447916666666666,,0.3085013,0.079879776,5.8512616,6.239642675999993,15.917829506,0,
2014-04-19,14.467708333333334,47.77635416666666,31.141666666666666,93.165625,7.851041666666667,1.6626041666666669,,,6.78125,,28.555315,0.3085013,0.079879776,28.943696075999995,44.326302356,1,
2014-04-20,14.055208333333333,47.96937500000001,31.269791666666663,93.68333333333334,7.954166666666667,1.6539583333333334,,,12.229166666666666,,9.196328,28.555315,0.3085013,38.0601443,53.522630356,0,
2014-04-21,14.860416666666666,49.23739583333333,32.19375,98.634375,8.172916666666667,1.6224999999999998,,,5.8125,,0.19356911,9.196328,28.555315,37.94521210999999,53.281888286,0,3.7217342853546143
2014-04-22,16.882291666666667,48.883020833333326,31.98333333333333,98.12395833333332,7.83125,1.4852083333333337,,,4.46875,,0.0,0.19356911,9.196328,9.389897109999993,44.184854786,0,1.8420015573501587
2014-04-23,18.03333333333333,47.76885416666667,31.183333333333334,94.075,7.394791666666666,1.4020833333333331,,,7.729166666666667,,0.097009264,0.0,0.19356911,0.29057837399999287,38.43060245,0,1.1984145641326904
2014-04-24,17.334374999999998,48.83541666666667,31.95104166666667,92.38020833333331,7.320833333333333,1.4652083333333332,,,6.614583333333333,,0.0,0.097009264,0.0,0.09700926399999289,38.350722674,0,1.7982676029205322
2014-04-25,18.360416666666666,48.05979166666666,31.39583333333333,92.10416666666669,7.190625,1.4257291666666667,,,12.864583333333334,,2.0683463,0.0,0.097009264,2.165355563999993,40.110567674,0,0.372427374124527
2014-04-26,18.73333333333333,46.959375,30.59895833333333,89.07395833333334,6.926041666666666,1.432604166666667,,,16.53409090909091,,5.4341197,2.0683463,0.0,7.502465999999993,16.989372374,0,1.947459936141968
2014-04-27,18.91875,46.9821875,30.60833333333333,93.184375,7.203125,1.4823958333333334,,,15.221052631578948,,0.0,5.4341197,2.0683463,7.502465999999993,7.793044374,0,2.227393388748169
2014-04-28,19.48958333333333,47.4415625,30.94270833333333,92.71770833333332,7.082291666666666,1.4997916666666666,,,9.810526315789474,,0.5292616,0.0,5.4341197,5.963381299999993,8.128736864,0,
2014-04-29,20.560416666666665,46.87041666666667,30.52083333333333,92.653125,6.953125,1.4380208333333335,,,14.612903225806452,,6.097844,0.5292616,0.0,6.627105599999993,14.226580863999999,0,
2014-04-30,20.246875,46.53916666666667,30.2875,88.60104166666667,6.7125,1.4261458333333332,,,26.043478260869566,,16.528126,6.097844,0.5292616,23.155231599999993,30.6576976,0,
2014-05-01,21.03333333333333,45.09822916666667,29.2375,92.22916666666669,6.907291666666667,1.3783333333333332,,,17.5,,6.723623,16.528126,6.097844,29.34959299999999,37.381320599999995,0,0.3275591135025024
2014-05-02,19.695833333333333,44.93427083333333,29.13854166666667,84.58437500000001,6.515625,1.3978125,,,13.483870967741936,,9.071321,6.723623,16.528126,32.323069999999994,44.3842953,0,
2014-05-03,20.00520833333333,45.41135416666666,29.472916666666663,90.23229166666664,6.863541666666666,1.4188541666666667,,,13.010416666666666,,6.938673,9.071321,6.723623,22.73361699999999,45.8888486,0,3.315619468688965
2014-05-04,20.961458333333333,43.2509375,27.915625,90.12708333333336,6.797916666666667,1.348645833333333,,,15.0625,,0.007848619,6.938673,9.071321,16.017842618999993,45.896697218999996,0,2.653733491897583
2014-05-05,20.841666666666665,43.55770833333333,28.14583333333333,89.71354166666667,6.777083333333334,1.390625,,,16.45263157894737,,1.9702781,0.007848619,6.938673,8.916799718999993,47.337713719,0,0.7690038084983826
2014-05-06,21.91145833333333,44.51864583333333,28.81041666666667,90.91354166666667,6.7250000000000005,1.3747916666666666,,,13.583333333333334,,1.4156022,1.9702781,0.007848619,3.393728918999993,42.655471919,0,2.9351460933685303
2014-05-07,23.02083333333333,43.846875,28.31458333333333,85.57083333333333,6.228125,1.4263541666666668,,,13.987179487179487,,0.0,1.4156022,1.9702781,3.385880299999993,26.127345919,0,2.760312795639038
2014-05-08,23.691666666666663,40.165729166666665,25.680208333333336,80.66145833333333,5.889583333333333,1.345,,,,,0.010232018,0.0,1.4156022,1.4258342179999928,19.413954937,0,2.5579910278320312
2014-05-09,23.742708333333336,37.11875,23.53125,80.48958333333333,5.952083333333333,1.3345833333333337,,,,,0.09427582,0.010232018,0.0,0.10450783799999289,10.436909757,0,3.328730583190918
2014-05-10,23.496875,37.55447916666667,23.847916666666663,81.46145833333334,6.045833333333333,1.391354166666667,,,,,6.7264094,0.09427582,0.010232018,6.8309172379999925,10.224646156999999,0,2.926456451416016
2014-05-11,22.56458333333333,40.634166666666665,26.04479166666667,74.24583333333334,5.53125,1.426979166666667,,,,,0.6121508,6.7264094,0.09427582,7.432836019999993,10.828948337999998,0,
2014-05-12,23.37708333333333,43.967083333333335,28.401041666666668,77.30833333333334,5.590625,1.44125,,,,,0.23740175,0.6121508,6.7264094,7.575961949999993,9.096071987999998,0,2.811295509338379
2014-05-13,23.928125,45.642500000000005,29.59166666666667,79.109375,5.625,1.4116666666666668,,,,,0.0065620453,0.23740175,0.6121508,0.8561145952999929,7.6870318333,0,1.8161840438842771
2014-05-14,24.334375,46.39113636363636,30.15,81.50729166666666,5.703125,1.42875,,7.863461538461538,6.826923076923077,,0.08579878,0.0065620453,0.23740175,0.32976257529999287,7.7728306133,0,0.8937355279922485
2014-05-15,23.678125,,,83.84166666666667,5.907291666666667,1.4609375,,7.852083333333333,6.484848484848484,,4.7936497,0.08579878,0.0065620453,4.886010525299993,12.5562482953,0,0.2097854316234588
2014-05-16,23.93125,,,86.5125,6.14375,1.307604166666667,,7.814583333333334,,,16.82901,4.7936497,0.08579878,21.708458479999994,29.290982475299998,0,2.078165054321289
2014-05-17,21.976041666666664,,,82.14479166666666,5.964583333333334,1.3130208333333333,,7.841666666666666,,,0.97865576,16.82901,4.7936497,22.60131545999999,23.5432288353,0,1.6744375228881836
2014-05-18,21.37708333333333,,,80.63333333333334,5.909375,1.3511458333333335,,7.870833333333334,,,0.033767562,0.97865576,16.82901,17.841433321999993,22.964845597300002,0,0.6796081066131592
2014-05-19,21.23333333333333,,,89.75473684210527,6.553684210526316,1.4354166666666668,,7.926041666666666,,,0.022497242,0.033767562,0.97865576,1.034920563999993,22.749941089300002,0,2.0012640953063965
2014-05-20,21.596875,,,88.54166666666667,6.442708333333333,1.3636458333333332,,7.939583333333334,,,0.0,0.022497242,0.033767562,0.056264803999992896,22.743379044,0,1.512942671775818
2014-05-21,22.48333333333333,,,86.01354166666665,6.2375,1.2361458333333333,,7.919791666666666,,,0.0361072,0.0,0.022497242,0.058604441999992894,22.693687464000003,0,1.3363767862319946
2014-05-22,23.23229166666667,,,82.70625,5.946875,1.265625,,7.870833333333334,,,1.6983466,0.0361072,0.0,1.734453799999993,19.598384364000005,0,0.9243919849395752
2014-05-23,23.707291666666663,,,85.93124999999999,6.088541666666667,1.4369791666666665,,7.883333333333333,,,1.8293424,1.6983466,0.0361072,3.563796199999993,4.598716764,0,0.7504249811172485
2014-05-24,23.347916666666663,,,88.3,6.285416666666666,1.5214583333333334,,7.876041666666667,,,0.26735604,1.8293424,1.6983466,3.795045039999993,3.8874170439999998,0,1.6623455286026
2014-05-25,23.784375,,,87.16458333333333,6.138541666666666,1.5479166666666666,,7.847916666666666,,,0.10478244,0.26735604,1.8293424,2.2014808799999925,3.958431922,0,0.8588146567344666
2014-05-26,24.146875,,,86.28854166666667,6.052083333333333,1.4858333333333331,,7.816666666666666,,,0.23211306,0.10478244,0.26735604,0.6042515399999929,4.16804774,0,1.624589920043945
2014-05-27,24.67395833333333,,,87.69895833333334,6.15625,1.3404166666666668,,7.808333333333334,,,0.45125774,0.23211306,0.10478244,0.7881532399999929,4.6193054799999995,0,
2014-05-28,25.354166666666668,,,87.88229166666667,6.127083333333334,1.27875,,7.805208333333333,,,3.0172877,0.45125774,0.23211306,3.7006584999999927,7.60048598,0,3.059855937957764
2014-05-29,25.344791666666666,,,85.96666666666665,5.954166666666667,1.4522916666666663,,7.820833333333333,,,3.2812974,3.0172877,0.45125774,6.749842839999992,9.183436780000001,0,0.8564401865005493
2014-05-30,25.2125,,,86.34375,5.963541666666667,1.5755208333333333,,7.829166666666667,,,1.4453406,3.2812974,3.0172877,7.743925699999993,8.799434980000001,0,
2014-05-31,24.996875,,,85.29062499999999,5.917708333333334,1.5369791666666668,,7.805208333333333,,,0.105271645,1.4453406,3.2812974,4.831909644999993,8.637350585,0,2.013082265853882
2014-06-01,23.823958333333334,,,92.15833333333336,6.495833333333334,1.5791666666666666,,7.840625,,,0.09562261,0.105271645,1.4453406,1.6462348549999928,8.628190755,0,1.7137701511383057
2014-06-02,24.128125,,,92.15104166666669,6.446875,1.5077083333333334,,7.839583333333334,,,0.0,0.09562261,0.105271645,0.2008942549999929,8.396077695,0,1.7683595418930054
2014-06-03,25.047916666666666,48.2434,31.43,89.44895833333334,6.16875,1.289375,,7.83125,8.06,,0.004601285,0.0,0.09562261,0.10022389499999289,7.94942124,0,1.264622688293457
2014-06-04,26.041666666666668,46.13458333333333,29.901041666666668,87.99062500000001,6.0,1.0853125,,7.853124999999999,6.694736842105264,,0.05193013,0.004601285,0.0,0.056531414999992896,4.98406367,0,2.0205078125
2014-06-05,26.272916666666664,41.60010416666667,26.64375,86.08437500000001,5.973958333333333,0.99625,,7.839583333333334,12.936170212765957,,3.1387339,0.05193013,0.004601285,3.195265314999993,4.84150017,0,1.0449059009552002
2014-06-06,26.135416666666668,42.474895833333335,27.28333333333333,78.14791666666666,5.416666666666667,1.1352083333333334,,7.797916666666667,10.9375,,3.9821956,3.1387339,0.05193013,7.1728596299999925,7.378355170000001,0,0.7424807548522949
2014-06-07,25.901041666666668,46.68510416666667,30.307291666666668,83.67083333333333,5.727083333333333,1.2164583333333334,,7.792708333333334,8.729166666666666,,1.183266,3.9821956,3.1387339,8.304195499999993,8.456349525,0,0.7489742040634155
2014-06-08,26.085416666666664,47.145833333333336,30.634375,78.903125,5.377083333333334,1.1409375,,7.743749999999999,9.395833333333334,,0.12928069,1.183266,3.9821956,5.294742289999992,8.490007605,0,
2014-06-09,26.102083333333336,46.45302083333333,30.141666666666666,78.10625,5.338541666666667,1.1135416666666669,,7.714583333333334,16.365591397849464,,1.567258,0.12928069,1.183266,2.879804689999993,10.057265605000001,0,0.1314323097467422
2014-06-10,26.88854166666667,46.2978125,30.00625,77.93229166666667,5.2625,1.0915625,,7.696874999999999,9.989583333333334,,9.315608,1.567258,0.12928069,11.012146689999993,19.368272320000003,0,0.6642937660217285
2014-06-11,27.353125,47.39864583333334,30.79479166666667,79.08229166666666,5.2625,1.1040625,,7.688541666666667,8.010416666666666,,3.6437035,9.315608,1.567258,14.526569499999994,22.960045689999998,0,1.57075834274292
2014-06-12,27.175,48.84104166666666,31.84375,79.625,5.289583333333334,1.1967708333333331,,7.707291666666666,6.885416666666667,,7.238459,3.6437035,9.315608,20.19777049999999,27.05977079,0,0.2892717123031616
2014-06-13,26.78125,49.212812500000005,32.123958333333334,77.159375,5.151041666666667,1.1897916666666666,,7.717708333333333,11.351063829787234,,1.4883894,7.238459,3.6437035,12.370551899999992,24.56596459,0,0.997291386127472
2014-06-14,26.76354166666667,49.7540625,32.51979166666667,78.6375,5.2375,1.20125,,7.716666666666666,13.86046511627907,,8.280618,1.4883894,7.238459,17.00746639999999,31.66331659,0,0.9594681262969972
2014-06-15,26.894791666666663,50.88822916666667,33.344791666666666,80.89791666666666,5.34375,1.3114583333333334,,7.752083333333334,6.813186813186813,,0.82636696,8.280618,1.4883894,10.595374359999992,32.36040286,0,
2014-06-16,27.479166666666668,51.15770833333334,33.525,84.45,5.51875,1.255,,7.778125,13.336842105263155,,0.0,0.82636696,8.280618,9.106984959999991,30.79314486,0,1.0850615501403809
2014-06-17,27.832631578947368,51.71715789473684,33.93052631578947,83.96315789473684,5.435789473684211,1.2698947368421052,,7.795789473684211,14.186046511627907,,0.802506,0.0,0.82636696,1.6288729599999912,22.28004286,0,0.7139462232589722
2014-06-18,27.79375,51.81333333333333,34.0,85.65104166666667,5.554166666666667,1.3478125,,7.829166666666667,,,0.64609164,0.802506,0.0,1.4485976399999911,19.282431000000003,0,1.5930448770523071
2014-06-19,27.804166666666664,51.48791666666667,33.76354166666667,81.76666666666667,5.315625,1.3217708333333331,,7.826041666666666,,,0.59640527,0.64609164,0.802506,2.045002909999991,12.640377270000002,0,1.0813366174697876
2014-06-20,27.84895833333333,51.08020833333333,33.459375,76.42395833333333,4.979166666666667,1.2953125,,7.778125,,,12.785438,0.59640527,0.64609164,14.02793490999999,23.937425870000002,0,0.5977396368980408
2014-06-21,27.496875,50.92739583333333,33.358333333333334,77.32604166666667,5.075,1.3139583333333331,,7.755208333333333,,,9.449156,12.785438,0.59640527,22.830999269999992,25.105963870000004,0,0.9619735479354858
2014-06-22,27.525,50.95572916666666,33.38333333333333,74.40104166666667,4.885416666666667,1.3551041666666668,,7.708333333333333,,,14.001047,9.449156,12.785438,36.235640999999994,38.28064391,0,
2014-06-23,27.634375,51.583020833333336,33.840625,80.46041666666666,5.251041666666667,1.4957291666666668,,7.735416666666667,,,0.11746035,14.001047,9.449156,23.567663349999993,38.398104260000004,0,2.0873465538024902
2014-06-24,27.941666666666663,51.903333333333336,34.065625000000004,76.52604166666667,4.966666666666667,1.4553125,,7.704166666666667,,,0.6186189,0.11746035,14.001047,14.73712624999999,38.21421716,0,0.2024621665477752
2014-06-25,28.51875,50.90895833333334,33.317708333333336,76.37708333333333,4.922916666666667,1.364375,,7.661458333333333,,,2.5409389,0.6186189,0.11746035,3.277018149999991,40.10906442,0,0.4799858331680298
2014-06-26,28.819791666666664,50.51208333333333,33.015625,78.29270833333334,5.026041666666667,1.3325,,7.676041666666666,,,2.562709,2.5409389,0.6186189,5.722266799999991,42.07536815,0,1.449110746383667
2014-06-27,28.667708333333334,50.76,33.20520833333333,72.97395833333333,4.695833333333334,1.4348958333333333,,7.690625,,,10.777213,2.562709,2.5409389,15.880860899999991,40.06714315,0,0.2487027645111084
2014-06-28,27.245833333333334,51.28833333333333,33.63645833333333,70.471875,4.636458333333334,1.5465625,,7.703125,,,6.175436,10.777213,2.562709,19.515357999999992,36.79342315,0,0.2898705303668976
2014-06-29,27.132291666666664,52.07927083333333,34.22083333333333,86.30416666666667,5.65,1.5720833333333333,,7.788541666666667,,,0.059005752,6.175436,10.777213,17.01165475199999,22.851381902,0,0.3936774134635925
2014-06-30,27.93541666666667,52.28916666666667,34.35104166666667,87.128125,5.619791666666667,1.4529166666666666,,7.774999999999999,,,0.23461062,0.059005752,6.175436,6.469052371999991,22.968532172,0,0.5144546031951904
2014-07-01,28.846875,52.391979166666665,34.39895833333333,86.74062500000001,5.508333333333333,1.3926041666666666,,7.826041666666666,6.294117647058823,,0.0,0.23461062,0.059005752,0.29361637199999113,22.349913272000002,0,1.942596793174744
2014-07-02,29.72395833333333,51.7178125,33.878125,83.72812499999999,5.260416666666667,1.3501041666666669,,7.848958333333333,6.520833333333333,,0.35077077,0.0,0.23461062,0.5853813899999911,20.159745142000002,0,1.6926034688949585
2014-07-03,27.792708333333334,49.465,32.28541666666667,76.8625,5.059375,1.456041666666667,,7.806249999999999,8.1875,,7.4223013,0.35077077,0.0,7.773072069999991,25.019337442,0,
2014-07-04,27.085416666666664,45.873125,29.68125,84.27291666666666,5.659375,1.237083333333333,,7.763541666666666,11.458333333333334,,22.081917,7.4223013,0.35077077,29.85498906999999,36.324041442,1,2.0872223377227783
2014-07-05,27.05208333333333,49.28072916666667,32.166666666666664,89.50937499999999,5.940625,1.5747916666666668,,7.871875,6.083333333333333,,0.5880836,22.081917,7.4223013,30.092301899999992,30.736689042000005,0,2.164418935775757
2014-07-06,26.584375,49.84979166666667,32.594791666666666,82.13229166666666,5.486458333333334,1.4846875,,7.844791666666667,5.145833333333333,,0.7492244,0.5880836,22.081917,23.419224999999994,31.426907690000007,0,0.6634455323219299
2014-07-07,27.125,49.06760416666666,32.01145833333333,75.25520833333333,4.99375,1.3607291666666663,,7.789583333333333,7.96875,,0.7677282,0.7492244,0.5880836,2.105036199999989,31.960025270000006,0,1.3458445072174072
2014-07-08,27.940625,48.15739583333333,31.325,79.38333333333334,5.226041666666666,1.3044791666666666,,7.803125,10.354166666666666,,0.2271819,0.7677282,0.7492244,1.7441344999999893,32.18720717000001,0,
2014-07-09,28.34375,47.736250000000005,31.007291666666664,80.059375,5.239583333333333,1.3284375,,7.835416666666667,11.021052631578948,,0.84664685,0.2271819,0.7677282,1.841556949999989,32.68308325,0,0.1906930655241012
2014-07-10,27.684375,47.7390625,31.035416666666663,76.49166666666666,5.063541666666667,1.3829166666666666,,7.838541666666667,11.010416666666666,,10.620416,0.84664685,0.2271819,11.694244749999989,35.88119795,0,
2014-07-11,27.179166666666664,47.208958333333335,30.6625,73.49270833333334,4.91875,1.414791666666667,,7.813541666666667,10.708333333333334,,20.666948,10.620416,0.84664685,32.134010849999996,34.46622895,1,
2014-07-12,28.480208333333334,49.548854166666665,32.32395833333333,79.38125000000001,5.126041666666667,1.4539583333333337,,7.837499999999999,9.63157894736842,,2.9515817,20.666948,10.620416,34.238945699999995,36.82972705000001,0,1.3123500347137451
2014-07-13,28.87708333333333,50.55260416666667,33.04270833333333,80.74062500000001,5.171875,1.4727083333333333,,7.841666666666666,7.177083333333333,,0.027382042,2.9515817,20.666948,23.645911741999996,36.107884692000006,0,1.074376940727234
2014-07-14,29.009375,50.60395833333333,33.078125,81.19479166666666,5.190625,1.3663541666666663,,7.826041666666666,7.840425531914893,,0.37397176,0.027382042,2.9515817,3.352935501999993,35.714128252,0,0.8580284118652344
2014-07-15,27.698958333333334,47.379375,30.852083333333336,80.45520833333333,5.339583333333334,1.2711458333333334,,7.805208333333333,23.247311827956988,,12.213195,0.37397176,0.027382042,12.614548801999995,47.700141352,0,
2014-07-16,26.651041666666668,46.309895833333336,30.0375,74.55104166666666,5.042708333333334,1.2452083333333337,,7.765625,15.572916666666666,,18.738092,12.213195,0.37397176,31.325258759999997,65.59158650200001,1,
2014-07-17,27.29375,48.38364583333333,31.508333333333336,85.090625,5.620833333333334,1.3793749999999998,,7.828125,9.083333333333334,,9.28194,18.738092,12.213195,40.233227,64.253110502,0,
2014-07-18,27.438541666666666,50.384375,32.963541666666664,85.39479166666666,5.603125,1.4847916666666665,,7.844791666666667,7.09375,,1.8139069,9.28194,18.738092,29.8339389,45.40006940200001,0,2.093666076660156
2014-07-19,27.01458333333333,51.1690625,33.552083333333336,81.05833333333334,5.342708333333333,1.425625,,7.81875,7.489583333333333,,4.33805,1.8139069,9.28194,15.433896899999997,46.786537702000004,0,0.1327419131994247
2014-07-20,28.078125,51.05166666666667,33.43958333333333,75.41979166666667,4.889583333333333,1.389375,,7.736458333333334,7.583333333333333,,2.0281599,4.33805,1.8139069,8.180116799999997,48.78731556000001,0,0.887945294380188
2014-07-21,27.621875,50.660625,33.16458333333333,70.015625,4.582291666666666,1.449375,,7.694791666666667,6.9375,,18.638083,2.0281599,4.33805,25.0042929,67.0514268,1,0.031028589233756
2014-07-22,27.260416666666668,48.200520833333336,31.37291666666667,71.02395833333334,4.722916666666666,1.4284375,,7.660416666666666,8.09375,,5.819131,18.638083,2.0281599,26.4853739,60.65736280000001,0,0.5777822732925415
2014-07-23,28.103125,46.9078125,30.407291666666666,72.92083333333333,4.809375,1.3462500000000002,,7.630208333333333,8.404255319148936,,2.0874848,5.819131,18.638083,26.5446988,44.006755600000005,0,0.8464115262031555
2014-07-24,28.74895833333333,46.3715625,30.00208333333333,80.97812499999999,5.294791666666667,1.303125,,7.686458333333333,10.03125,,5.344066,2.0874848,5.819131,13.250681799999995,40.068881600000005,0,
2014-07-25,27.773958333333336,46.62229166666666,30.214583333333334,75.50833333333334,5.011458333333334,1.396875,,7.716666666666666,7.697916666666667,,10.010919,5.344066,2.0874848,17.442469799999994,48.26589370000001,0,3.822220087051392
2014-07-26,28.4875,47.84552083333333,31.079166666666666,80.59583333333333,5.251041666666667,1.4288541666666663,,7.729166666666667,6.71875,,0.9050075,10.010919,5.344066,16.259992499999996,44.8328512,0,0.9467071294784546
2014-07-27,29.079166666666666,47.95239583333333,31.140625,83.44583333333334,5.389583333333333,1.3626041666666666,,7.711458333333333,8.15625,,4.9302764,0.9050075,10.010919,15.846202899999996,47.734967700000006,0,0.896231472492218
2014-07-28,29.0375,46.44072916666667,30.05208333333333,84.596875,5.496875,1.2704166666666663,,7.703125,9.875,,1.8355317,4.9302764,0.9050075,7.6708155999999965,30.9324164,0,6.102956295013428
2014-07-29,28.42708333333333,46.8453125,30.36458333333333,85.45625,5.589583333333334,1.4057291666666665,,7.747916666666666,7.78125,,3.7562966,1.8355317,4.9302764,10.522104699999996,28.869582000000005,0,2.073112726211548
2014-07-30,28.4,48.62125,31.65,86.70729166666666,5.633333333333333,1.4903125,,7.780208333333333,5.854166666666667,,0.025342697,3.7562966,1.8355317,5.617170996999997,26.807439897000002,0,1.1284043788909912
2014-07-31,27.796875,49.346562500000005,32.19583333333333,82.640625,5.415625,1.477291666666667,,7.774999999999999,6.5,,1.777922,0.025342697,3.7562966,5.559561296999997,23.241295897000004,0,0.0815140008926391
2014-08-01,26.80625,48.87197916666667,31.878125,77.23333333333333,5.1625000000000005,1.4178125,,7.697916666666667,8.958333333333334,,23.349874,1.777922,0.025342697,25.153138696999996,36.580250897000006,1,
2014-08-02,26.021875,45.59979166666667,29.51875,66.05624999999999,4.533333333333333,1.3623958333333333,,7.598958333333333,9.135416666666666,,30.91799,23.349874,1.777922,56.04578599999999,66.593233397,1,
2014-08-03,25.197916666666668,40.83677083333333,26.14583333333333,65.80312500000001,4.675,1.3688541666666667,,7.557291666666667,23.0,,27.36828,30.91799,23.349874,81.63614399999999,89.03123699700001,1,
2014-08-04,25.24375,40.7065625,26.05,63.68645833333333,4.509375,1.3926041666666666,,7.551041666666666,11.520833333333334,,17.21622,27.36828,30.91799,75.50249,104.411925297,0,
2014-08-05,26.26770833333333,42.3225,27.179166666666664,66.96458333333334,4.623958333333333,1.4394791666666666,,7.609375,9.333333333333334,,11.167191,17.21622,27.36828,55.751690999999994,111.822819697,0,1.7056211233139038
2014-08-06,27.34270833333333,43.7046875,28.136458333333334,72.65208333333334,4.9125000000000005,1.4565625000000002,,7.642708333333334,9.1875,,0.3670301,11.167191,17.21622,28.750441099999996,112.16450710000001,0,0.5458333492279053
2014-08-07,27.84270833333333,44.3253125,28.56770833333333,71.88125000000001,4.811458333333333,1.4973958333333333,,7.665624999999999,8.697916666666666,,2.1475983,0.3670301,11.167191,13.681819399999997,112.5341834,0,0.0817621424794197
2014-08-08,27.785416666666663,45.23708333333334,29.219791666666666,79.32083333333334,5.297916666666667,1.5962500000000002,,7.7375,8.031578947368422,,1.0730255,2.1475983,0.3670301,3.5876538999999963,90.25733490000002,0,
2014-08-09,27.157291666666666,47.7965625,31.079166666666666,77.97291666666666,5.207291666666666,1.5929166666666663,,7.75,9.072916666666666,,6.061551,1.0730255,2.1475983,9.282174799999996,65.40089590000001,0,
2014-08-10,26.416666666666668,45.28083333333333,29.28125,77.64166666666667,5.297916666666667,1.5466666666666666,,7.722916666666666,11.083333333333334,,1.4164258,6.061551,1.0730255,8.551002299999997,39.44904170000001,0,0.4385964572429657
2014-08-11,27.336458333333336,45.42427083333333,29.35729166666667,85.22708333333334,5.71875,1.5220833333333337,,7.753125,9.708333333333334,,0.18133254,1.4164258,6.061551,7.6593093399999965,22.414154240000006,0,1.0433553457260132
2014-08-12,28.2625,46.82145833333333,30.34166666666667,83.93541666666667,5.514583333333333,1.434375,,7.7043478260869565,6.608695652173913,,2.686901,0.18133254,1.4164258,4.284659339999997,13.933864240000005,0,2.119616270065308
2014-08-13,28.6125,46.7921875,30.313541666666666,85.02291666666666,5.55,1.3873958333333334,,,,,8.308188,2.686901,0.18133254,11.176421539999996,21.875022140000006,0,3.360402107238769
2014-08-14,27.944791666666664,49.193645833333335,32.07604166666667,88.21041666666667,5.7625,1.5042708333333332,,,,,0.24667357,8.308188,2.686901,11.241762569999997,19.974097410000006,0,2.1015167236328125
2014-08-15,28.03645833333333,49.37510416666667,32.20729166666667,87.73645833333335,5.726041666666667,1.5692708333333334,,,,,0.071186826,0.24667357,8.308188,8.626048395999996,18.972258736000008,0,1.5535485744476318
2014-08-16,27.825,48.7425,31.758333333333336,78.73541666666667,5.176041666666666,1.5501041666666666,,,,,3.6670334,0.071186826,0.24667357,3.9848937959999966,16.577741136000007,0,3.456989526748657
2014-08-17,28.31458333333333,47.50125,30.8375,76.00520833333333,4.970833333333333,1.4029166666666668,,,,,0.19938228,3.6670334,0.071186826,3.9376025059999966,15.360697616000007,0,0.6318496465682983
2014-08-18,28.819791666666664,45.570729166666666,29.43125,74.29583333333333,4.854166666666667,1.3144791666666666,,,,,4.771302,0.19938228,3.6670334,8.637717679999998,19.95066707600001,0,3.2059271335601807
2014-08-19,28.766666666666666,43.3878125,27.87395833333333,76.62291666666667,5.060416666666667,1.3472916666666668,,,,,15.335731,4.771302,0.19938228,20.306415279999996,32.599497076000006,0,0.849541187286377
2014-08-20,28.534375,44.143125,28.417708333333334,67.78645833333333,4.486458333333333,1.4839583333333335,,,,,2.3182771,15.335731,4.771302,22.425310099999997,26.609586176000008,0,2.475597620010376
2014-08-21,28.81770833333333,44.99322916666667,29.021875,68.27187500000001,4.48125,1.5396875,,,,,1.195844,2.3182771,15.335731,18.849852099999996,27.558756606000006,0,0.4374557733535766
2014-08-22,29.073958333333334,44.92625,28.96875,72.40416666666667,4.735416666666667,1.4775,,,,,3.586712,1.195844,2.3182771,7.1008330999999965,31.074281780000007,0,0.2366638779640197
2014-08-23,28.7625,45.998020833333335,29.745833333333334,71.65520833333333,4.690625,1.5434374999999998,,,,,1.319128,3.586712,1.195844,6.101683999999996,28.726376380000005,0,0.9973965287208556
2014-08-24,27.66979166666667,48.5628125,31.63125,80.66458333333334,5.314583333333333,1.7132291666666666,,,,,0.34385008,1.319128,3.586712,5.249690079999997,28.870844180000006,0,0.3497805297374725
2014-08-25,26.196875,50.42989583333334,33.032291666666666,84.14687500000001,5.652083333333334,1.7813541666666666,,,,,0.0,0.34385008,1.319128,1.6629780799999965,24.099542180000007,0,0.2433893829584121
2014-08-26,26.06770833333333,50.53354166666667,33.109375,84.98854166666666,5.7093750000000005,1.741875,,,,,0.0,0.0,0.34385008,0.34385007999999645,8.763811180000006,0,2.058549404144287
2014-08-27,26.54479166666667,50.1225,32.79270833333333,82.31458333333333,5.491666666666667,1.6736458333333333,,,,,0.030507887,0.0,0.0,0.030507886999996448,6.476041967000008,0,1.9130959510803225
2014-08-28,27.438541666666666,50.25635416666666,32.86770833333333,81.58958333333334,5.355208333333334,1.5242708333333337,,,,,0.014739199,0.030507887,0.0,0.045247085999996446,5.2949371660000075,0,0.6724361181259155
2014-08-29,28.25625,49.4171875,32.228125,81.89895833333334,5.320833333333334,1.4902083333333334,,,,,0.45324892,0.014739199,0.030507887,0.49849600599999644,2.1614740860000072,0,0.6317697167396545
2014-08-30,29.1125,48.88010416666666,31.8125,81.44375000000001,5.228125,1.5414583333333332,,,,,0.5461857,0.45324892,0.014739199,1.0141738189999965,1.388531786000007,0,2.6141834259033203
2014-08-31,29.66979166666667,47.81010416666667,31.009375,77.45833333333333,4.954166666666667,1.5166666666666666,,,,,0.025527842,0.5461857,0.45324892,1.0249624619999964,1.0702095480000071,0,0.1464598625898361
2014-09-01,29.76354166666667,46.266875,29.89270833333333,67.22857142857143,4.338095238095238,1.4645833333333331,,,,,0.05638812,0.025527842,0.5461857,0.6281016619999963,1.1265976680000072,0,1.0744056701660156
2014-09-02,29.52083333333333,46.13395833333333,29.804166666666664,,,1.4128125,,,,,0.65438354,0.05638812,0.025527842,0.7362995019999964,1.7809812080000071,0,0.8919295072555542
2014-09-03,29.335416666666664,45.531979166666666,29.378125,,,1.4042708333333334,,,,,0.7732021,0.65438354,0.05638812,1.4839737599999965,2.523675421000007,0,1.7770235538482666
2014-09-04,29.27916666666667,45.637708333333336,29.460416666666664,,,1.4712500000000002,,,,,5.100684,0.7732021,0.65438354,6.528269639999997,7.609620222000007,0,2.0608818531036377
2014-09-05,29.265625,47.45791666666667,30.777083333333334,,,1.5091666666666663,,,,,4.159718,5.100684,0.7732021,10.033604099999998,11.316089302000007,0,1.094266414642334
2014-09-06,28.210416666666664,47.303020833333335,30.69375,,,1.5090625,,,,,1.0193043,4.159718,5.100684,10.279706299999997,11.789207902000006,0,2.331494808197021
2014-09-07,27.972916666666663,47.29614583333333,30.697916666666668,,,1.5342708333333333,,,,,9.998992,1.0193043,4.159718,15.178014299999994,21.762672060000007,0,0.5577124357223511
2014-09-08,27.26875,45.50625,29.428125,,,1.612083333333333,,,,,18.446169,9.998992,1.0193043,29.464465299999993,40.15245294,1,
2014-09-09,26.961458333333336,47.44958333333333,30.84166666666667,75.24259259259259,5.007407407407407,1.5180208333333332,,,8.46,,13.580175,18.446169,9.998992,42.025335999999996,53.07824440000001,0,0.0195226930081844
2014-09-10,27.309375,50.55041666666667,33.09375,75.95416666666667,4.992708333333334,1.5858333333333334,,,5.597560975609756,,0.6504834,13.580175,18.446169,32.67682739999999,52.95552570000001,0,2.9363574981689453
2014-09-11,27.89583333333333,51.2371875,33.577083333333334,80.98020833333334,5.261458333333334,1.6147916666666668,,,5.988372093023256,,0.0205035,0.6504834,13.580175,14.251161899999998,47.87534520000001,0,1.0239036083221436
2014-09-12,28.121875,50.506875,33.032291666666666,78.46041666666666,5.1000000000000005,1.5272916666666667,,,5.625,,2.0470443,0.0205035,0.6504834,2.7180311999999964,45.76267150000001,0,0.6196485757827759
2014-09-13,27.95104166666667,47.01989583333333,30.49791666666667,77.75,5.133333333333334,1.6327083333333334,,,5.211764705882353,,4.303876,2.0470443,0.0205035,6.371423799999996,49.04724320000001,0,0.8048073649406433
2014-09-14,27.113541666666663,48.19302083333333,31.376041666666666,78.14687500000001,5.207291666666666,1.6879166666666665,,,4.011904761904762,,4.875545,4.303876,2.0470443,11.226465299999996,43.923796200000005,0,0.0371536016464233
2014-09-15,26.13125,49.45854166666667,32.32604166666667,76.93541666666667,5.183333333333334,1.7395833333333333,,,3.2098765432098766,,0.6207932,4.875545,4.303876,9.800214199999996,26.098420400000006,0,0.4742876589298248
2014-09-16,26.428125,49.16354166666667,32.09583333333333,76.60416666666667,5.139583333333333,1.6432291666666667,,,3.36144578313253,,1.6618601,0.6207932,4.875545,7.158198299999996,14.180105500000007,0,2.9371113777160645
2014-09-17,26.808333333333334,48.973645833333336,31.94375,81.18229166666667,5.411458333333333,1.6716666666666666,,,3.25,,5.425717,1.6618601,0.6207932,7.708370299999996,18.955339100000003,0,1.1709506511688232
2014-09-18,26.688541666666666,49.360625,32.233333333333334,79.90104166666667,5.339583333333334,1.7445833333333332,,,3.081395348837209,,0.4339119,5.425717,1.6618601,7.521488999999995,19.368747500000005,0,0.7973808646202087
2014-09-19,25.496875,49.876875000000005,32.64479166666667,81.5625,5.554166666666667,1.8057291666666664,,,3.797752808988764,,1.4358176,0.4339119,5.425717,7.295446499999996,18.757520800000005,0,7.210823535919189
2014-09-20,24.390625,50.43177083333333,33.071875,81.034375,5.605208333333334,1.7522916666666666,,,3.4946236559139785,,13.224219,1.4358176,0.4339119,15.093948499999996,27.677863800000004,0,
2014-09-21,24.703125,50.39895833333333,33.04375,83.07916666666667,5.713541666666667,1.5816666666666668,,,3.4408602150537635,,8.873926,13.224219,1.4358176,23.533962599999995,31.676244800000006,0,1.569344162940979
2014-09-22,25.117708333333336,49.40979166666667,32.309375,80.50208333333333,5.528125,1.442395833333333,,,4.011111111111111,,0.027119419,8.873926,13.224219,22.125264418999997,31.082571019000007,0,1.2417094707489014
2014-09-23,24.016666666666666,49.232708333333335,32.20104166666667,78.41979166666667,5.492708333333333,1.6211458333333333,,,3.943820224719101,,23.39113,0.027119419,8.873926,32.292175418999996,52.811840919000005,1,
2014-09-24,22.4,49.04958333333334,32.09583333333333,82.86041666666667,5.966666666666666,1.674791666666667,,,4.4361702127659575,,25.494928,23.39113,0.027119419,48.913177419,72.88105191900002,1,
2014-09-25,23.421875,48.869375,31.941666666666663,79.98333333333333,5.658333333333334,1.6,,,3.895348837209302,,6.1494756,25.494928,23.39113,55.0355336,78.59661561900002,0,
2014-09-26,23.259375,48.915937500000005,31.98229166666667,80.21041666666666,5.694791666666667,1.7504166666666665,,,3.3448275862068964,,5.5217733,6.1494756,25.494928,37.166176899999996,82.682571319,0,9.324005126953123
2014-09-27,23.227083333333336,49.0634375,32.083333333333336,87.29166666666667,6.198958333333334,1.8161458333333331,,,3.431578947368421,,0.04115685,5.5217733,6.1494756,11.712405749999997,69.49950916900002,0,3.2096190452575684
2014-09-28,23.85833333333333,48.98614583333333,32.020833333333336,87.28125,6.127083333333334,1.6561458333333334,,,3.369565217391304,,0.11604094,0.04115685,5.5217733,5.678971089999997,60.741624109000014,0,0.8744000792503357
2014-09-29,23.98229166666667,48.322187500000005,31.538541666666664,79.14270833333333,5.571875,1.4920833333333334,,,3.831460674157303,,7.106345,0.11604094,0.04115685,7.263542789999996,67.82084969,0,
2014-09-30,24.10729166666667,47.438229166666666,30.882291666666664,83.83125,5.890625,1.4584374999999998,,,3.630434782608696,,4.198945,7.106345,0.11604094,11.421330939999997,48.62866469000001,0,3.0908710956573486
2014-10-01,24.541666666666668,47.159062500000005,30.672916666666666,84.16458333333334,5.8812500000000005,1.474375,,,3.4186046511627906,,0.0,4.198945,7.106345,11.305289999999996,23.133736690000006,0,3.404449701309204
2014-10-02,24.69375,46.77197916666666,30.38958333333333,79.74166666666666,5.575,1.5508333333333333,,,3.135802469135802,,0.0,0.0,4.198945,4.198944999999997,16.984261090000007,0,2.5374414920806885
2014-10-03,25.053125,46.42166666666666,30.136458333333334,79.97916666666667,5.557291666666667,1.6111458333333333,,,3.367088607594937,,0.13125248,0.0,0.0,0.13125247999999645,11.593740270000007,0,0.8919589519500732
2014-10-04,24.746875,45.35511111111112,29.355555555555554,81.38645833333334,5.720833333333334,1.5288541666666668,,,3.917647058823529,,9.144428,0.13125248,0.0,9.275680479999997,20.697011420000006,0,3.868605136871338
2014-10-05,22.753125,,,81.43229166666667,5.939583333333334,1.676979166666667,,,3.075,,0.0,9.144428,0.13125248,9.275680479999997,20.580970480000005,0,1.823627471923828
2014-10-06,22.53333333333333,,,81.55104166666666,5.998958333333333,1.6428125,,,3.68,,0.0,0.0,9.144428,9.144427999999996,13.474625480000007,0,2.1980879306793213
2014-10-07,22.88854166666667,,,80.17083333333333,5.86875,1.5139583333333333,,,4.391891891891892,,10.0869255,0.0,0.0,10.086925499999996,19.362605980000005,0,
2014-10-08,24.09583333333333,,,83.28958333333334,5.9750000000000005,1.3876041666666667,,,4.530864197530864,,0.12581205,10.0869255,0.0,10.212737549999996,19.488418030000005,0,2.342951774597168
2014-10-09,23.81875,,,82.92083333333333,6.009375,1.4327083333333333,,,5.9156626506024095,,0.40746745,0.12581205,10.0869255,10.620204999999997,19.895885480000004,0,3.455793857574463
2014-10-10,23.99791666666667,,,83.51666666666667,6.023958333333333,1.4522916666666663,,,3.576923076923077,,0.43598345,0.40746745,0.12581205,0.9692629499999965,20.200616450000005,0,1.884446620941162
2014-10-11,24.79479166666667,,,83.76145833333334,5.876041666666667,1.3630208333333331,,,4.025,,1.7145474,0.43598345,0.40746745,2.557998299999997,12.770735850000007,0,2.1811683177948
2014-10-12,23.74375,,,78.796875,5.5875,1.4748958333333333,,,3.935897435897436,,1.4065301,1.7145474,0.43598345,3.557060949999997,14.177265950000006,0,1.3542063236236572
2014-10-13,23.979166666666668,,,84.06979166666666,5.8875,1.4865625,,,3.727272727272727,,0.5337778,1.4065301,1.7145474,3.6548552999999964,14.711043750000007,0,0.9698570370674132
2014-10-14,24.72395833333333,50.73916666666667,33.28611111111111,84.51666666666667,5.823958333333334,1.438229166666667,,7.786111111111111,2.611111111111111,,0.5961083,0.5337778,1.4065301,2.536416199999996,5.220226550000007,0,1.714220643043518
2014-10-15,24.008333333333336,48.35989583333333,31.565625,78.17604166666666,5.492708333333333,1.3259375,,7.698958333333334,,,22.04064,0.5961083,0.5337778,23.170526099999996,27.135054500000006,1,
2014-10-16,22.240625,46.84520833333334,30.488541666666663,75.38437499999999,5.492708333333333,1.2907291666666667,,7.684375,,,7.8257365,22.04064,0.5961083,30.4624848,34.55332355000001,0,1.614712834358215
2014-10-17,21.492708333333336,46.53916666666667,30.28125,80.17916666666666,5.93125,1.3207291666666667,,7.717708333333333,,,0.0,7.8257365,22.04064,29.866376499999994,34.11734010000001,0,1.602062463760376
2014-10-18,21.620833333333334,45.805104166666666,29.742708333333336,85.671875,6.345833333333334,1.3001041666666666,,7.743749999999999,,,0.0,0.0,7.8257365,7.825736499999996,32.402792700000006,0,1.6195533275604248
2014-10-19,21.021875,47.600625,31.04895833333333,88.753125,6.596875,1.4146875,,7.803125,,,0.50963145,0.0,0.0,0.5096314499999964,31.505894050000006,0,2.174098491668701
2014-10-20,20.934375,49.46770833333333,32.41979166666667,88.22916666666667,6.516666666666667,1.506875,,7.84375,,,0.047080945,0.50963145,0.0,0.5567123949999965,31.019197195000007,0,1.945549249649048
2014-10-21,21.657291666666666,49.982708333333335,32.79270833333333,88.52916666666665,6.429166666666667,1.4188541666666667,,7.846875,,,1.2815628,0.047080945,0.50963145,1.8382751949999965,31.704651695000006,0,2.2803256511688232
2014-10-22,20.697916666666668,50.288125,33.01979166666667,89.40833333333335,6.602083333333333,1.3621875,,7.853124999999999,,,0.94459,1.2815628,0.047080945,2.273233744999996,10.608601695000006,0,2.3108081817626958
2014-10-23,19.7625,51.236250000000005,33.723958333333336,91.34895833333331,6.832291666666666,1.436875,,7.889583333333333,,,0.101578034,0.94459,1.2815628,2.3277308339999965,2.884443229000007,0,2.6516830921173096
2014-10-24,19.766666666666666,51.65739583333333,34.030208333333334,90.35729166666664,6.757291666666667,1.5961458333333332,,7.905208333333333,,,0.66322464,0.101578034,0.94459,1.7093926739999965,3.5476678690000067,0,2.583001613616944
2014-10-25,20.14375,51.693958333333335,34.04895833333333,90.38958333333332,6.707291666666666,1.5648958333333332,,7.888541666666668,,,0.0,0.66322464,0.101578034,0.7648026739999965,3.5476678690000067,0,1.562594652175903
2014-10-26,20.134375,51.52677083333333,33.93125,91.32083333333333,6.777083333333334,1.44125,,7.869791666666667,,,0.0,0.0,0.66322464,0.6632246399999965,3.038036419000007,0,1.7249590158462524
2014-10-27,20.740625,51.48333333333333,33.901041666666664,91.41979166666664,6.702083333333333,1.4667708333333334,,7.867708333333334,,,0.0,0.0,0.0,0.0,2.990955474000007,0,1.6716639995574951
2014-10-28,21.426041666666663,51.4328125,33.854166666666664,91.62708333333336,6.635416666666667,1.4901041666666668,,7.863541666666666,,,0.009751758,0.0,0.0,0.009751757999996447,1.719144432000007,0,1.8794362545013428
2014-10-29,21.96875,51.145520833333336,33.6375,89.45937500000001,6.433333333333334,1.4227083333333337,,7.829166666666667,,,2.0582235,0.009751758,0.0,2.0679752579999966,2.832777932000007,0,13.09847354888916
2014-10-30,21.38020833333333,50.9665625,33.51354166666667,89.503125,6.509375,1.4284375,,7.852083333333333,,,1.729481,2.0582235,0.009751758,3.797456257999997,4.460680898000007,0,2.765800714492798
2014-10-31,19.9875,51.94541666666667,34.24166666666667,90.571875,6.7250000000000005,1.5528125,,7.911458333333333,,,4.8331685,1.729481,2.0582235,8.620872999999996,8.630624758000007,0,2.164987325668335
2014-11-01,18.370833333333334,51.83833333333333,34.1625,86.49270833333333,6.638541666666666,1.4869791666666667,,7.89375,,,0.0,4.8331685,1.729481,6.5626494999999965,8.630624758000007,0,0.1035441607236862
2014-11-02,16.098947368421054,52.13821052631579,34.35368421052632,90.4221052631579,7.232631578947369,1.5112631578947369,,7.921052631578948,,,0.57295364,0.0,4.8331685,5.406122139999996,9.203578398000007,0,2.384152889251709
2014-11-03,16.221875,52.63729166666667,34.73125,94.32395833333334,7.51875,1.7542708333333332,,7.961458333333334,,,0.0,0.57295364,0.0,0.5729536399999965,9.203578398000007,0,1.1982316970825195
2014-11-04,16.39375,52.3615625,34.528125,95.00625,7.544791666666666,1.579375,,7.962499999999999,,,0.04444098,0.0,0.57295364,0.6173946199999965,9.238267620000007,0,0.2463156431913375
2014-11-05,17.325,51.96125,34.25,93.78229166666668,7.323958333333334,1.403541666666667,,7.938541666666667,,,8.26068,0.04444098,0.0,8.305120979999996,15.44072412000001,0,
2014-11-06,18.409375,51.491875,33.90833333333333,91.99895833333332,7.04375,1.3153125,,7.926041666666666,,,6.5961766,8.26068,0.04444098,14.901297579999996,20.30741972000001,0,1.810402750968933
2014-11-07,18.04791666666667,51.0615625,33.59583333333333,94.89791666666667,7.334375,1.32375,,7.941666666666666,,,0.012586648,6.5961766,8.26068,14.869443247999996,15.48683786800001,0,1.5275405645370483
2014-11-08,17.310416666666665,51.26010416666667,33.73125,94.20104166666664,7.382291666666667,1.4745833333333334,,7.96875,,,0.29381764,0.012586648,6.5961766,6.902580887999996,15.78065550800001,0,2.304022312164306
2014-11-09,17.182291666666668,51.67489583333333,34.0375,92.17291666666668,7.23125,1.4630208333333332,,7.962499999999999,,,4.2685995,0.29381764,0.012586648,4.5750037879999965,19.47630136800001,0,7.039103031158447
2014-11-10,16.452083333333334,51.71395833333333,34.05416666666667,92.46666666666664,7.35,1.43875,,7.95625,,,4.023624,4.2685995,0.29381764,8.586041139999995,23.499925368000007,0,6.136702060699463
2014-11-11,17.205208333333335,51.538125,33.932291666666664,94.65208333333334,7.421875,1.4227083333333337,,7.942708333333333,,,11.70846,4.023624,4.2685995,20.000683499999997,35.163944388000004,0,0.82585608959198
2014-11-12,18.357291666666665,51.25739583333333,33.73229166666667,94.18958333333336,7.239583333333333,1.4266666666666667,,7.993749999999999,,,0.63595617,11.70846,4.023624,16.36804017,27.539220558000007,0,
2014-11-13,18.523958333333333,51.13333333333333,33.643750000000004,91.225,6.992708333333333,1.4789583333333332,,8.115625,,,0.0,0.63595617,11.70846,12.344416169999999,20.94304395800001,0,0.59910649061203
2014-11-14,16.1125,51.54864583333333,33.925,90.934375,7.29375,1.5840625,,8.230208333333334,,,1.1841667,0.0,0.63595617,1.8201228699999983,22.114624010000007,0,
2014-11-15,12.921875,52.016354166666666,34.16979166666667,91.70208333333332,7.821874999999999,1.6053125,,8.339583333333334,,,0.0,1.1841667,0.0,1.1841666999999982,21.820806370000007,0,4.8284759521484375
2014-11-16,12.628125,51.8125,34.00625,91.48229166666664,7.860416666666667,1.522708333333333,,8.344791666666667,,,0.0,0.0,1.1841667,1.1841666999999982,17.552206870000006,0,0.2047708332538604
2014-11-17,14.2125,48.605625,31.73333333333333,90.78645833333331,7.664583333333333,1.3375,,8.260416666666666,,,2.2344043,0.0,0.0,2.2344042999999982,15.76298717000001,0,0.3489938974380493
2014-11-18,14.142708333333331,49.18177083333333,32.139583333333334,91.29895833333336,7.690625,1.3046875,,8.25625,,,7.270961,2.2344043,0.0,9.505365299999998,11.325488170000009,0,2.234405040740967
2014-11-19,12.232291666666669,51.16010416666666,33.51354166666667,90.27604166666669,7.85,1.4926041666666665,,8.378125,,,0.0,7.270961,2.2344043,9.505365299999998,10.689532000000009,0,2.392505645751953
2014-11-20,11.467708333333334,50.24,32.811458333333334,91.73541666666668,8.143749999999999,1.3088541666666669,,8.384375,,,0.0,0.0,7.270961,7.270960999999998,10.689532000000009,0,2.021940231323242
2014-11-21,11.85625,50.7053125,33.15625,92.14375,8.088541666666666,1.3169791666666668,,8.379166666666668,,,0.0,0.0,0.0,0.0,9.505365300000008,0,2.0001611709594727
2014-11-22,11.973958333333334,51.43864583333333,33.696875,94.57604166666664,8.251041666666667,1.4282291666666664,,8.39375,,,0.0,0.0,0.0,0.0,9.505365300000008,0,2.40700101852417
2014-11-23,13.127083333333331,51.1825,33.57395833333333,90.76979166666666,7.740625,1.45375,,8.35,,,22.170628,0.0,0.0,22.170628,31.67599330000001,1,
2014-11-24,15.745833333333332,48.89510416666667,31.97083333333333,93.29375,7.621875,1.4177083333333331,,8.235416666666667,,,13.3218775,22.170628,0.0,35.4925055,42.76346650000001,0,0.8637120127677917
2014-11-25,16.353125000000002,48.9484375,32.020833333333336,88.73020833333334,7.166666666666667,1.3830208333333334,,8.174999999999999,,,11.157712,13.3218775,22.170628,46.6502175,46.65021750000001,0,
2014-11-26,15.709375,48.2925,31.541666666666668,88.23333333333333,7.240625,1.333020833333333,,8.197916666666666,,,35.614952,11.157712,13.3218775,60.0945415,82.26516950000001,1,
2014-11-27,13.876041666666666,48.127812500000005,31.375,89.80104166666666,7.644791666666666,1.3441666666666665,,8.284374999999999,,,0.0,35.614952,11.157712,46.772664,82.26516950000001,0,1.7861449718475342
2014-11-28,12.177083333333334,49.395625,32.22604166666667,92.04895833333336,8.076041666666667,1.5009375,,8.369791666666666,,,0.0,0.0,35.614952,35.614952,82.26516950000001,0,3.2681570053100586
2014-11-29,11.89375,49.73,32.458333333333336,91.60104166666667,8.078125,1.5069791666666663,,8.401041666666666,,,0.076986186,0.0,0.0,0.076986186,82.34215568600001,0,1.0532985925674438
2014-11-30,12.276041666666666,49.053020833333335,31.984375,91.68229166666669,8.040625,1.370104166666667,,8.367708333333335,,,0.0,0.076986186,0.0,0.076986186,60.17152768600001,0,1.8057690858840945
2014-12-01,13.316666666666668,47.74604166666666,31.0875,91.3125,7.880208333333333,1.3255208333333333,,8.31875,,,0.0,0.0,0.076986186,0.076986186,46.84965018600001,0,2.0749781131744385
2014-12-02,13.998958333333334,48.433125,31.604166666666668,92.04583333333332,7.803125,1.4497916666666668,,8.325000000000001,,,0.14671388,0.0,0.0,0.14671388,35.838652066000016,0,1.290577411651611
2014-12-03,14.482291666666669,49.3078125,32.248958333333334,91.40833333333336,7.649999999999999,1.5079166666666666,,8.307291666666666,,,0.38085404,0.14671388,0.0,0.52756792,0.6045541060000141,0,0.6191686987876892
2014-12-04,14.586458333333333,49.62625,32.487500000000004,91.53854166666667,7.632291666666667,1.5709375,,8.302083333333334,,,1.7647233,0.38085404,0.14671388,2.29229122,2.3692774060000144,0,3.1701478958129883
2014-12-05,14.015625,50.126354166666665,32.8375,93.81354166666668,7.885416666666667,1.6226041666666668,,8.336458333333335,,,0.7056148,1.7647233,0.38085404,2.85119214,3.074892206000014,0,0.3797970712184906
2014-12-06,14.709375,49.73052083333334,32.56458333333333,93.446875,7.765625,1.4276041666666668,,8.297916666666667,,,5.1525507,0.7056148,1.7647233,7.6228888,8.150456720000014,0,
2014-12-07,14.064583333333331,50.1671875,32.86145833333333,92.80520833333333,7.804166666666667,1.5420833333333333,,8.325000000000001,,,4.1752276,5.1525507,0.7056148,10.033393100000001,12.325684320000015,0,0.9522594809532166
2014-12-08,12.441666666666668,51.41,33.706250000000004,95.571875,8.259375,1.7952083333333333,,8.389583333333334,,,0.14612284,4.1752276,5.1525507,9.47390114,12.471807160000015,0,2.0943167209625244
2014-12-09,11.984375,51.587604166666665,33.813541666666666,93.540625,8.160416666666666,1.6223958333333333,,8.397916666666667,,,3.929241,0.14612284,4.1752276,8.25059144,16.254334280000016,0,
2014-12-10,12.11,51.935,34.059999999999995,93.4,8.1,1.978,,8.4,,,0.030691626,3.929241,0.14612284,4.106055466,15.904171866000016,0,3.703975200653076
2014-12-11,11.105,52.224,34.2375,104.615,9.2725,1.383,,7.782500000000001,,,0.08071605,0.030691626,3.929241,4.040648676,14.220164616000016,0,2.6972458362579346
2014-12-12,10.019791666666666,51.257604166666674,33.454166666666666,99.665625,9.085416666666667,1.3871874999999998,,7.793749999999999,,,0.17287691,0.08071605,0.030691626,0.284284586,13.687426726000014,0,0.8614465594291687
2014-12-13,9.859375,50.78895833333333,33.103125,100.30104166666666,9.192708333333334,1.3098958333333333,,7.807291666666667,,,0.0,0.17287691,0.08071605,0.25359296,8.534876026000015,0,1.9657604694366453
2014-12-14,10.028125,50.384791666666665,32.82083333333333,99.86354166666666,9.136458333333334,1.3426041666666666,,7.816666666666666,,,0.0,0.0,0.17287691,0.17287691,4.359648426000015,0,2.9846789836883545
2014-12-15,10.520833333333334,50.05729166666666,32.619791666666664,99.48020833333334,9.019791666666666,1.416979166666667,,7.81875,,,0.0,0.0,0.0,0.0,4.2135255860000145,0,2.693316698074341
2014-12-16,11.354166666666666,49.224583333333335,32.06458333333333,96.86041666666668,8.657291666666667,1.3001041666666666,,7.795833333333333,,,1.6109124,0.0,0.0,1.6109124,1.895196986000015,0,1.156980037689209
2014-12-17,11.990625,47.51010416666667,30.860416666666666,94.97083333333336,8.435416666666667,1.2426041666666667,,7.773958333333333,,,0.5313779,1.6109124,0.0,2.1422903,2.395883260000015,0,1.9233289957046509
2014-12-18,11.783333333333331,49.358125,32.18958333333333,94.840625,8.389583333333333,1.3479166666666669,,7.803125,,,0.16073357,0.5313779,1.6109124,2.3030238699999996,2.475900780000015,0,1.9732463359832764
2014-12-19,11.732291666666669,50.40625,32.94895833333333,94.75,8.355208333333334,1.3764583333333331,,7.803125,,,0.026991505,0.16073357,0.5313779,0.719102975,2.330015375000015,0,2.6587917804718018
2014-12-20,11.39375,51.23416666666666,33.525,93.246875,8.251041666666667,1.4478125000000002,,7.804166666666667,,,4.1997538,0.026991505,0.16073357,4.387478875,6.529769175000014,0,
2014-12-21,10.854166666666666,52.118125,34.14270833333333,92.596875,8.254166666666666,1.5190625000000002,,7.79375,,,0.06426324,4.1997538,0.026991505,4.291008545,6.594032415000014,0,1.8365459442138672
2014-12-22,10.911458333333334,52.21760416666667,34.2125,94.22708333333333,8.385416666666666,1.5228125,,7.821874999999999,,,18.786854,0.06426324,4.1997538,23.05087104,25.380886415000017,1,
2014-12-23,11.286458333333334,52.37166666666667,34.35208333333333,94.146875,8.304166666666667,1.4801041666666668,,7.851041666666667,,,16.745857,18.786854,0.06426324,35.59697424,40.51583101500002,0,
2014-12-24,12.597916666666668,51.14041666666666,33.520833333333336,92.859375,8.0125,1.435625,,7.830208333333334,,,35.108303,16.745857,18.786854,70.641014,75.09275611500001,1,
2014-12-25,13.385416666666666,49.75125,32.5375,95.21145833333333,8.13125,1.32,,7.806249999999999,,,3.6630435,35.108303,16.745857,55.5172035,78.59506604500002,0,6.0965256690979
2014-12-26,12.321875,50.21041666666667,32.831250000000004,95.525,8.317708333333334,1.4141666666666666,,7.832291666666666,,,0.0040544155,3.6630435,35.108303,38.7754009155,78.5721289555,0,1.964390754699707
2014-12-27,12.104166666666666,50.090833333333336,32.729166666666664,97.59895833333331,8.546875,1.3680208333333337,,7.848958333333333,,,0.0,0.0040544155,3.6630435,3.6670979155000003,74.37237515550001,0,1.7489674091339111
2014-12-28,13.294791666666669,48.23979166666667,31.429166666666664,96.79479166666664,8.331249999999999,1.2341666666666666,,7.825,,,0.06360265,0.0,0.0040544155,0.0676570655,74.37171456550001,0,0.518500030040741
2014-12-29,13.526041666666666,46.633229166666666,30.288541666666664,91.00729166666667,7.85625,1.2726041666666668,,7.782291666666667,,,3.3761332,0.06360265,0.0,3.43973585,58.960993765500014,0,0.1438104957342147
2014-12-30,11.813541666666666,48.81875,31.796875,92.64479166666666,8.215625000000001,1.483125,,7.794791666666666,,,1.841696,3.3761332,0.06360265,5.28143185,44.05683276550001,0,
2014-12-31,10.2875,50.16395833333333,32.6875,94.80625,8.636458333333334,1.565625,,7.8125,,,0.057191532,1.841696,3.3761332,5.275020732,9.005721297500015,0,2.5549392700195312
2015-01-01,10.008333333333333,48.82333333333333,31.7,96.665625,8.9125,1.4260416666666669,,7.820833333333333,,,0.0,0.057191532,1.841696,1.898887532,5.342677797500014,0,3.542520761489868
2015-01-02,10.884375,46.52270833333333,30.1,97.54895833333336,8.909374999999999,1.3239583333333331,,7.814583333333334,,,1.5988125,0.0,0.057191532,1.656004032,6.937435882000014,0,0.7749678492546082
2015-01-03,12.022916666666667,46.043958333333336,29.81458333333333,95.20104166666664,8.498958333333333,1.3770833333333332,,7.7875,,,11.020519,1.5988125,0.0,12.6193315,17.957954882000013,0,
2015-01-04,14.36875,43.145625,27.805208333333336,96.60416666666669,8.310416666666667,1.2409375,,7.767708333333334,,,3.0592768,11.020519,1.5988125,15.6786083,20.953629032000013,0,0.1317639350891113
2015-01-05,13.961458333333333,42.45583333333334,27.31458333333333,94.43958333333336,8.230208333333334,1.2457291666666668,,7.782291666666667,,,5.137649,3.0592768,11.020519,19.2174448,22.71514483200001,0,2.40024995803833
2015-01-06,12.247916666666669,45.31166666666667,29.29895833333333,96.965625,8.623958333333333,1.3098958333333333,,7.941666666666666,,,0.28910792,5.137649,3.0592768,8.48603372,21.16255675200001,0,1.709119200706482
2015-01-07,10.604166666666666,46.302708333333335,29.9375,90.35416666666669,8.25,1.3358333333333334,,8.167708333333334,,,6.645607,0.28910792,5.137649,12.07236392,27.750972220000012,0,
2015-01-08,7.264583333333333,49.03125,31.62395833333333,,,1.5030208333333333,,8.478125,,,0.0,6.645607,0.28910792,6.93471492,27.750972220000012,0,1.729115605354309
2015-01-09,7.179166666666667,49.08708333333333,31.65,,,1.4197916666666668,,8.505208333333334,,,0.0,0.0,6.645607,6.645607,26.152159720000014,0,3.9592695236206055
2015-01-10,7.339583333333334,47.493125,30.534375,,,1.4295833333333334,,8.497916666666667,,,0.0,0.0,0.0,0.0,15.131640720000014,0,1.8958303928375244
2015-01-11,7.194791666666667,48.04052083333334,30.903125,,,1.4363541666666666,,8.517708333333333,,,0.026769519,0.0,0.0,0.026769519,12.099133439000015,0,0.7986845374107361
2015-01-12,9.221875,45.39333333333334,29.196875,,,1.3427083333333334,,8.422916666666667,,,22.31808,0.026769519,0.0,22.344849518999997,29.279564439000012,1,
2015-01-13,9.786458333333334,43.56666666666666,27.929166666666664,,,1.4701041666666663,,8.336458333333335,,,23.30035,22.31808,0.026769519,45.645199519,52.290806519000014,1,
2015-01-14,8.147916666666667,46.78072916666667,30.102083333333336,,,1.5621875,,8.382291666666667,,,4.147325,23.30035,22.31808,49.765755,49.79252451900002,0,0.1786628365516662
2015-01-15,8.089583333333334,47.62270833333333,30.698958333333334,,,1.5741666666666667,,8.4,,,0.74201447,4.147325,23.30035,28.18968947,50.53453898900002,0,
2015-01-16,8.729166666666666,46.838750000000005,30.191666666666663,,,1.455,,8.401041666666666,,,2.3783362,0.74201447,4.147325,7.267675670000001,52.91287518900002,0,2.426074266433716
2015-01-17,9.134375,47.83020833333333,30.930208333333336,,,1.515625,,8.404166666666667,,,0.0,2.3783362,0.74201447,3.12035067,52.91287518900002,0,3.4311509132385254
2015-01-18,10.371875,47.50604166666667,30.777083333333334,,,1.42,,8.369791666666666,,,7.5336514,0.0,2.3783362,9.9119876,60.41975707000001,0,3.415521144866944
2015-01-19,10.522916666666667,47.287083333333335,30.634375,,,1.3442708333333335,,8.360416666666667,,,0.017186137,7.5336514,0.0,7.5508375370000005,38.11886320700002,0,1.3669196367263794
2015-01-20,10.684375,47.6271875,30.876041666666666,,,1.3025,,8.375,,,0.0052844943,0.017186137,7.5336514,7.556122031299999,14.823797701300014,0,4.167602062225342
2015-01-21,11.083333333333334,48.00239583333333,31.16875,,,1.3483333333333334,,8.373958333333333,,,0.5937328,0.0052844943,0.017186137,0.6162034312999991,11.270205501300016,0,2.5853419303894043
2015-01-22,11.013541666666669,49.28729166666667,32.090625,,,1.4926041666666665,,8.386458333333334,,,0.0,0.5937328,0.0052844943,0.5990172942999991,10.528191031300015,0,0.622890830039978
2015-01-23,10.355208333333334,50.307500000000005,32.795833333333334,,,1.5501041666666666,,8.376041666666667,,,2.2550206,0.0,0.5937328,2.8487533999999988,10.404875431300013,0,0.3905950784683227
2015-01-24,12.089583333333332,45.645,29.53125,,,1.2265625,,8.253125,,,15.143253,2.2550206,0.0,17.3982736,25.548128431300015,0,
2015-01-25,10.709375,45.915,29.65625,,,1.3190625,,8.329166666666667,,,0.0,15.143253,2.2550206,17.398273599999996,18.014477031300014,0,1.6126384735107422
2015-01-26,10.838541666666666,45.63999999999999,29.46770833333333,,,1.2996875,,8.348958333333334,,,8.876449,0.0,15.143253,24.019701999999995,26.873739894300016,0,2.191671848297119
2015-01-27,9.978125,46.36625,29.940625,,,1.3719791666666667,,8.361458333333333,,,0.55766547,8.876449,0.0,9.434114469999997,27.426120870000016,0,1.8277125358581543
2015-01-28,8.411458333333334,47.22979166666667,30.446875,,,1.5355208333333332,,8.427083333333334,,,0.0,0.55766547,8.876449,9.434114469999997,26.832388070000015,0,2.7060763835906982
2015-01-29,8.545833333333333,47.58385416666667,30.710416666666664,,,1.5994791666666668,,8.429166666666667,,,0.5240854,0.0,0.55766547,1.0817508699999983,27.35647347000001,0,0.2208372801542282
2015-01-30,9.302083333333334,45.24635416666666,29.101041666666664,,,1.3982291666666666,,8.413541666666667,,,1.1906437,0.5240854,0.0,1.7147290999999982,26.292096570000016,0,2.5606579780578613
2015-01-31,8.602083333333333,47.26916666666667,30.491666666666664,,,1.5178125,,8.425,,,0.0,1.1906437,0.5240854,1.7147290999999985,11.148843570000013,0,3.418623924255371
2015-02-01,9.465625,46.8825,30.276041666666668,,,1.4556250000000002,,8.417708333333334,,,0.057612702,0.0,1.1906437,1.2482564019999984,11.206456272000013,0,3.4322502613067627
2015-02-02,11.4875,41.458125,26.52916666666667,,,1.1783333333333337,,8.272916666666667,,,6.334813,0.057612702,0.0,6.392425701999998,8.664820272000014,0,3.1455328464508057
2015-02-03,9.921875,45.28697916666667,29.171875,,,1.4079166666666667,,8.364583333333334,,,0.0,6.334813,0.057612702,6.392425701999998,8.107154802000014,0,2.55492639541626
2015-02-04,10.041666666666666,46.61229166666666,30.116666666666664,108.37021276595743,9.874468085106384,1.36125,,8.340816326530613,1.5217391304347827,,0.021975143,0.0,6.334813,6.3567881429999975,8.129129945000015,0,1.6494736671447754
2015-02-05,10.642708333333331,46.1453125,29.816666666666663,95.73541666666668,8.805208333333333,1.3139583333333331,,,1.4375,,22.942348,0.021975143,0.0,22.964323142999998,30.547392545000015,1,2.6718454360961914
2015-02-06,8.848958333333334,48.138645833333335,31.12395833333333,102.56770833333331,9.7125,1.4615625,,,1.7083333333333333,,0.40696162,22.942348,0.021975143,23.371284763,29.763710465000013,0,1.6529819965362549
2015-02-07,9.091666666666669,46.5846875,30.022916666666664,104.23541666666668,9.876041666666667,1.3234375,,,1.1875,,0.32249963,0.40696162,22.942348,23.67180925,30.086210095000013,0,0.3594361245632171
2015-02-08,10.483333333333333,41.5790625,26.54583333333333,104.89895833333333,9.863541666666666,1.2044791666666663,,,2.21875,,0.056388997,0.32249963,0.40696162,0.7858502470000001,30.08498639000001,0,1.9332609176635744
2015-02-09,11.897916666666667,39.717395833333335,25.3125,105.621875,9.707291666666666,1.2488541666666666,,,1.9270833333333333,,0.33528563,0.056388997,0.32249963,0.714174257,24.085459020000012,0,0.7858313918113708
2015-02-10,10.819791666666667,44.36833333333333,28.56458333333333,96.33958333333334,8.908333333333333,1.3859375,,,1.5729166666666667,,11.150043,0.33528563,0.056388997,11.541717627,35.23550202000001,0,
2015-02-11,8.982291666666667,49.49479166666666,32.110416666666666,101.33020833333336,9.533333333333331,1.690625,,,1.2291666666666667,,0.4684738,11.150043,0.33528563,11.95380243,35.68200067700001,0,2.813788890838623
2015-02-12,9.352083333333333,47.55885416666666,30.746875,103.76666666666668,9.754166666666666,1.471458333333333,,,1.4895833333333333,,0.0,0.4684738,11.150043,11.6185168,12.739652677000015,0,1.942224144935608
2015-02-13,8.132291666666667,48.34552083333333,31.211458333333336,100.96458333333334,9.736458333333331,1.549791666666667,,,2.520833333333333,,0.31685218,0.0,0.4684738,0.78532598,12.649543237000014,0,3.688258171081543
2015-02-14,7.907291666666667,47.466145833333336,30.566666666666663,101.64791666666667,9.89375,1.3960416666666668,,,1.9166666666666667,,0.0009638891,0.31685218,0.0,0.3178160691,12.328007496100014,0,2.13775634765625
2015-02-15,6.327083333333333,44.851979166666666,28.569791666666664,100.17291666666668,10.263541666666669,1.2579166666666668,,,3.9270833333333335,,0.009959191,0.0009638891,0.31685218,0.32777526009999997,12.281577690100013,0,2.5945701599121094
2015-02-16,6.680208333333333,49.28677083333333,31.75520833333333,98.58125,9.813541666666667,1.5098958333333332,,,2.9375,,0.0,0.009959191,0.0009638891,0.0109230801,11.946292060100014,0,
2015-02-17,7.482291666666666,49.50395833333334,31.985416666666666,97.01770833333336,9.470833333333331,1.4084375,,,2.1666666666666665,,11.853477,0.0,0.009959191,11.863436191,12.649726060100013,0,
2015-02-18,7.886458333333334,50.1484375,32.47708333333333,99.803125,9.596875,1.4789583333333332,,,3.1157894736842104,,9.647665,11.853477,0.0,21.501142,21.828917260100013,0,1.2703479528427124
2015-02-19,7.054166666666667,50.65354166666666,32.75729166666667,102.184375,9.986458333333331,1.3452083333333331,,,4.520833333333333,,0.0,9.647665,11.853477,21.501142,21.828917260100013,0,3.4046671390533447
2015-02-20,5.980208333333334,51.333125,33.10520833333333,100.98645833333336,10.096875,1.4255208333333331,,,3.520833333333333,,0.0,0.0,9.647665,9.647665,21.51206508010001,0,2.172189950942993
2015-02-21,6.8,51.1159375,33.050000000000004,100.14479166666666,9.833333333333334,1.3721875,,,2.3684210526315788,,1.8520108,0.0,0.0,1.8520108,23.36311199100001,0,4.865421772003174
2015-02-22,9.497916666666669,49.5728125,32.18958333333333,97.265625,9.0375,1.1964583333333334,,,2.4791666666666665,,2.0729322,1.8520108,0.0,3.924943,25.42608500000001,0,0.4245552122592926
2015-02-23,9.422916666666667,48.77854166666666,31.62395833333333,90.015625,8.421875,1.235625,,,2.677083333333333,,11.417344,2.0729322,1.8520108,15.342286999999999,36.843429000000015,0,
2015-02-24,6.292708333333334,50.6225,32.65625,94.69270833333331,9.453125,1.4344791666666667,,,2.3229166666666665,,1.4666642,11.417344,2.0729322,14.956940399999999,26.456616200000013,0,
2015-02-25,6.08125,49.93854166666667,32.143750000000004,98.69479166666667,9.910416666666666,1.2960416666666668,,,1.8020833333333333,,5.5265565,1.4666642,11.417344,18.410564700000002,22.335507700000015,0,
2015-02-26,6.445833333333333,48.94854166666667,31.480208333333334,97.14166666666668,9.727083333333333,1.3040625,,,3.552083333333333,,36.332516,5.5265565,1.4666642,43.3257367,58.66802370000001,1,
2015-02-27,6.790625,47.18520833333333,30.2625,98.125,9.819791666666667,1.3925,,,2.46875,,3.7116704,36.332516,5.5265565,45.570742900000006,62.379694100000016,0,4.509816646575928
2015-02-28,6.707291666666666,47.085625,30.190625,99.81875,10.013541666666669,1.534166666666667,,,1.9166666666666667,,1.3877784,3.7116704,36.332516,41.431964799999996,61.91546170000001,0,1.739791750907898
2015-03-01,7.508333333333333,48.10489583333333,30.985416666666666,100.43854166666668,9.836458333333333,1.4522916666666663,,,1.6770833333333333,,0.114771605,1.3877784,3.7116704,5.214220405,59.95730110500001,0,0.1503317654132843
2015-03-02,9.026041666666666,46.18572916666667,29.734375,101.83645833333333,9.709375,1.3116666666666668,,,1.7395833333333333,,2.8566704,0.114771605,1.3877784,4.359220405,51.39662750500001,0,
2015-03-03,8.385416666666666,47.46822916666667,30.616666666666664,94.85416666666669,9.135416666666666,1.434583333333333,,,2.0,,0.66950035,2.8566704,0.114771605,3.6409423549999995,50.599463655000015,0,
2015-03-04,8.646341463414634,47.56707317073171,30.70487804878049,87.7560975609756,8.387804878048781,1.338780487804878,,,1.6829268292682926,,0.2098752,0.66950035,2.8566704,3.73604595,45.28278235500001,0,0.2134416997432708
2015-03-05,15.822413793103449,,,104.3706896551724,8.879310344827585,1.1567241379310345,,,5.362068965517241,,0.48108557,0.2098752,0.66950035,1.36046112,9.431351925000014,0,0.49587482213974
2015-03-06,9.942708333333334,,,97.509375,9.1125,1.4667708333333334,,,3.4301075268817205,,8.238631,0.48108557,0.2098752,8.92959177,13.958312525000014,0,
2015-03-07,9.435416666666669,,,104.621875,9.73125,1.4358333333333333,,,0.8191489361702128,,0.19657435,8.238631,0.48108557,8.91629092,12.767108475000013,0,1.507365584373474
2015-03-08,11.011458333333332,,,109.63020833333331,9.986458333333331,1.2567708333333334,,,0.8674698795180723,,0.0,0.19657435,8.238631,8.43520535,12.652336870000013,0,1.4826465845108032
2015-03-09,11.404166666666669,,,105.184375,9.679166666666667,1.2738541666666667,,,0.4719101123595505,,3.3310828,0.0,0.19657435,3.52765715,13.126749270000012,0,0.2194775640964508
2015-03-10,12.529166666666669,,,108.11145833333336,9.707291666666666,1.2965625,,,1.2608695652173914,,1.247787,3.3310828,0.0,4.5788698,13.705035920000013,0,0.4769063889980316
2015-03-11,15.936458333333334,,,109.609375,9.267708333333331,1.2291666666666667,,,0.6210526315789474,,1.4314978,1.247787,3.3310828,6.0103676,14.926658520000014,0,4.464107513427734
2015-03-12,15.58125,,,97.73125,8.360416666666667,1.3675,,,0.5760869565217391,,0.5312256,1.4314978,1.247787,3.2105104,14.976798550000012,0,1.1693898439407349
2015-03-13,12.796875,,,98.828125,8.732291666666667,1.426875,,,0.3571428571428571,,0.9924634,0.5312256,1.4314978,2.9551868,7.7306309500000125,0,
2015-03-14,13.902083333333332,,,83.96145833333334,7.348958333333333,1.2226041666666667,,,0.4852941176470588,,14.267523,0.9924634,0.5312256,15.791212,21.801579600000014,0,
2015-03-15,14.861458333333331,,,88.721875,7.682291666666667,1.1707291666666666,,,1.1058823529411763,,1.7833258,14.267523,0.9924634,17.0433122,23.584905400000014,0,1.2052342891693115
2015-03-16,14.0625,,,87.921875,7.617708333333333,1.2847916666666668,,,0.6712328767123288,,1.7332822,1.7833258,14.267523,17.784131000000002,21.987104800000015,0,2.0848989486694336
2015-03-17,14.169791666666669,,,90.74375,7.773958333333333,1.2767708333333332,,,0.942528735632184,,2.5547316,1.7332822,1.7833258,6.0713396,23.294049400000016,0,1.434836745262146
2015-03-18,13.165625,,,96.16770833333334,8.267708333333333,1.5714583333333332,,,1.0,,0.10128786,2.5547316,1.7332822,4.38930166,21.963839460000017,0,1.4850512742996216
2015-03-19,12.519791666666668,,,91.51875,7.922916666666667,1.5538541666666663,,,0.6976744186046512,,1.8297782,0.10128786,2.5547316,4.48579766,23.262392060000014,0,0.1899929940700531
2015-03-20,13.444791666666667,,,98.1625,8.277083333333334,1.4520833333333334,,,0.8817204301075269,,0.9618616,1.8297782,0.10128786,2.89292766,23.231790260000015,0,2.4110922813415527
2015-03-21,14.272916666666667,,,92.93020833333333,7.69375,1.416979166666667,,,0.9883720930232558,,0.8921744,0.9618616,1.8297782,3.6838142000000005,9.856441660000014,0,2.5064663887023926
2015-03-22,13.841666666666669,,,89.8875,7.534375,1.4272916666666668,,,0.7640449438202247,,5.4627757,0.8921744,0.9618616,7.316811700000001,13.535891560000014,0,
2015-03-23,13.067708333333334,,,94.81354166666668,8.09375,1.5019791666666666,,,0.3372093023255814,,10.464448,5.4627757,0.8921744,16.8193981,22.267057360000017,0,
2015-03-24,12.884745762711866,,,93.46949152542372,7.986440677966102,1.483728813559322,,,0.2222222222222222,,0.0,10.464448,5.4627757,15.9272237,19.712325760000013,0,1.4913355112075806
2015-03-25,14.656363636363636,,,99.3981818181818,8.198181818181817,1.3374545454545457,,,0.8909090909090909,,0.02014138,0.0,10.464448,10.484589380000001,19.631179280000016,0,2.130810022354126
2015-03-26,16.875757575757575,,,93.8030303030303,7.495454545454545,1.1963636363636363,,,1.015625,,8.354502,0.02014138,0.0,8.37464338,26.155903080000016,0,0.7466853857040405
2015-03-27,16.914634146341463,,,86.62926829268294,6.982926829268293,1.273170731707317,,,1.2195121951219512,,22.865612,8.354502,0.02014138,31.24025538,48.05965348000001,1,
2015-03-28,13.2,,,80.4,7.05,0.97,,,0.0,,7.7925587,22.865612,8.354502,39.0126727,54.96003778000001,0,0.4671146869659424
2015-03-29,,,,,,,,,,,0.0,7.7925587,22.865612,30.6581707,49.49726208000001,0,1.912736177444458
2015-03-30,,,,,,,,,,,1.7837751,0.0,7.7925587,9.5763338,40.81658918000001,0,
2015-03-31,,,,,,,,,,,0.0006172459,1.7837751,0.0,1.7843923459,40.81720642590001,0,1.6011369228363037
2015-04-01,,,,,,,,,,,0.029392922,0.0006172459,1.7837751,1.8137852679,40.82645796790001,0,2.436962842941284
2015-04-02,,,,,,,,,,,0.0,0.029392922,0.0006172459,0.0300101679,32.47195596790001,0,2.582270383834839
2015-04-03,,,,,,,,,,,0.06452043,0.0,0.029392922,0.093913352,9.67086439790001,0,0.9536553025245668
2015-04-04,,,,,,,,,,,10.927652,0.06452043,0.0,10.99217243,12.80595769790001,0,
2015-04-05,,,,,,,,,,,0.0,10.927652,0.06452043,10.99217243,12.805957697900011,0,2.024819850921631
2015-04-06,,,,,,,,,,,0.0038003891,0.0,10.927652,10.9314523891,11.025982987000011,0,4.646188735961914
2015-04-07,,,,,,,,,,,1.84976,0.0038003891,0.0,1.8535603891,12.87512574110001,0,3.303459405899048
2015-04-08,20.89433962264151,45.70132075471698,29.673584905660377,103.5754716981132,7.788679245283019,1.331509433962264,,8.0,,,2.749807,1.84976,0.0038003891,4.603367389100001,15.595539819100011,0,1.031367540359497
2015-04-09,19.727083333333333,44.0434375,28.485416666666666,83.15625,6.419791666666666,1.3161458333333331,,7.85625,,,8.283052,2.749807,1.84976,12.882619,23.87859181910001,0,1.097370147705078
2015-04-10,20.75208333333333,41.817708333333336,26.88958333333333,88.80312500000001,6.776041666666667,1.2983333333333331,,7.889583333333333,,,10.417969,8.283052,2.749807,21.450828,34.232040389100014,0,2.8755083084106445
2015-04-11,20.56875,40.11864583333333,25.6875,85.16770833333334,6.575,1.262708333333333,,7.853124999999999,,,4.7887397,10.417969,8.283052,23.489760699999998,28.09312808910001,0,
2015-04-12,18.1125,43.865625,28.363541666666663,92.63958333333332,7.372916666666666,1.406979166666667,,7.90625,,,2.74556,4.7887397,10.417969,17.952268699999998,30.83868808910001,0,3.721666812896729
2015-04-13,18.5,44.87177083333333,29.082291666666663,88.99583333333334,7.020833333333333,1.3482291666666668,,7.870833333333334,,,2.3999104,2.74556,4.7887397,9.9342101,33.234798100000006,0,4.063659191131592
2015-04-14,19.490625,45.283125000000005,29.382291666666664,88.87291666666665,6.875,1.2972916666666667,,7.875,,,2.965213,2.3999104,2.74556,8.1106834,34.35025110000001,0,
2015-04-15,18.20833333333333,46.165,30.01875,83.85625,6.614583333333333,1.4134375,,7.844791666666667,,,8.222441,2.965213,2.3999104,13.5875644,39.82288510000001,0,
2015-04-16,16.492708333333333,49.18302083333333,32.203125,95.26979166666666,7.655208333333333,1.5629166666666665,,7.910416666666666,,,12.014182,8.222441,2.965213,23.201836,43.554015100000015,0,
2015-04-17,18.009375000000002,49.54364583333333,32.473958333333336,93.13333333333333,7.243749999999999,1.3965625,,7.884374999999999,,,0.08688168,12.014182,8.222441,20.32350468,33.22292778000001,0,1.1866062879562378
2015-04-18,18.544791666666665,49.677083333333336,32.57604166666667,86.81770833333333,6.696875,1.3494791666666668,,7.862500000000001,,,2.5476134,0.08688168,12.014182,14.648677079999999,30.981801480000012,0,3.717918157577514
2015-04-19,19.038541666666667,49.716770833333335,32.603125,89.55833333333334,6.8375,1.3641666666666667,,7.867708333333334,,,0.35598093,2.5476134,0.08688168,2.9904760099999996,28.59222241000001,0,
2015-04-20,20.415625,48.28572916666667,31.54583333333333,88.00208333333335,6.576041666666666,1.2528125,,7.870833333333334,,,14.650311,0.35598093,2.5476134,17.55390533,40.84262301000001,0,2.1064839363098145
2015-04-21,20.45,47.66645833333333,31.101041666666664,87.12395833333333,6.5062500000000005,1.2205208333333333,,7.871875,,,11.124704,14.650311,0.35598093,26.13099593,49.002114010000014,0,2.799551248550415
2015-04-22,20.044791666666665,48.0003125,31.346875,88.53645833333333,6.659375,1.3028125,,7.919791666666666,,,0.0,11.124704,14.650311,25.775015,40.77967301000001,0,1.7943087816238403
2015-04-23,20.1375,46.46927083333333,30.235416666666666,89.95729166666666,6.794791666666666,1.3245833333333332,,7.911458333333333,,,0.008549801,0.0,11.124704,11.133253800999999,28.77404081100001,0,2.876209259033203
2015-04-24,19.25,47.2365625,30.79583333333333,94.90208333333334,7.26875,1.4436458333333333,,7.9375,,,0.0,0.008549801,0.0,0.008549801,28.68715913100001,0,2.8241565227508545
2015-04-25,18.77083333333333,45.44229166666667,29.50625,83.93124999999999,6.560416666666666,1.38875,,7.9125,,,2.33331,0.0,0.008549801,2.341859801,28.47285573100001,0,
2015-04-26,19.16145833333333,43.40302083333333,28.04479166666667,83.10416666666667,6.498958333333333,1.4486458333333332,,7.864583333333333,,,1.5545844,2.33331,0.0,3.8878944,29.67145920100001,0,0.7154155969619751
2015-04-27,18.72083333333333,46.84677083333333,30.515625,86.27916666666665,6.708333333333333,1.5135416666666668,,7.845833333333334,,,0.0,1.5545844,2.33331,3.8878944,15.02114820100001,0,1.6671777963638306
2015-04-28,18.62708333333333,45.43625,29.491666666666664,87.18541666666665,6.829166666666667,1.4202083333333333,,7.833333333333333,,,0.0,0.0,1.5545844,1.5545844,3.8964442010000107,0,2.5048270225524902
2015-04-29,18.20625,45.12197916666667,29.273958333333336,81.23125,6.427083333333333,1.4264583333333334,,7.823958333333334,,,3.4870372,0.0,0.0,3.4870372,7.383481401000011,0,10.525361061096191
2015-04-30,17.982291666666665,45.58864583333334,29.610416666666666,83.55312500000001,6.627083333333334,1.4331250000000002,,7.813541666666667,,,0.25428134,3.4870372,0.0,3.74131854,7.629212940000011,0,1.117716908454895
2015-05-01,18.3,47.123125,30.71666666666667,86.153125,6.744791666666667,1.4570833333333333,,7.8125,,,0.67741066,0.25428134,3.4870372,4.4187292000000005,8.30662360000001,0,
2015-05-02,18.235416666666666,48.33083333333334,31.589583333333334,86.91458333333333,6.779166666666666,1.6129166666666668,,7.810416666666666,,,1.613932,0.67741066,0.25428134,2.545624,7.587245600000011,0,1.7939337491989136
2015-05-03,20.094791666666666,47.2471875,30.801041666666663,85.94479166666667,6.495833333333334,1.5402083333333334,,7.765625,,,0.042370442,1.613932,0.67741066,2.3337131020000004,6.075031642000011,0,2.732909202575684
2015-05-04,21.476041666666664,47.7778125,31.16875,83.60104166666666,6.141666666666667,1.4432291666666668,,7.729166666666667,,,0.0095354635,0.042370442,1.613932,1.6658379055,6.084567105500011,0,2.076054096221924
2015-05-05,22.309473684210527,48.346,31.57263157894737,81.20210526315789,5.862105263157894,1.366210526315789,,7.633333333333334,2.5,,0.78303725,0.0095354635,0.042370442,0.8349431555,6.86760435550001,0,3.0806961059570312
2015-05-06,21.56145833333333,49.4253125,32.375,80.05104166666666,5.841666666666666,1.3532291666666667,,,3.783132530120482,,10.179669,0.78303725,0.0095354635,10.9722417135,13.56023615550001,0,
2015-05-07,20.59583333333333,50.4646875,33.15625,84.72604166666666,6.2625,1.4835416666666663,,,5.28125,,12.48497,10.179669,0.78303725,23.44767625,25.790924815500013,0,1.357781171798706
2015-05-08,21.015625,51.464375,33.880208333333336,88.43854166666667,6.464583333333334,1.479375,,,5.354166666666667,,0.330408,12.48497,10.179669,22.995047,25.44392215550001,0,0.86752849817276
2015-05-09,21.646875,51.57135416666667,33.95,90.96875,6.571875,1.5838541666666668,,,7.410526315789474,,1.4311585,0.330408,12.48497,14.246536500000001,25.261148655500012,0,3.4805381298065186
2015-05-10,21.47083333333333,46.92479166666666,30.570833333333336,83.925,6.214583333333334,1.501875,,,19.0625,,10.961162,1.4311585,0.330408,12.7227285,36.17994021350001,0,
2015-05-11,22.084375,42.85447916666666,27.620833333333334,76.94631578947369,5.726315789473684,1.298125,,,16.274509803921568,,16.945896,10.961162,1.4311585,29.3382165,53.11630075000001,0,2.423353910446167
2015-05-12,23.541666666666668,43.67333333333334,28.184375,80.97708333333334,5.853125,1.2684375,,,11.221052631578948,,2.1571662,16.945896,10.961162,30.0642242,54.490429700000014,0,5.029515266418457
2015-05-13,23.261458333333334,46.2734375,30.07708333333333,81.05312500000001,5.819791666666667,1.3805208333333334,,,9.473118279569892,,2.358647,2.1571662,16.945896,21.4617092,46.669407700000015,0,3.9801318645477295
2015-05-14,22.18125,49.29510416666667,32.28541666666667,86.78020833333333,6.270833333333333,1.5276041666666669,,,6.578947368421052,,0.0,2.358647,2.1571662,4.5158132,34.18443770000001,0,1.3206185102462769
2015-05-15,22.03125,50.389270833333335,33.08020833333333,86.60833333333333,6.247916666666666,1.4841666666666666,,,5.535714285714286,,1.22731,0.0,2.358647,3.5859569999999996,35.081339700000015,0,1.712445616722107
2015-05-16,22.963541666666668,50.665625,33.270833333333336,85.07684210526315,6.021052631578947,1.4328125,,,8.104651162790697,,0.2290471,1.22731,0.0,1.4563571,33.87922830000001,0,2.1473512649536133
2015-05-17,24.08125,48.822291666666665,31.89583333333333,82.34210526315789,5.7631578947368425,1.3359375,,,4.84,,0.96275216,0.2290471,1.22731,2.41910926,23.88081846000001,0,8.23440170288086
2015-05-18,24.719791666666666,48.80239583333333,31.87708333333333,81.20937500000001,5.614583333333333,1.250625,,,4.34375,,0.92818177,0.96275216,0.2290471,2.11998103,7.86310423000001,0,0.9449918270111084
2015-05-19,24.85625,48.81875,31.88020833333333,81.12291666666667,5.5875,1.2572916666666667,,,8.505882352941176,,2.3961337,0.92818177,0.96275216,4.28706763,8.102071730000011,0,1.8318394422531128
2015-05-20,25.316666666666663,49.30145833333333,32.22083333333333,81.90416666666667,5.5875,1.331875,,,8.97752808988764,,4.8453145,2.3961337,0.92818177,8.169629969999999,10.58873923000001,0,0.5283604264259338
2015-05-21,26.14270833333333,48.17791666666667,31.383333333333336,86.32395833333334,5.842708333333333,1.3669791666666666,,,12.477777777777778,,5.270146,4.8453145,2.3961337,12.511594200000001,15.858885230000011,0,0.0752572789788246
2015-05-22,24.99375,49.860625,32.641666666666666,89.19583333333333,6.105208333333334,1.4366666666666663,,,14.206521739130435,,2.9231038,5.270146,4.8453145,13.0385643,17.55467903000001,0,2.8874142169952397
2015-05-23,24.95,49.9309375,32.68958333333333,86.30729166666667,5.908333333333334,1.3746875,,,32.83516483516483,,0.17267476,2.9231038,5.270146,8.36592456,17.49830669000001,0,1.938180446624756
2015-05-24,24.992708333333336,47.91729166666667,31.221875,84.58020833333333,5.836458333333333,1.360104166666667,,,56.16666666666666,,0.0,0.17267476,2.9231038,3.09577856,16.53555453000001,0,0.5668773055076599
2015-05-25,25.322916666666668,43.5115625,28.03125,79.94479166666666,5.585416666666667,1.3178125,,,,,0.0,0.0,0.17267476,0.17267476,15.60737276000001,0,2.057915687561035
2015-05-26,25.565625,41.815,26.81875,78.67684210526316,5.511578947368421,1.3129166666666667,,,,,0.0029740618,0.0,0.0,0.0029740618,13.21421312180001,0,1.28227961063385
2015-05-27,26.19270833333333,40.87760416666666,26.129166666666663,75.82187499999999,5.277083333333334,1.3270833333333334,,,,,0.5244882,0.0029740618,0.0,0.5274622618,8.89338682180001,0,1.8731157779693604
2015-05-28,26.492708333333336,39.954479166666665,25.478125,73.1178947368421,5.086315789473684,1.2603125,,,,,1.7436945,0.5244882,0.0029740618,2.2711567618,5.36693532180001,0,1.1715426445007324
2015-05-29,26.745833333333334,42.11958333333333,27.004166666666663,75.35000000000001,5.175,1.306875,,,,,0.6805981,1.7436945,0.5244882,2.9487808,3.1244296218000107,0,1.7665873765945437
2015-05-30,27.0,44.62385416666667,28.8,72.93404255319149,4.943617021276595,1.3226041666666666,,,,,0.030693132,0.6805981,1.7436945,2.454985732,2.9824479938000104,0,1.9605883359909055
2015-05-31,27.37395833333333,46.080104166666665,29.834375,73.3,4.908333333333333,1.33125,,,,,0.003150112,0.030693132,0.6805981,0.714441344,2.9855981058000105,0,1.9045047760009768
2015-06-01,27.66145833333333,46.6878125,30.266666666666666,75.44,5.011578947368421,1.3052083333333333,,,,,0.04026694,0.003150112,0.030693132,0.074110184,3.0258650458000105,0,2.3334996700286865
2015-06-02,26.635416666666668,46.78375,30.385416666666668,73.27395833333334,4.951041666666667,1.3236458333333332,,,27.4,,4.142085,0.04026694,0.003150112,4.1855020519999995,7.1649759840000105,0,1.265548825263977
2015-06-03,25.667708333333334,49.67854166666667,32.501041666666666,72.98020833333334,4.960416666666666,1.4291666666666665,,,,,8.663906,4.142085,0.04026694,12.846257940000001,15.30439378400001,0,0.0327240079641342
2015-06-04,25.8375,51.49895833333333,33.829166666666666,84.965625,5.696875,1.4829166666666669,,,9.707317073170731,,4.8121066,8.663906,4.142085,17.6180976,18.37280588400001,0,0.7030827403068542
2015-06-05,25.776041666666668,51.92989583333334,34.14791666666667,86.55416666666667,5.805208333333333,1.4463541666666666,,,7.5625,,0.56515926,4.8121066,8.663906,14.041171860000002,18.25736704400001,0,0.2461685240268707
2015-06-06,26.58333333333333,52.23322916666667,34.346875000000004,90.08333333333331,5.947916666666667,1.4417708333333332,,,7.291666666666667,,0.01148704,0.56515926,4.8121066,5.388752900000002,18.23816095200001,0,0.64278244972229
2015-06-07,26.89375,51.8125,34.030208333333334,91.528125,6.015625,1.483125,,,7.083333333333333,,0.4306585,0.01148704,0.56515926,1.0073048000000018,18.66566934000001,0,2.2993626594543457
2015-06-08,26.85625,52.21885416666667,34.33020833333333,87.60625,5.7625,1.3836458333333337,,,8.885416666666666,,0.0,0.4306585,0.01148704,0.4421455400000018,18.625402400000013,0,1.4631470441818235
2015-06-09,26.56041666666667,50.24239583333334,32.88854166666667,80.44687499999999,5.3656250000000005,1.2378125,,,9.927083333333334,,4.6850944,0.0,0.4306585,5.115752900000001,19.168411800000012,0,
2015-06-10,26.160416666666663,49.78114583333333,32.557291666666664,78.76770833333333,5.292708333333334,1.3011458333333332,,,9.802083333333334,,16.972618,4.6850944,0.0,21.6577124,27.47712380000001,0,7.778668403625488
2015-06-11,27.119791666666668,49.67395833333333,32.463541666666664,80.99166666666666,5.367708333333333,1.3346875,,,8.96875,,0.00748123,16.972618,4.6850944,21.66519363,22.67249843000001,0,1.8820124864578247
2015-06-12,27.453125,49.75083333333333,32.50625,79.36874999999999,5.234375,1.3205208333333334,,,12.715789473684213,,0.15286335,0.00748123,16.972618,17.13296258,22.26020252000001,0,1.7838432788848877
2015-06-13,27.51770833333333,48.83927083333333,31.838541666666668,80.98854166666666,5.355208333333334,1.2921875,,,14.78888888888889,,1.4833692,0.15286335,0.00748123,1.6437137800000001,23.73208468000001,0,0.9565681219100952
2015-06-14,27.990625,50.72645833333333,33.202083333333334,81.26666666666667,5.290625,1.4104166666666669,,,34.875,,1.3731499,1.4833692,0.15286335,3.0093824500000004,24.674576080000012,0,0.933644711971283
2015-06-15,28.594791666666666,51.64854166666667,33.85520833333333,83.284375,5.34375,1.4032291666666667,,,76.3076923076923,,0.044058446,1.3731499,1.4833692,2.900577546,24.718634526000013,0,0.7568778991699219
2015-06-16,28.894791666666663,51.7403125,33.915625,88.05104166666666,5.610416666666667,1.3415625,,,,,2.9873405,0.044058446,1.3731499,4.404548846,23.02088062600001,0,1.5514647960662842
2015-06-17,28.926041666666663,51.85416666666666,33.998958333333334,89.546875,5.697916666666667,1.3863541666666668,,,,,1.5566663,2.9873405,0.044058446,4.588065246,7.604928926000011,0,0.8436988592147827
2015-06-18,29.43125,51.7221875,33.88125,86.51458333333333,5.470833333333334,1.3827083333333334,,,,,7.174905,1.5566663,2.9873405,11.7189118,14.772352696000011,0,
2015-06-19,28.99791666666667,50.91375,33.30104166666667,83.67052631578947,5.345263157894737,1.3320833333333333,,,,,10.178434,7.174905,1.5566663,18.9100053,24.79792334600001,0,1.8158305883407595
2015-06-20,29.082291666666663,49.131145833333335,31.99895833333333,87.54583333333333,5.614583333333333,1.383541666666667,,,,,14.052761,10.178434,7.174905,31.406100000000002,37.36731514600001,0,0.2752881348133087
2015-06-21,29.93125,47.06854166666667,30.47083333333333,86.71666666666665,5.530208333333333,1.2759375,,,,,3.4297872,14.052761,10.178434,27.6609822,39.42395244600001,0,1.5159739255905151
2015-06-22,30.276041666666668,45.78854166666667,29.542708333333334,82.11145833333333,5.232291666666667,1.2859375,,,,,0.2327786,3.4297872,14.052761,17.715326800000003,39.61267260000001,0,2.1367311477661133
2015-06-23,30.209375,44.369375,28.522916666666664,80.96666666666667,5.195833333333334,1.276875,,,,,0.0031505008,0.2327786,3.4297872,3.6657163008000015,36.628482600800005,0,1.0765211582183838
2015-06-24,29.85,41.0671875,26.16875,82.36354166666666,5.386458333333334,1.2095833333333337,,,,,6.676145,0.0031505008,0.2327786,6.912074100800002,41.747961300800014,0,
2015-06-25,29.25520833333333,43.6621875,28.04479166666667,77.36562500000001,5.060416666666667,1.3495833333333334,,,,,13.359719,6.676145,0.0031505008,20.0390145008,47.93277530080001,0,
2015-06-26,29.35729166666667,41.885104166666665,26.771875,79.08854166666667,5.2,1.2697916666666669,,,,,24.29389,13.359719,6.676145,44.32975400000001,62.04823130080001,1,0.7610911130905151
2015-06-27,28.953125,42.373125,27.132291666666664,77.25416666666666,5.117708333333334,1.3035416666666666,,,,,20.862738,24.29389,13.359719,58.51634700000001,68.85820830080002,1,
2015-06-28,27.754166666666663,42.90677083333333,27.554166666666664,66.096875,4.454166666666667,1.1872916666666666,,,,,18.553719,20.862738,24.29389,63.71034700000001,83.98214010080002,1,2.026684522628784
2015-06-29,27.979166666666668,46.8403125,30.375,67.784375,4.485416666666667,1.3771875,,,,,7.580589,18.553719,20.862738,46.997046000000005,91.32995050080001,0,0.8908345699310303
2015-06-30,28.015625,47.66177083333333,30.96770833333333,69.83333333333333,4.60625,1.3438541666666666,,,,,0.7403144,7.580589,18.553719,26.874622400000003,92.06711440000001,0,2.2409908771514893
2015-07-01,27.728125,47.31666666666666,30.728125,66.26145833333334,4.394791666666666,1.2809375,,,,,4.626624,0.7403144,7.580589,12.947527400000002,90.01759340000002,0,
2015-07-02,28.086458333333336,48.59822916666667,31.646875,68.32604166666667,4.480208333333334,1.2894791666666667,,,,,0.74953294,4.626624,0.7403144,6.116471340000003,77.40740734,0,0.4096891283988952
2015-07-03,27.3875,47.95395833333333,31.19375,63.625,4.229166666666667,1.2697916666666669,,,,,9.191812,0.74953294,4.626624,14.567968940000004,62.30532934000001,0,
2015-07-04,27.66145833333333,47.93958333333333,31.17395833333333,69.22500000000001,4.569791666666666,1.2095833333333337,,,,,7.0330806,9.191812,0.74953294,16.974425540000006,48.47567194000001,0,
2015-07-05,27.797916666666666,48.69583333333333,31.71770833333333,68.54375,4.497916666666667,1.2744791666666666,,,,,1.8466794,7.0330806,9.191812,18.071572000000003,31.768632340000007,0,1.2403734922409058
2015-07-06,27.81041666666667,49.733125,32.47291666666667,71.22500000000001,4.647916666666666,1.3481249999999998,,,,,10.778682,1.8466794,7.0330806,19.658442,34.96672534000001,0,0.9827367067337036
2015-07-07,27.098245614035086,49.67105263157895,32.44736842105263,54.66842105263158,3.626315789473684,1.3178947368421057,,,10.5,,1.3073814,10.778682,1.8466794,13.932742800000003,35.533792340000005,0,1.5679144859313965
2015-07-08,27.97910447761194,49.20850746268656,32.0910447761194,64.00149253731344,4.188059701492538,1.2650746268656716,,,29.46,,0.94138175,1.3073814,10.778682,13.027445150000004,31.848550090000007,0,0.208585575222969
2015-07-09,27.48125,49.603437500000005,32.391666666666666,66.09166666666667,4.35625,1.3472916666666668,,,11.302083333333334,,5.320345,0.94138175,1.3073814,7.5691081500000035,36.419362150000005,0,2.9038593769073486
2015-07-10,27.860416666666666,49.3228125,32.18020833333333,63.46979166666667,4.1625000000000005,1.321041666666667,,,17.946236559139784,,0.10865566,5.320345,0.94138175,6.370382410000004,27.336205810000006,0,1.0261558294296265
2015-07-11,28.136458333333334,49.48416666666666,32.284375000000004,69.29895833333333,4.523958333333334,1.4002083333333333,,,17.233333333333334,,7.017931,0.10865566,5.320345,12.446931660000004,27.321056210000005,0,
2015-07-12,27.727272727272727,50.87623376623377,33.320779220779215,69.85584415584415,4.566233766233767,1.5776623376623378,,,22.279411764705884,,7.6825,7.017931,0.10865566,14.809086660000004,33.15687681000001,0,0.6416257619857788
2015-07-13,27.419512195121957,51.25487804878048,33.599999999999994,61.94146341463414,4.070731707317074,1.5970731707317074,,,27.0,,11.683955,7.6825,7.017931,26.384386000000003,34.06214981000001,0,0.6482294201850891
2015-07-14,27.08055555555556,50.443333333333335,33.013888888888886,73.54722222222222,4.8694444444444445,1.6625,,,19.88888888888889,,9.583507,11.683955,7.6825,28.949962000000003,42.33827541000001,0,
2015-07-15,27.889041095890413,49.32205479452055,32.17945205479452,76.26438356164384,5.006849315068493,1.3663013698630135,,,18.71014492753623,,2.9056926,9.583507,11.683955,24.173154600000004,44.302586260000005,0,4.15610408782959
2015-07-16,27.61566265060241,50.41180722891566,32.98313253012048,73.79879518072289,4.83855421686747,1.4774698795180723,,,12.012048192771084,,1.0279287,2.9056926,9.583507,13.517128300000005,40.010169960000006,0,0.5712757706642151
2015-07-17,27.914130434782606,51.407826086956526,33.69565217391305,78.7891304347826,5.115217391304348,1.5535869565217393,,,11.282608695652174,,0.0860957,1.0279287,2.9056926,4.0197170000000035,39.987610000000004,0,1.4001373052597046
2015-07-18,29.08478260869565,51.807391304347824,33.95869565217391,75.94130434782609,4.830434782608696,1.4992391304347827,,,13.543478260869565,,4.0605745,0.0860957,1.0279287,5.174598900000004,37.03025350000001,0,1.1329058408737185
2015-07-19,29.80208333333333,51.61822916666667,33.791666666666664,76.0,4.785416666666666,1.4617708333333337,,,15.958333333333334,,8.007035,4.0605745,0.0860957,12.153705200000005,37.35478850000001,0,0.6030468940734863
2015-07-20,30.043478260869566,50.75797101449275,33.15797101449275,71.88695652173912,4.520289855072464,1.3408695652173912,,,10.652173913043478,,3.3200364,8.007035,4.0605745,15.387645900000003,28.99086990000001,0,
2015-07-21,30.44941176470588,49.84905882352941,32.472941176470584,78.36235294117647,4.904705882352941,1.2824705882352945,,,15.611764705882353,,2.490666,3.3200364,8.007035,13.817737400000004,21.89802890000001,0,0.6727492213249207
2015-07-22,30.126041666666666,50.68052083333333,33.09791666666667,79.97708333333334,5.023958333333334,1.4010416666666667,,,12.422222222222222,,9.217231,2.490666,3.3200364,15.027933400000004,28.20956730000001,0,0.642334520816803
2015-07-23,29.613541666666663,50.17854166666667,32.75208333333333,73.29375,4.664583333333334,1.4888541666666668,,,14.197916666666666,,8.324279,9.217231,2.490666,20.032176000000003,35.50591760000001,0,0.396549791097641
2015-07-24,28.729166666666668,49.506145833333335,32.282291666666666,74.74374999999999,4.827083333333333,1.5311458333333334,,,8.210526315789474,,8.361132,8.324279,9.217231,25.902642,43.78095390000001,0,1.531346082687378
2015-07-25,27.88854166666667,50.8128125,33.26354166666667,81.71041666666666,5.317708333333333,1.5847916666666666,,,7.65625,,0.038301606,8.361132,8.324279,16.723712606000003,39.758681006,0,3.224142551422119
2015-07-26,27.913541666666664,51.225625,33.567708333333336,81.28020833333333,5.284375,1.5460416666666663,,,8.416666666666666,,0.0025906295,0.038301606,8.361132,8.402024235500003,31.754236635500007,0,0.483290821313858
2015-07-27,28.68645833333333,51.70249999999999,33.895833333333336,78.05104166666666,5.009375,1.5317708333333335,,,8.5,,2.4023523,0.0025906295,0.038301606,2.4432445355000034,30.836552535500008,0,0.1999932080507278
2015-07-28,29.00208333333333,51.949375,34.07083333333333,78.86562500000001,5.030208333333333,1.5359375,,,8.5625,,1.7296616,2.4023523,0.0025906295,4.134604529500003,30.075548135500007,0,1.7190955877304075
2015-07-29,29.147916666666664,52.53302083333333,34.49583333333333,81.55624999999999,5.175,1.5677083333333333,,,9.09375,,0.12514296,1.7296616,2.4023523,4.257156860000003,20.98346009550001,0,0.2987494468688965
2015-07-30,29.688541666666666,52.675,34.58541666666667,80.99062500000001,5.091666666666667,1.4859375,,,9.635416666666666,,0.24700035,0.12514296,1.7296616,2.101804910000004,12.906181445500007,0,0.8283907771110535
2015-07-31,30.136458333333334,52.4328125,34.38645833333333,76.89583333333333,4.810416666666667,1.4241666666666666,,,10.59375,,1.5362555,0.24700035,0.12514296,1.9083988100000036,6.0813049455000066,0,9.55982780456543
2015-08-01,29.875,51.486875,33.69479166666667,78.96979166666667,4.972916666666666,1.406875,,,11.135416666666666,,7.275264,1.5362555,0.24700035,9.058519850000003,13.318267339500007,0,5.0860209465026855
2015-08-02,29.84583333333333,50.80770833333333,33.19375,82.17812500000001,5.177083333333333,1.3989583333333335,,,11.852631578947369,,2.0916083,7.275264,1.5362555,10.903127800000004,15.407285010000006,0,2.029480457305908
2015-08-03,28.235416666666666,49.37739583333333,32.204166666666666,73.93229166666667,4.8187500000000005,1.3565625,,,13.789473684210526,,9.346415,2.0916083,7.275264,18.713287300000005,22.351347710000006,0,25.60082054138184
2015-08-04,27.51875,48.53114583333333,31.604166666666668,76.71666666666667,5.08125,1.3859375,,,14.84375,,7.403319,9.346415,2.0916083,18.841342300000004,28.025005110000006,0,0.2755801677703857
2015-08-05,28.115068493150687,49.230136986301375,32.0972602739726,64.96976744186045,4.344186046511627,1.2197674418604652,,,11.123287671232877,,3.6758115,7.403319,9.346415,20.425545500000005,31.575673650000006,0,
2015-08-06,29.282978723404256,51.97808510638298,34.08297872340426,,,,,,8.170212765957446,,4.560064,3.6758115,7.403319,15.639194500000002,35.88873730000001,0,1.0527077913284302
2015-08-07,28.509615384615383,49.954807692307696,32.65769230769231,,,,,,7.5576923076923075,,18.645285,4.560064,3.6758115,26.881160500000004,52.99776680000001,1,
2015-08-08,27.76315789473684,51.03578947368421,33.44736842105263,,,,,,6.631578947368421,,5.5760403,18.645285,4.560064,28.781389300000004,51.2985431,0,0.2880901396274566
2015-08-09,27.452238805970147,51.80656716417911,34.03283582089552,,,,,,5.2388059701492535,,0.009826776,5.5760403,18.645285,24.231152076000004,49.21676157600001,0,1.7989689111709597
2015-08-10,27.782608695652176,52.33231884057971,34.405797101449274,,,,,,3.5217391304347827,,0.00022089199,0.009826776,5.5760403,5.586087967990004,39.87056746799001,0,1.066441297531128
2015-08-11,27.761904761904763,52.29174603174604,34.36507936507937,,,,,,4.095238095238095,,2.2060707,0.00022089199,0.009826776,2.2161183679900036,34.67331916799,0,0.1451687067747116
2015-08-12,27.96296296296296,52.30092592592592,34.364814814814814,,,,,,4.425925925925926,,3.8936346,2.2060707,0.00022089199,6.099926191990003,34.891142267990006,0,0.2948759496212005
2015-08-13,28.9075,52.20825,34.265,,,1.5521621621621622,,,8.4125,,0.5212456,3.8936346,2.2060707,6.620950900000004,30.85232386799001,0,2.992658853530884
2015-08-14,28.444791666666664,52.51885416666667,34.509375,,,1.445,,,8.5,,0.46883217,0.5212456,3.8936346,4.883712370000004,12.675871037990007,0,1.1993818283081057
2015-08-15,28.322916666666668,52.78114583333333,34.704166666666666,,,1.4407291666666666,,,8.739583333333334,,0.3702794,0.46883217,0.5212456,1.3603571700000034,7.470110137990007,0,2.0133748054504395
2015-08-16,28.559375,53.06239583333333,34.901041666666664,,,1.4014583333333333,,,8.520833333333334,,0.098675445,0.3702794,0.46883217,0.9377870150000035,7.558958806990008,0,3.253126382827759
2015-08-17,29.05625,52.95677083333334,34.809375,,,1.3571875,,,8.90625,,2.2977514,0.098675445,0.3702794,2.7667062450000035,9.856489315000006,0,3.1708240509033203
2015-08-18,28.713541666666668,52.650416666666665,34.603125,,,1.3423958333333337,,,10.520833333333334,,4.155015,2.2977514,0.098675445,6.551441845000003,11.805433615000007,0,
2015-08-19,28.19270833333333,49.41010416666666,32.23854166666667,84.51176470588236,5.541176470588236,1.3665625,,7.862745098039215,11.15625,,3.2260299,4.155015,2.2977514,9.678796300000004,11.137828915000007,0,1.70509135723114
2015-08-20,28.914583333333336,47.953541666666666,31.148958333333336,76.16875,4.921875,1.4180208333333333,,7.7875,8.385416666666666,,5.1418324,3.2260299,4.155015,12.522877300000005,15.758415715000007,0,0.7522209286689758
2015-08-21,29.479166666666668,48.88458333333333,31.80208333333333,80.778125,5.155208333333333,1.4370833333333335,,7.785416666666666,7.947916666666667,,3.2338226,5.1418324,3.2260299,11.601684900000004,18.52340614500001,0,0.5769897103309631
2015-08-22,29.528125,50.06583333333333,32.665625,85.15520833333333,5.404166666666666,1.5278124999999998,,7.807291666666667,7.322916666666667,,1.0937337,3.2338226,5.1418324,9.469388700000003,19.246860445000006,0,1.0892688035964966
2015-08-23,28.730208333333334,51.232395833333335,33.545833333333334,82.88541666666667,5.3,1.5901041666666669,,7.821874999999999,6.8125,,0.2794092,1.0937337,3.2338226,4.606965500000004,19.42759420000001,0,3.180073976516724
2015-08-24,28.99895833333333,51.358125,33.634375,77.73125,4.965625,1.545625,,7.78125,7.052083333333333,,2.3252275,0.2794092,1.0937337,3.6983704000000035,19.455070300000006,0,1.86385977268219
2015-08-25,28.945833333333336,51.02645833333333,33.3875,72.78750000000001,4.653125,1.518541666666667,,7.738541666666666,8.0,,2.5845492,2.3252275,0.2794092,5.189185900000004,17.88460450000001,0,0.5208696722984314
2015-08-26,28.441666666666663,50.008541666666666,32.659375000000004,67.40520833333333,4.370833333333334,1.4544791666666663,,7.701041666666666,10.177083333333334,,5.6072865,2.5845492,2.3252275,10.517063200000003,20.26586110000001,0,0.3753916919231415
2015-08-27,27.76354166666667,50.705000000000005,33.18958333333333,73.171875,4.782291666666667,1.479479166666667,,7.7625,10.520833333333334,,15.356474,5.6072865,2.5845492,23.548309700000004,30.48050270000001,0,
2015-08-28,27.315625,51.49447916666667,33.786458333333336,82.83437500000001,5.429166666666667,1.5571875000000002,,7.861458333333334,10.302083333333334,,3.4445517,15.356474,5.6072865,24.408312200000005,30.691231800000008,0,0.3619097769260406
2015-08-29,27.45208333333333,51.76208333333333,33.975,83.17083333333333,5.434375,1.54375,,7.884374999999999,12.729166666666666,,2.2502642,3.4445517,15.356474,21.051289900000008,31.847762300000007,0,0.0951766371726989
2015-08-30,27.48125,51.517291666666665,33.79270833333333,77.19479166666666,5.048958333333333,1.50125,,7.847916666666666,15.541666666666666,,5.481387,2.2502642,3.4445517,11.176202900000003,37.04974010000001,0,1.1948741674423218
2015-08-31,27.063541666666666,51.25729166666667,33.610416666666666,73.49791666666667,4.847916666666666,1.4659375,,7.829166666666667,14.34375,,20.82763,5.481387,2.2502642,28.5592812,55.55214260000001,1,
2015-09-01,27.671875,50.42447916666666,32.98645833333333,79.20625,5.182291666666667,1.3886458333333334,,7.827083333333333,14.0625,,1.7883887,20.82763,5.481387,28.0974057,54.755982100000004,0,1.1477407217025757
2015-09-02,28.519791666666663,50.11302325581396,32.76744186046512,66.03720930232558,4.362790697674418,1.251860465116279,,7.761458333333334,10.427083333333334,,0.37188783,1.7883887,20.82763,22.98790653,49.52058343000001,0,0.3728505373001098
2015-09-03,28.069791666666664,,,,,,,7.685416666666666,9.302083333333334,,3.7933967,0.37188783,1.7883887,5.95367323,37.957506130000006,0,1.332464575767517
2015-09-04,28.24895833333333,,,,,,,7.677083333333333,7.833333333333333,,3.3112729,3.7933967,0.37188783,7.47655743,37.82422733000001,0,0.730379045009613
2015-09-05,28.322916666666668,,,,,,,7.684375,7.010416666666667,,3.4279683,3.3112729,3.7933967,10.532637900000001,39.00193143000001,0,0.5612413287162781
2015-09-06,27.605208333333334,,,,,,,7.678125,6.458333333333333,,7.6577215,3.4279683,3.3112729,14.3969627,41.17826593000001,0,0.2329918295145034
2015-09-07,27.43541666666667,,,,,,,7.646875,7.166666666666667,,5.1131883,7.6577215,3.4279683,16.1988781,25.463824230000007,0,0.2130605429410934
2015-09-08,28.179166666666664,,,,,,,7.619791666666667,7.6875,,4.605341,5.1131883,7.6577215,17.3762508,28.280776530000008,0,0.5332292914390564
2015-09-09,28.472916666666663,,,,,,,7.584375,9.635416666666666,,3.0694196,4.605341,5.1131883,12.7879489,30.978308300000005,0,2.324331998825073
2015-09-10,28.694791666666664,,,,,,,7.590625,12.520833333333334,,3.0154564,3.0694196,4.605341,10.690217,30.200368000000008,0,1.1618562936782837
2015-09-11,28.141666666666666,,,,,,,7.634374999999999,12.291666666666666,,5.8018346,3.0154564,3.0694196,11.8867106,32.690929700000005,0,2.698960065841675
2015-09-12,27.464583333333334,,,,,,,7.644791666666666,12.260416666666666,,6.2494845,5.8018346,3.0154564,15.0667755,35.51244590000001,0,
2015-09-13,26.940625,,,,,,,7.641666666666667,11.114583333333334,,7.6569643,6.2494845,5.8018346,19.7082834,35.51168870000001,0,
2015-09-14,26.084375,,,,,,,7.694791666666667,8.84375,,0.6379935,7.6569643,6.2494845,14.5444423,31.036493900000007,0,1.7886863946914673
2015-09-15,26.06145833333333,,,,,,,7.716666666666666,11.447916666666666,,0.0,0.6379935,7.6569643,8.294957799999999,26.431152900000008,0,2.1725432872772217
2015-09-16,25.714583333333334,,,96.90363636363637,6.4,1.596,,7.837499999999999,14.03125,,2.0489726,0.0,0.6379935,2.686966099999999,25.410705900000007,0,2.4337399005889893
2015-09-17,25.01770833333333,,,83.38333333333334,5.6468750000000005,1.500625,,7.939583333333334,15.40625,,11.02567,2.0489726,0.0,13.074642599999999,33.42091950000001,0,
2015-09-18,25.555208333333336,,,88.15833333333335,5.902083333333334,1.510729166666667,,7.942708333333333,9.65625,,4.02566,11.02567,2.0489726,17.1003026,31.644744900000006,0,5.469671249389648
2015-09-19,26.303125,,,89.89375,5.940625,1.5065625,,7.933333333333334,8.427083333333334,,1.5854282,4.02566,11.02567,16.6367582,26.980688600000008,0,4.803452014923096
2015-09-20,26.91145833333333,,,87.13541666666667,5.698958333333334,1.4622916666666663,,7.871875,7.242105263157895,,0.31470197,1.5854282,4.02566,5.925790169999998,19.638426270000007,0,2.4563982486724854
2015-09-21,26.729166666666668,,,84.82916666666667,5.566666666666666,1.5667708333333332,,7.863541666666666,9.731182795698924,,3.3422422,0.31470197,1.5854282,5.242372369999998,22.342674970000008,0,0.2220163494348526
2015-09-22,26.04895833333333,,,84.91875,5.627083333333334,1.6566666666666665,,7.909375,11.93684210526316,,6.1245685,3.3422422,0.31470197,9.781512669999998,28.467243470000007,0,0.0624400340020656
2015-09-23,25.059375,,,84.70729166666666,5.735416666666667,1.7352083333333337,,7.940625,19.697916666666668,,3.25608,6.1245685,3.3422422,12.722890699999997,29.67435087000001,0,0.062552161514759
2015-09-24,24.31458333333333,,,84.20937500000001,5.797916666666667,1.8313541666666664,,7.938541666666667,15.03191489361702,,5.4917784,3.25608,6.1245685,14.872426899999997,24.140459270000008,0,0.1525095850229263
2015-09-25,24.417708333333334,,,85.346875,5.9125000000000005,1.7688541666666666,,7.903125,31.3125,,29.199877,5.4917784,3.25608,37.9477354,49.31467627000001,1,
2015-09-26,24.559375,,,86.28854166666667,5.945833333333333,1.8680208333333332,,7.910416666666666,45.03125,,14.999298,29.199877,5.4917784,49.6909534,62.72854607000001,0,
2015-09-27,24.688541666666666,,,88.95208333333333,6.072916666666667,1.9632291666666664,,7.901041666666667,43.13541666666666,,5.4187045,14.999298,29.199877,49.6178795,67.83254860000001,0,2.0794594287872314
2015-09-28,25.11458333333333,,,88.35416666666667,6.0,1.8513541666666664,,7.864583333333333,53.84375,,4.996093,5.4187045,14.999298,25.4140955,69.48639940000001,0,
2015-09-29,26.28333333333333,,,88.4875,5.897916666666667,1.6361458333333332,,7.83125,52.520833333333336,,2.8225522,4.996093,5.4187045,13.2373497,66.1843831,0,1.629127860069275
2015-09-30,27.069791666666664,,,87.36979166666667,5.751041666666667,1.4703125,,7.8,51.0,,4.6540956,2.8225522,4.996093,12.4727408,67.58239870000001,0,0.8190163969993591
2015-10-01,25.84270833333333,,,80.36458333333333,5.415625,1.4884375,,7.821874999999999,74.02105263157895,,26.33452,4.6540956,2.8225522,33.8111678,88.42514030000001,1,
2015-10-02,23.433333333333334,,,87.015625,6.184375,1.6855208333333334,,7.928125,,,36.638107,26.33452,4.6540956,67.62672260000001,95.86337030000001,1,
2015-10-03,24.441666666666663,,,87.66979166666665,6.141666666666667,1.8852083333333327,,7.886458333333334,,,6.6316004,36.638107,26.33452,69.60422740000001,87.49567270000001,0,1.557752251625061
2015-10-04,24.2625,,,88.16923076923077,6.247252747252747,2.1063541666666667,,7.922916666666667,,,0.913682,6.6316004,36.638107,44.1833894,82.9906502,0,0.5465983152389526
2015-10-05,22.86145833333333,,,89.34731182795699,6.603225806451613,2.1519791666666666,,7.930208333333334,,,8.986782,0.913682,6.6316004,16.532064400000007,86.98133920000001,0,0.0522130727767944
2015-10-06,21.665625,,,84.846875,6.484375,2.053020833333333,,7.886458333333334,,,3.9971669,8.986782,0.913682,13.897630900000006,88.1559539,0,1.643497109413147
2015-10-07,21.613541666666663,,,81.80520833333334,6.235416666666667,1.9551041666666664,,7.845833333333334,,,0.010470693,3.9971669,8.986782,12.994419593000007,83.51232899300001,0,3.566319704055786
2015-10-08,22.5125,,,79.62916666666666,5.982291666666666,1.7846874999999998,,7.754166666666666,,,0.0,0.010470693,3.9971669,4.007637593000007,57.177808993000006,0,3.9423751831054688
2015-10-09,23.48229166666667,,,78.45729166666666,5.809375,1.6778125,,7.707291666666666,,,0.32014534,0.0,0.010470693,0.3306160330000071,20.859847333000005,0,3.881843090057373
2015-10-10,23.516666666666666,,,75.70937500000001,5.60625,1.6295833333333334,,7.710416666666667,,,23.46823,0.32014534,0.0,23.788375340000005,37.696476933,1,
2015-10-11,22.59270833333333,,,83.86458333333333,6.227083333333333,1.703854166666667,,7.8625,,,10.636523,23.46823,0.32014534,34.424898340000006,47.419317933,0,2.576848030090332
2015-10-12,22.109375,,,79.05624999999999,5.907291666666667,1.6485416666666666,,7.841666666666666,,,1.8538291,10.636523,23.46823,35.9585821,40.286365033,0,0.2225526720285415
2015-10-13,22.522916666666664,,,81.49270833333334,6.113541666666666,1.39125,,7.754166666666666,,,0.11442577,1.8538291,10.636523,12.604777870000008,36.403623903,0,2.9892237186431885
2015-10-14,23.09684210526316,38.64458333333334,24.610416666666666,81.22842105263157,6.029473684210526,1.3917894736842105,,7.757894736842105,23.39583333333333,,0.06415197,0.11442577,1.8538291,2.0324068400000073,36.457305180000006,0,5.076422691345215
2015-10-15,22.797916666666666,40.298541666666665,25.81041666666667,82.43020833333334,6.101041666666667,1.4882291666666667,,7.78125,14.9375,,0.0,0.06415197,0.11442577,0.1785777400000071,36.457305180000006,0,2.599128246307373
2015-10-16,22.573958333333334,40.69291666666667,26.084375,83.82187499999999,6.215625,1.4484375,,7.806249999999999,9.666666666666666,,0.0,0.0,0.06415197,0.06415197000000711,36.13715984,0,4.589721202850342
2015-10-17,22.113541666666663,41.74604166666666,26.835416666666664,86.471875,6.441666666666666,1.508125,,7.814583333333334,8.673684210526316,,0.0,0.0,0.0,0.0,12.668929840000008,0,3.589756965637207
2015-10-18,19.51875,45.27458333333333,29.378125,92.84583333333336,7.158333333333334,1.5753125,,7.895833333333333,10.284210526315787,,0.0,0.0,0.0,0.0,2.0324068400000073,0,2.6018097400665283
2015-10-19,18.271875,47.513645833333335,30.99791666666667,93.315625,7.296875,1.6672916666666666,,7.939583333333334,5.5,,0.0,0.0,0.0,0.0,0.1785777400000071,0,4.8879876136779785
2015-10-20,18.26458333333333,47.645,31.088541666666668,92.71145833333333,7.241666666666667,1.55625,,7.925000000000001,4.447916666666667,,0.0,0.0,0.0,0.0,0.06415197000000711,0,2.783823013305664
2015-10-21,19.370833333333334,47.15552083333333,30.7375,89.83333333333333,6.894791666666666,1.4726041666666667,,7.882291666666667,5.291666666666667,,0.0,0.0,0.0,0.0,0.0,0,2.432438850402832
2015-10-22,20.48645833333333,46.82260416666667,30.485416666666666,86.10833333333333,6.480208333333334,1.4626041666666667,,7.848958333333333,8.510416666666666,,0.0,0.0,0.0,0.0,0.0,0,2.5611813068389893
2015-10-23,21.172916666666666,46.923541666666665,30.56041666666667,84.48541666666667,6.280208333333333,1.499375,,7.829166666666667,10.447916666666666,,0.0,0.0,0.0,0.0,0.0,0,4.813294410705566
2015-10-24,21.151041666666668,48.15145833333333,31.45625,87.31666666666666,6.458333333333333,1.6815625,,7.855208333333334,5.645833333333333,,0.0,0.0,0.0,0.0,0.0,0,2.501523017883301
2015-10-25,21.2375,48.6275,31.804166666666664,85.57083333333333,6.307291666666667,1.6515625,,7.839583333333334,6.958333333333333,,1.021468,0.0,0.0,1.0214680000000071,1.0214680000000071,0,
2015-10-26,20.6875,49.04624999999999,32.11145833333333,86.89270833333335,6.4625,1.7427083333333335,,7.864583333333333,6.4375,,7.5292673,1.021468,0.0,8.550735300000007,8.550735300000007,0,
2015-10-27,19.744791666666668,49.256458333333335,32.268750000000004,89.83854166666667,6.797916666666667,1.8453125,,7.869791666666667,7.791666666666667,,21.458006,7.5292673,1.021468,30.008741300000008,30.008741300000008,1,
2015-10-28,20.44270833333333,48.67572916666666,31.832291666666663,87.25416666666666,6.523958333333333,1.6502083333333333,,7.828125,7.84375,,12.011957,21.458006,7.5292673,40.99923030000001,42.02069830000001,0,
2015-10-29,21.263541666666665,48.52604166666666,31.72395833333333,88.640625,6.535416666666666,1.4442708333333334,,7.815625,10.104166666666666,,4.498253,12.011957,21.458006,37.96821600000001,46.51895130000001,0,0.4170918464660644
2015-10-30,21.191666666666663,48.69041666666666,31.844791666666666,88.39583333333333,6.516666666666667,1.4698958333333334,,7.832291666666666,7.96875,,0.95419383,4.498253,12.011957,17.46440383000001,47.473145130000006,0,5.294234752655029
2015-10-31,20.391666666666666,49.17333333333334,32.20520833333333,90.696875,6.764583333333333,1.560625,,7.868749999999999,6.157894736842105,,0.0,0.95419383,4.498253,5.4524468300000075,47.473145130000006,0,1.7455867528915403
2015-11-01,20.902083333333334,49.35218750000001,32.331250000000004,91.090625,6.723958333333333,1.4734375,,7.858333333333333,5.729166666666667,,0.5803346,0.0,0.95419383,1.534528430000007,47.03201173000001,0,1.5681217908859253
2015-11-02,21.480208333333334,48.87135416666666,31.971875,86.49166666666667,6.341666666666666,1.4639583333333333,,7.825,11.854166666666666,,2.3217032,0.5803346,0.0,2.902037800000007,41.82444763000001,0,
2015-11-03,20.92708333333333,46.04458333333333,29.92708333333333,87.04479166666665,6.529166666666666,1.616458333333333,,7.817021276595744,7.083333333333333,,6.7344003,2.3217032,0.5803346,9.636438100000007,27.10084193000001,0,
2015-11-04,20.70520833333333,44.696666666666665,28.95208333333333,85.528125,6.476041666666667,1.6313541666666664,,,8.84375,,2.3369865,6.7344003,2.3217032,11.393090000000008,17.425871430000008,0,0.3038718998432159
2015-11-05,21.24375,44.826770833333335,29.041666666666668,82.22916666666667,6.158333333333334,1.5960416666666666,,,9.75,,0.60483724,2.3369865,6.7344003,9.676224040000006,13.532455670000006,0,2.5673751831054688
2015-11-06,21.938541666666666,44.14270833333333,28.542708333333334,80.56458333333333,5.980208333333334,1.60125,,,8.0,,0.008995355,0.60483724,2.3369865,2.950819095000008,12.587257195000008,0,3.30360746383667
2015-11-07,22.657291666666666,42.28364583333333,27.209375,79.61458333333333,5.873958333333333,1.5513541666666668,,,11.21875,,0.03422421,0.008995355,0.60483724,0.6480568050000081,12.621481405000008,0,2.215770959854126
2015-11-08,20.272916666666667,44.59854166666667,28.896875,85.53854166666667,6.533333333333334,1.7882291666666663,,,9.791666666666666,,3.8078072,0.03422421,0.008995355,3.8510267650000083,15.848954005000007,0,
2015-11-09,18.964583333333334,46.58239583333333,30.323958333333334,88.125,6.836458333333333,1.8180208333333332,,,5.635416666666667,,16.921743,3.8078072,0.03422421,20.763774410000007,30.448993805000008,0,
2015-11-10,20.132291666666667,44.334270833333335,28.697916666666668,86.84270833333333,6.654166666666666,1.551979166666667,,,8.895833333333334,,13.919932,16.921743,3.8078072,34.64948220000001,37.634525505000006,0,2.09563422203064
2015-11-11,19.883333333333333,44.205937500000005,28.60729166666667,87.04062499999999,6.6937500000000005,1.4645833333333331,,,8.708333333333334,,0.0,13.919932,16.921743,30.841675000000006,35.297539005000004,0,2.05745005607605
2015-11-12,19.93645833333333,43.962916666666665,28.44270833333333,87.63229166666667,6.739583333333333,1.475833333333333,,,7.427083333333333,,0.0063888216,0.0,13.919932,13.926320821600006,34.69909058660001,0,2.7062735557556152
2015-11-13,19.838541666666668,43.1315625,27.85,88.50833333333333,6.84375,1.43125,,,10.425531914893616,,0.11935208,0.0063888216,0.0,0.12574090160000712,34.8094473116,0,1.8725427389144895
2015-11-14,17.79375,43.69458333333333,28.251041666666666,90.96145833333333,7.292708333333334,1.5323958333333334,,,7.894736842105263,,0.0,0.11935208,0.0063888216,0.12574090160000712,34.775223101600005,0,2.0435423851013184
2015-11-15,17.003125,43.78520833333334,28.30625,91.728125,7.460416666666667,1.5242708333333337,,,9.47872340425532,,0.017687436,0.0,0.11935208,0.1370395160000071,30.985103337600005,0,6.080409526824951
2015-11-16,16.944791666666667,42.75447916666667,27.56875,91.46458333333334,7.484375,1.4440625,,,7.197802197802198,,1.580237,0.017687436,0.0,1.597924436000007,15.643597337600006,0,5.094186782836914
2015-11-17,17.196875000000002,42.21583333333333,27.196875,92.18854166666668,7.524999999999999,1.4461458333333337,,,5.572916666666667,,0.07574398,1.580237,0.017687436,1.673668416000007,1.799409317600007,0,1.1135835647583008
2015-11-18,18.245833333333334,44.695729166666666,28.969791666666666,91.19791666666669,7.21875,1.5914583333333334,,,4.242105263157895,,1.1830666,0.07574398,1.580237,2.839047580000007,2.982475917600007,0,1.0725547075271606
2015-11-19,19.232291666666665,40.607395833333335,26.063541666666666,86.06458333333335,6.8125,1.545,,,6.208333333333333,,41.052505,1.1830666,0.07574398,42.311315580000006,44.028592096000004,1,
2015-11-20,18.667708333333334,40.41333333333333,25.928125,86.53020833333333,6.923958333333334,1.5414583333333332,,,7.53125,,11.627872,41.052505,1.1830666,53.86344360000001,55.53711201600001,0,3.878509759902954
2015-11-21,17.3,45.76416666666666,29.73125,89.58958333333334,7.194791666666667,1.6963541666666666,,,4.895833333333333,,0.0,11.627872,41.052505,52.68037700000001,55.53711201600001,0,4.045817852020264
2015-11-22,16.827083333333334,45.91364583333333,29.835416666666664,87.87916666666666,7.119791666666667,1.5969791666666666,,,5.3052631578947365,,25.146633,0.0,11.627872,36.774505000000005,80.66605758,1,
2015-11-23,14.923958333333331,47.752812500000005,31.13020833333333,90.1375,7.528125,1.635729166666667,,,5.15625,,1.6714166,25.146633,0.0,26.81804960000001,80.75723718,0,3.3001179695129395
2015-11-24,14.844791666666666,48.2090625,31.45208333333333,91.65,7.646875,1.6721875,,,4.25,,0.0,1.6714166,25.146633,26.81804960000001,80.6814932,0,3.4480299949646
2015-11-25,15.026041666666666,48.86947916666667,31.94270833333333,93.59166666666664,7.758333333333333,1.708229166666667,,,4.46875,,0.016415512,0.0,1.6714166,1.687832112000007,79.51484211200001,0,3.6489410400390634
2015-11-26,15.732291666666669,49.22239583333334,32.21458333333333,96.89479166666666,7.905208333333333,1.6840624999999998,,,5.177083333333333,,4.429033e-05,0.016415512,0.0,0.016459802330007104,38.46238140233001,0,4.02675199508667
2015-11-27,16.407291666666666,48.88614583333333,31.980208333333334,97.165625,7.830208333333334,1.6265625,,,5.010526315789473,,0.034709204,4.429033e-05,0.016415512,0.05116900633000711,26.86921860633001,0,3.129936933517456
2015-11-28,16.819791666666667,48.1315625,31.433333333333334,96.58229166666666,7.748958333333333,1.5420833333333333,,,5.28421052631579,,0.3976964,0.034709204,4.429033e-05,0.43244989433000713,27.26691500633001,0,5.125463008880615
2015-11-29,17.088541666666668,47.283125000000005,30.82604166666667,94.58958333333334,7.572916666666667,1.469375,,,10.105263157894736,,0.50011855,0.3976964,0.034709204,0.9325241540000072,2.620400556330007,0,1.7939075231552124
2015-11-30,17.119791666666668,46.92906249999999,30.570833333333336,92.909375,7.448958333333334,1.5767708333333337,,,,,18.776217,0.50011855,0.3976964,19.674031950000007,19.725200956330006,1,0.3225326836109161
2015-12-01,17.054166666666667,47.52666666666667,30.99375,93.39583333333331,7.479166666666667,1.6040625000000002,,,2.7916666666666665,,14.248123,18.776217,0.50011855,33.524458550000006,33.973323956330006,0,
2015-12-02,17.93125,,,91.675,7.252083333333334,1.5625,,,2.5729166666666665,,7.004684,14.248123,18.776217,40.02902400000001,40.96159244433,0,1.1526235342025757
2015-12-03,17.008333333333333,,,90.61354166666666,7.351041666666667,1.5677083333333333,,,2.84375,,5.4644375,7.004684,14.248123,26.717244500000007,46.42598565400001,0,7.700056552886963
2015-12-04,14.736458333333331,,,91.87395833333332,7.741666666666667,1.698020833333333,,,2.3125,,1.1859676,5.4644375,7.004684,13.655089100000007,47.577244050000004,0,7.748239517211914
2015-12-05,13.45,,,94.30104166666666,8.128124999999999,1.705833333333333,,,2.145833333333333,,0.058881503,1.1859676,5.4644375,6.709286603000007,47.238429153000006,0,4.026616096496582
2015-12-06,13.602083333333333,,,94.96458333333334,8.137500000000001,1.6885416666666666,,,2.0625,,0.0,0.058881503,1.1859676,1.244849103000007,46.73831060300001,0,3.536490201950073
2015-12-07,13.813541666666666,,,92.378125,7.895833333333333,1.60875,,,2.2291666666666665,,1.2926688,0.0,0.058881503,1.3515503030000071,29.254762403000008,0,
2015-12-08,13.941666666666668,,,92.20833333333331,7.852083333333333,1.5655208333333333,,,2.458333333333333,,0.15702261,1.2926688,0.0,1.4496914100000071,15.163662013000007,0,3.928133726119995
2015-12-09,14.478125,,,91.853125,7.743749999999999,1.5323958333333334,,,2.5806451612903225,,0.0,0.15702261,1.2926688,1.4496914100000071,8.158978013000006,0,2.9449503421783447
2015-12-10,15.555208333333333,,,92.39791666666667,7.623958333333333,1.5004166666666665,,,3.2916666666666665,,0.0026927541,0.0,0.15702261,0.1597153641000071,2.697233267100007,0,5.3322434425354
2015-12-11,16.038541666666667,,,92.83333333333331,7.572916666666667,1.5159375,,,3.6145833333333335,,0.013674597,0.0026927541,0.0,0.016367351100007105,1.5249402641000072,0,3.004896640777588
2015-12-12,16.871875,,,93.04479166666664,7.46875,1.4867708333333332,,,2.75,,0.0,0.013674597,0.0026927541,0.016367351100007105,1.466058761100007,0,3.3858938217163086
2015-12-13,17.171875,,,91.92291666666668,7.322916666666667,1.4695833333333337,,,2.6354166666666665,,2.2631216,0.0,0.013674597,2.276796197000007,3.729180361100007,0,0.3835839331150055
2015-12-14,17.814583333333335,,,90.078125,7.1000000000000005,1.3890625,,,3.15625,,0.7219027,2.2631216,0.0,2.985024300000007,3.158414261100007,0,1.7150142192840576
2015-12-15,18.62708333333333,,,94.12916666666666,7.358333333333333,1.2701041666666668,,,5.5,,0.15714829,0.7219027,2.2631216,3.142172590000007,3.1585399411000075,0,1.876192331314087
2015-12-16,17.859375,,,93.58541666666667,7.352083333333333,1.4380208333333335,,,3.4375,,0.0,0.15714829,0.7219027,0.8790509900000071,3.1585399411000075,0,3.3593943119049072
2015-12-17,18.39375,,,91.325,7.071875,1.4242708333333332,,,3.6875,,1.2764668,0.0,0.15714829,1.433615090000007,4.432313987000007,0,
2015-12-18,18.341666666666665,,,88.97916666666667,6.980208333333334,1.3191666666666666,,,4.705263157894737,,6.538254,1.2764668,0.0,7.814720800000007,10.956893390000008,0,16.32625389099121
2015-12-19,14.44375,,,89.61666666666667,7.561458333333333,1.4414583333333333,,,2.802083333333333,,0.40356258,6.538254,1.2764668,8.218283380000006,11.360455970000007,0,1.957953691482544
2015-12-20,13.7625,,,90.996875,7.725,1.5141666666666669,,,2.5894736842105264,,0.0,0.40356258,6.538254,6.941816580000007,9.097334370000008,0,2.914968967437744
2015-12-21,14.805208333333333,,,89.22708333333333,7.409375,1.4544791666666663,,,1.2395833333333333,,2.7783632,0.0,0.40356258,3.181925780000007,11.153794870000008,0,
2015-12-22,15.99375,,,88.26354166666665,7.201041666666666,1.39875,,,2.6354166666666665,,14.241133,2.7783632,0.0,17.019496200000006,25.23777958000001,0,
2015-12-23,17.181250000000002,,,87.621875,7.054166666666667,1.4235416666666667,,,4.447916666666667,,27.799603,14.241133,2.7783632,44.81909920000001,53.037382580000006,1,
2015-12-24,18.535416666666663,,,89.359375,7.027083333333334,1.426770833333333,,,7.65625,,20.358088,27.799603,14.241133,62.398824000000005,72.11900378,1,
2015-12-25,19.054166666666667,,,88.51458333333333,6.870833333333334,1.448125,,,5.239583333333333,,1.4715288,20.358088,27.799603,49.62921980000001,67.05227858,0,2.610377550125122
2015-12-26,19.151041666666668,,,86.93333333333334,6.68125,1.4576041666666668,,,4.875,,0.05848086,1.4715288,20.358088,21.888097660000007,66.70719686000001,0,
2015-12-27,19.251041666666666,,,87.69687499999999,6.746875,1.43625,,,4.65625,,0.0,0.05848086,1.4715288,1.530009660000007,66.70719686000001,0,4.594110488891602
2015-12-28,18.97083333333333,,,88.04791666666667,6.807291666666667,1.5008333333333337,,,4.59375,,0.71183753,0.0,0.05848086,0.7703183900000071,64.64067119,0,0.4154990017414093
2015-12-29,19.669791666666665,,,91.65,7.064583333333334,1.4928125,,,4.677083333333333,,2.674935,0.71183753,0.0,3.386772530000007,53.074473190000006,0,
2015-12-30,20.471875,,,91.146875,7.044791666666666,1.4539583333333337,,,5.135416666666667,,3.8009262,2.674935,0.71183753,7.187698730000007,29.075796390000008,0,0.290978193283081
2015-12-31,20.246875,,,83.54583333333333,6.533333333333334,1.4307291666666666,,,4.90625,,11.18872,3.8009262,2.674935,17.664581200000008,19.90642839000001,0,
2016-01-01,18.534375,,,83.39999999999999,6.720833333333334,1.5217708333333333,,,4.010416666666667,,11.756633,11.18872,3.8009262,26.74627920000001,30.19153259000001,0,
2016-01-02,15.711458333333333,,,85.51354166666665,7.292708333333334,1.5065625,,,2.663157894736842,,8.060291,11.756633,11.18872,31.00564400000001,38.193342730000005,0,3.1292665004730225
2016-01-03,13.80625,,,85.21458333333334,7.611458333333334,1.4403125,,,1.5,,2.2471747,8.060291,11.756633,22.06409870000001,40.44051743000001,0,
2016-01-04,12.509375,,,88.96041666666667,8.176041666666666,1.4258333333333333,,,2.895833333333333,,5.656711,2.2471747,8.060291,15.964176700000008,45.38539090000001,0,8.227323532104492
2016-01-05,10.670833333333334,,,92.875,8.636458333333334,1.621875,,,1.9791666666666667,,0.0,5.656711,2.2471747,7.903885700000009,42.71045590000001,0,3.24591064453125
2016-01-06,10.528125,,,95.67916666666667,8.780208333333333,1.68375,,,1.6666666666666667,,0.92721254,0.0,5.656711,6.583923540000009,39.83674224000001,0,
2016-01-07,11.695833333333333,,,98.46770833333332,8.747916666666667,1.6798958333333334,,,1.40625,,1.6569352,0.92721254,0.0,2.5841477400000086,30.30495744000001,0,
2016-01-08,12.53125,,,95.428125,8.315624999999999,1.6940625,,,1.8125,,3.7400703,1.6569352,0.92721254,6.324218040000009,22.288394740000008,0,
2016-01-09,13.694791666666667,,,96.090625,8.157291666666667,1.653333333333333,,,2.302083333333333,,0.45743456,3.7400703,1.6569352,5.854440060000009,14.685538300000006,0,0.7365264892578125
2016-01-10,14.672916666666666,,,94.96770833333332,7.938541666666667,1.4519791666666666,,,3.520833333333333,,2.6678755,0.45743456,3.7400703,6.8653803600000085,15.106239100000007,0,5.111013889312744
2016-01-11,13.044791666666669,,,94.69583333333333,8.206249999999999,1.491458333333333,,,4.114583333333333,,0.16132133,2.6678755,0.45743456,3.2866313900000086,9.610849430000007,0,3.1139848232269287
2016-01-12,12.34179104477612,46.25961538461539,29.97307692307692,98.36716417910448,8.68507462686567,1.5071641791044776,,,3.2666666666666666,,0.0,0.16132133,2.6678755,2.8291968300000088,9.610849430000007,0,2.80182147026062
2016-01-13,11.445833333333333,45.69447916666667,29.547916666666666,95.753125,8.666666666666666,1.3923958333333333,,,,,0.0,0.0,0.16132133,0.1613213300000089,8.683636890000008,0,1.973466873168945
2016-01-14,11.509375,46.486354166666665,30.109375,96.66145833333331,8.714583333333334,1.39,,,,,0.0,0.0,0.0,0.0,7.026701690000007,0,2.213012218475342
2016-01-15,11.970833333333331,45.02447916666667,29.088541666666668,91.47083333333336,8.221874999999999,1.3026041666666666,,,,,12.613726,0.0,0.0,12.613726000000009,15.900357390000007,0,
2016-01-16,12.604166666666666,38.61510416666667,24.56875,93.59270833333332,8.529166666666667,1.0807291666666667,,,,,1.4578519,12.613726,0.0,14.071577900000008,16.90077473000001,0,2.692519426345825
2016-01-17,11.925,42.884166666666665,27.558333333333334,91.44583333333333,8.310416666666667,1.2905208333333331,,,,,16.557962,1.4578519,12.613726,30.629539900000008,30.790861230000008,0,
2016-01-18,10.335416666666667,44.98500000000001,28.972916666666663,91.22708333333333,8.509375,1.3920833333333331,,,,,0.0,16.557962,1.4578519,18.01581390000001,30.629539900000008,0,7.555070877075195
2016-01-19,8.569791666666667,45.6984375,29.355208333333334,92.378125,8.942708333333334,1.3878125,,,,,0.0,0.0,16.557962,16.557962000000007,30.629539900000008,0,3.53586483001709
2016-01-20,8.347916666666666,46.55708333333333,29.961458333333336,93.13020833333331,9.01875,1.3705208333333332,,,,,0.015295458,0.0,0.0,0.015295458000007105,30.64483535800001,0,1.1568279266357422
2016-01-21,9.115625,45.92010416666667,29.56770833333333,95.40416666666664,9.098958333333334,1.29625,,,,,0.016406028,0.015295458,0.0,0.031701486000007106,30.661241386000007,0,5.076745986938477
2016-01-22,9.096875,48.317708333333336,31.27916666666667,94.13020833333331,8.883333333333333,1.5340625,,,,,7.7412076,0.016406028,0.015295458,7.772909086000007,25.78872298600001,0,
2016-01-23,7.626041666666667,46.564479166666665,29.901041666666668,92.52395833333333,9.117708333333333,1.1915625,,,,,7.307871,7.7412076,0.016406028,15.065484628000007,31.638742086000008,0,
2016-01-24,7.807291666666667,47.97052083333333,30.916666666666668,96.440625,9.394791666666666,1.4751041666666664,,,,,0.0,7.307871,7.7412076,15.049078600000007,15.080780086000008,0,2.612638473510742
2016-01-25,8.898958333333333,48.6396875,31.4875,98.746875,9.334375,1.6428125,,,,,0.00071765913,0.0,7.307871,7.308588659130007,15.081497745130006,0,0.2634238004684448
2016-01-26,10.140625,47.79270833333334,30.96666666666667,101.35625,9.355208333333334,1.5121874999999998,,,,,0.41311863,0.00071765913,0.0,0.4138362891300071,15.494616375130008,0,5.647455215454102
2016-01-27,11.0625,46.75989583333333,30.278125,99.81979166666667,9.073958333333334,1.398125,,,,,9.854688,0.41311863,0.00071765913,10.268524289130006,25.334008917130006,0,
2016-01-28,10.390625,48.259166666666665,31.316666666666663,97.45520833333336,8.934375000000001,1.4655208333333334,,,,,5.3664083,9.854688,0.41311863,15.634214930000006,30.684011189130008,0,
2016-01-29,10.598958333333334,46.911875,30.35729166666667,99.25625,9.104166666666666,1.3104166666666666,,,,,13.758103,5.3664083,9.854688,28.979199300000005,36.70090658913001,0,2.603240489959717
2016-01-30,10.407291666666667,46.336354166666666,29.938541666666666,102.30208333333331,9.448958333333334,1.4934375,,,,,0.0,13.758103,5.3664083,19.12451130000001,29.393035589130008,0,2.4179928302764893
2016-01-31,11.029166666666669,43.892291666666665,28.230208333333334,103.30416666666667,9.516666666666667,1.4429166666666668,,,,,0.0,0.0,13.758103,13.758103000000007,29.393035589130008,0,3.604708671569824
2016-02-01,12.405208333333334,38.474583333333335,24.460416666666664,101.978125,9.342708333333333,1.3105208333333334,,,,,1.4053967,0.0,0.0,1.4053967000000072,30.797714630000005,0,3.24702525138855
2016-02-02,13.015625,37.649791666666665,23.9,99.48125,9.020833333333334,1.3527083333333334,,,,,0.0,1.4053967,0.0,1.4053967000000072,30.384596000000005,0,3.118295192718506
2016-02-03,13.942708333333334,40.02697916666667,25.589583333333334,97.58125,8.606250000000001,1.3886458333333334,,,,,0.3394266,0.0,1.4053967,1.7448233000000073,20.869334600000006,0,
2016-02-04,14.8625,34.0071875,21.409375,90.03229166666667,7.992708333333333,1.3101041666666666,,,,,48.11694,0.3394266,0.0,48.45636660000001,63.619866300000005,1,
2016-02-05,12.7625,35.2671875,22.258333333333336,91.14375,8.410416666666666,1.403125,,,,,23.853148,48.11694,0.3394266,72.30951460000001,73.71491130000001,1,4.349893093109131
2016-02-06,10.764583333333334,43.56729166666667,28.007291666666664,93.253125,8.666666666666666,1.6226041666666668,,,,,0.032998566,23.853148,48.11694,72.00308656600002,73.74790986600001,0,
2016-02-07,8.577083333333333,45.38875,29.15625,93.0375,9.016666666666667,1.5063541666666669,,,,,36.907337,0.032998566,23.853148,60.793483566000006,110.655246866,1,
2016-02-08,8.579166666666667,46.04020833333333,29.615625,96.98229166666664,9.365625,1.560625,,,,,6.859291,36.907337,0.032998566,43.799626566,116.10914116600001,0,2.020652532577514
2016-02-09,9.66875,45.43760416666667,29.265625,98.47395833333331,9.291666666666666,1.4357291666666667,,,4.25531914893617,,0.018362306,6.859291,36.907337,43.784990306000005,116.12750347200001,0,2.169771909713745
2016-02-10,9.234375,45.56197916666667,29.329166666666666,98.34270833333332,9.363541666666666,1.3892708333333337,,,3.78125,,0.0,0.018362306,6.859291,6.877653306000007,115.788076872,0,2.54388165473938
2016-02-11,8.844791666666667,46.091770833333335,29.679166666666664,99.26979166666666,9.50625,1.4834375,,,2.8229166666666665,,0.0,0.0,0.018362306,0.018362306000007104,67.671136872,0,1.893125057220459
2016-02-12,8.478125,47.83125,30.89270833333333,96.83645833333333,9.290625,1.5682291666666668,,,1.3333333333333333,,1.8289303,0.0,0.0,1.828930300000007,45.64691917200001,0,
2016-02-13,7.965625,48.39322916666666,31.234375,99.265625,9.602083333333333,1.475833333333333,,,1.53125,,0.0,1.8289303,0.0,1.828930300000007,45.61392060600001,0,4.088790893554688
2016-02-14,6.816666666666666,49.16104166666667,31.67083333333333,100.63333333333333,9.972916666666666,1.5291666666666668,,,2.6979166666666665,,0.0,0.0,1.8289303,1.828930300000007,8.706583606000006,0,
2016-02-15,7.263541666666666,49.022083333333335,31.616666666666664,100.253125,9.842708333333333,1.4386458333333334,,,1.3645833333333333,,2.6856377,0.0,0.0,2.685637700000007,4.532930306000007,0,
2016-02-16,10.0625,43.51125,27.915625,96.959375,9.15,1.3227083333333334,,,6.020833333333333,,32.384197,2.6856377,0.0,35.06983470000001,36.898765000000004,1,3.141914367675781
2016-02-17,10.761458333333332,43.36395833333333,27.84270833333333,95.88333333333333,8.914583333333333,1.3347916666666666,,,6.0,,0.09768882,32.384197,2.6856377,35.16752352000001,36.996453820000006,0,2.67235803604126
2016-02-18,10.072916666666666,44.8734375,28.883333333333336,98.45,9.225,1.4689583333333334,,,2.90625,,0.0,0.09768882,32.384197,32.48188582000001,36.996453820000006,0,3.6648201942443848
2016-02-19,9.783333333333331,46.2715625,29.854166666666668,99.7375,9.347916666666666,1.5116666666666667,,,2.5416666666666665,,0.0,0.0,0.09768882,0.0976888200000071,35.16752352,0,4.507614135742188
2016-02-20,10.647916666666667,45.5996875,29.422916666666666,99.40416666666664,9.1625,1.3792708333333332,,,2.03125,,0.11018311,0.0,0.0,0.1101831100000071,35.277706630000004,0,0.3149299919605255
2016-02-21,12.142708333333331,43.79770833333333,28.198958333333334,98.83333333333331,8.880208333333334,1.3008333333333333,,,2.520833333333333,,2.8215666,0.11018311,0.0,2.931749710000007,38.09927323000001,0,
2016-02-22,12.109375,44.15833333333333,28.471875,94.54895833333336,8.496875000000001,1.3984375,,,2.7291666666666665,,3.7184746,2.8215666,0.11018311,6.650224310000008,39.13211013000001,0,
2016-02-23,11.569791666666667,46.78447916666666,30.320833333333336,95.11145833333336,8.546875,1.505104166666667,,,1.6770833333333333,,5.5063324,3.7184746,2.8215666,12.046373600000006,12.254245530000007,0,
2016-02-24,13.372916666666669,44.43375,28.7,97.959375,8.566666666666666,1.4266666666666667,,,4.375,,4.79865,5.5063324,3.7184746,14.023457000000008,16.955206710000006,0,
2016-02-25,13.086458333333333,38.70604166666667,24.636458333333334,92.21979166666668,8.320833333333333,1.0989583333333333,,,9.177083333333334,,0.19531293,4.79865,5.5063324,10.500295330000007,17.150519640000006,0,2.279791116714477
2016-02-26,11.601041666666667,39.01885416666666,24.823958333333334,96.69791666666669,8.951041666666667,1.2359375,,,5.4375,,0.0,0.19531293,4.79865,4.993962930000008,17.150519640000006,0,2.8953230381011963
2016-02-27,11.161458333333334,40.81510416666666,26.055208333333336,104.47708333333333,9.690625,1.336875,,,2.7604166666666665,,0.0,0.0,0.19531293,0.195312930000008,17.040336530000005,0,2.0924572944641118
2016-02-28,12.144791666666668,37.01916666666667,23.417708333333334,101.95625,9.432291666666666,1.23,,,2.520833333333333,,0.0,0.0,0.0,0.0,14.218769930000008,0,4.71893835067749
2016-02-29,13.322916666666666,28.7365625,17.764583333333334,99.04375,9.239583333333334,1.073229166666667,,,3.875,,0.0,0.0,0.0,0.0,10.500295330000007,0,2.002920866012573
2016-03-01,14.128125,27.380416666666665,16.872916666666665,98.83125,9.107291666666669,1.2092708333333333,,,3.9479166666666665,,0.0,0.0,0.0,0.0,4.9939629300000075,0,3.0983924865722656
2016-03-02,14.494791666666666,27.112604166666667,16.7,97.51041666666669,8.961458333333333,1.1410416666666667,,,5.229166666666667,,0.8443835,0.0,0.0,0.844383500000008,1.039696430000007,0,2.7883195877075195
2016-03-03,11.922916666666666,39.681979166666665,25.291666666666668,100.178125,9.219791666666667,1.4223958333333335,,,3.3229166666666665,,0.06542506,0.8443835,0.0,0.909808560000008,0.9098085600000071,0,2.9714808464050293
2016-03-04,11.502083333333331,42.63697916666667,27.35729166666667,100.6375,9.236458333333331,1.3705208333333332,,,3.3229166666666665,,6.4195786,0.06542506,0.8443835,7.3293871600000084,7.329387160000008,0,
2016-03-05,11.288541666666667,46.07625,29.803125,101.36875,9.198958333333334,1.5645833333333332,,,2.083333333333333,,0.0,6.4195786,0.06542506,6.485003660000008,7.329387160000008,0,2.593305826187134
2016-03-06,12.257291666666667,47.24927083333333,30.68958333333333,103.01875,9.103125,1.5828125,,,2.3541666666666665,,1.9651339,0.0,6.4195786,8.384712500000008,9.294521060000008,0,2.071500778198242
2016-03-07,12.886458333333332,47.614375,30.96875,102.29895833333336,8.886458333333334,1.6015625,,,1.3229166666666667,,0.0,1.9651339,0.0,1.965133900000008,9.294521060000008,0,1.9814414978027344
2016-03-08,14.019791666666668,47.73875,31.089583333333334,97.540625,8.25625,1.483125,,,2.136842105263158,,0.0,0.0,1.9651339,1.965133900000008,9.294521060000008,0,3.6896097660064697
2016-03-09,15.189583333333331,48.1328125,31.396875,89.53333333333335,7.380208333333333,1.4389583333333331,,,6.052631578947368,,0.0,0.0,0.0,0.0,8.450137560000009,0,2.1230149269104004
2016-03-10,16.191666666666666,48.529895833333335,31.707291666666663,86.84375,7.022916666666667,1.42,,,3.631578947368421,,0.069909215,0.0,0.0,0.06990921500000799,8.454621715000007,0,2.7981128692626958
2016-03-11,17.234375,48.39697916666666,31.62291666666667,90.32395833333334,7.167708333333334,1.3228125,,,6.631578947368421,,0.66917455,0.069909215,0.0,0.739083765000008,2.7042176650000074,0,0.5631300806999207
2016-03-12,17.432291666666668,48.8315625,31.945833333333336,83.67812500000001,6.5875,1.3536458333333332,,,11.25531914893617,,0.92218524,0.66917455,0.069909215,1.661269005000008,3.626402905000007,0,1.885285258293152
2016-03-13,18.003125,48.98135416666667,32.057291666666664,80.3357894736842,6.276842105263158,1.2896875,,,29.6,,0.031987306,0.92218524,0.66917455,1.623347096000008,1.6932563110000072,0,1.1863995790481567
2016-03-14,18.960416666666667,47.6375,31.08333333333333,86.87395833333333,6.686458333333333,1.2535416666666668,,,36.23333333333333,,3.9431977,0.031987306,0.92218524,4.8973702460000075,5.636454011000007,0,1.9059996604919436
2016-03-15,18.638541666666665,47.25739583333333,30.81145833333333,81.45104166666667,6.325,1.2905208333333331,,,25.35820895522388,,2.2901735,3.9431977,0.031987306,6.265358506000007,7.926627511000007,0,3.5241169929504395
2016-03-16,18.540625,48.0278125,31.376041666666666,82.98854166666666,6.441666666666666,1.3854166666666667,,,9.96875,,0.0,2.2901735,3.9431977,6.233371200000008,7.926627511000007,0,2.78180193901062
2016-03-17,18.46770833333333,47.266875,30.81875,86.33645833333333,6.732291666666666,1.4194791666666668,,,5.021739130434782,,0.5363954,0.0,2.2901735,2.826568900000008,8.393113696000007,0,9.378948211669922
2016-03-18,17.585416666666667,48.9678125,32.05520833333333,85.40208333333334,6.730208333333334,1.5599999999999998,,,3.621052631578948,,6.658805,0.5363954,0.0,7.195200400000008,14.382744146000007,0,1.645122528076172
2016-03-19,17.678124999999998,49.254895833333336,32.26354166666667,85.23125,6.695833333333333,1.5042708333333332,,,5.416666666666667,,2.5706735,6.658805,0.5363954,9.765873900000008,16.031232406000008,0,
2016-03-20,15.725,50.0503125,32.821875,81.15208333333334,6.60625,1.5348958333333331,,,2.478723404255319,,0.023968367,2.5706735,6.658805,9.253446867000008,16.023213467000005,0,0.1780325174331665
2016-03-21,14.661458333333334,50.95364583333333,33.458333333333336,85.934375,7.110416666666667,1.5316666666666665,,,3.020833333333333,,0.0,0.023968367,2.5706735,2.594641867000008,12.080015767000006,0,3.6719250679016113
2016-03-22,15.095833333333331,51.10177083333334,33.565625,86.03125,7.038541666666667,1.4942708333333332,,,1.5729166666666667,,0.0,0.0,0.023968367,0.023968367000007994,9.789842267000006,0,2.9831459522247314
2016-03-23,16.222916666666666,48.95708333333334,32.01770833333333,82.94895833333334,6.698958333333334,1.285,,,3.239583333333333,,0.0,0.0,0.0,0.0,9.789842267000006,0,3.728613376617432
2016-03-24,17.591666666666665,46.60489583333333,30.328125,82.61145833333333,6.554166666666667,1.2346875,,,3.3541666666666665,,0.0,0.0,0.0,0.0,9.253446867000006,0,0.298115462064743
2016-03-25,19.51458333333333,43.23385416666667,27.898958333333336,80.64791666666666,6.26875,1.1634375,,,6.1875,,1.5153046,0.0,0.0,1.5153046000000079,4.109946467000006,0,1.2200816869735718
2016-03-26,18.359375,43.99520833333333,28.465625,72.9375,5.789583333333333,1.3011458333333332,,,7.458333333333333,,8.036087,1.5153046,0.0,9.551391600000008,9.575359967000006,0,
2016-03-27,17.108333333333334,47.2125,30.778125,78.05208333333333,6.252083333333334,1.4340624999999998,,,3.875,,44.37865,8.036087,1.5153046,53.93004160000001,53.93004160000001,1,
2016-03-28,19.159375,45.29916666666667,29.383333333333336,83.89999999999999,6.5062500000000005,1.3063541666666667,,,4.385416666666667,,7.8363366,44.37865,8.036087,60.25107360000001,61.766378200000005,0,1.9638580083847048
2016-03-29,18.654166666666665,45.84145833333333,29.78645833333333,90.20208333333332,7.039583333333333,1.4106249999999998,,,3.4166666666666665,,0.0,7.8363366,44.37865,52.21498660000001,61.766378200000005,0,1.8942490816116333
2016-03-30,18.504166666666663,46.16125,30.01770833333333,92.071875,7.198958333333334,1.4505208333333333,,,3.0625,,0.0,0.0,7.8363366,7.836336600000007,61.766378200000005,0,4.050632476806641
2016-03-31,19.37708333333333,44.81072916666667,29.03645833333333,81.11874999999999,6.2875000000000005,1.3171875,,,3.778947368421053,,0.1402792,0.0,0.0,0.1402792000000071,61.9066574,0,
2016-04-01,20.605208333333334,40.77791666666667,26.151041666666668,80.02916666666667,6.173958333333334,1.2157291666666663,,,8.322916666666666,,7.8161077,0.1402792,0.0,7.956386900000007,68.2074605,0,
2016-04-02,19.77083333333333,40.80052083333333,26.172916666666666,75.83645833333334,5.922916666666667,1.1367708333333333,,,14.434782608695652,,10.947066,7.8161077,0.1402792,18.903452900000005,71.1184395,0,1.9175790548324585
2016-04-03,17.25,42.364583333333336,27.303125,81.35729166666667,6.633333333333333,1.224375,,,13.53012048192771,,0.0,10.947066,7.8161077,18.76317370000001,26.7397895,0,2.9057559967041016
2016-04-04,17.508333333333333,46.835625,30.507291666666664,86.1125,6.853125,1.3840625,,,9.204819277108436,,0.0,0.0,10.947066,10.947066000000007,18.9034529,0,2.098690986633301
2016-04-05,16.301041666666666,47.10364583333333,30.694791666666664,86.09895833333333,7.017708333333334,1.421875,,,7.5625,,0.0,0.0,0.0,0.0,18.9034529,0,2.030936479568481
2016-04-06,15.625,50.27645833333333,32.979166666666664,93.46979166666668,7.6,1.6092708333333334,,,5.666666666666667,,0.05630122,0.0,0.0,0.056301220000007104,18.959754120000003,0,3.05494236946106
2016-04-07,17.576041666666665,49.59322916666667,32.50416666666667,92.68958333333336,7.277083333333334,1.38875,,,8.947368421052632,,15.363505,0.05630122,0.0,15.419806220000007,34.18297992,0,2.965778112411499
2016-04-08,17.70595238095238,49.69047619047619,32.582142857142856,84.39761904761905,6.6035714285714295,1.252857142857143,,,8.024096385542169,,0.0,15.363505,0.05630122,15.419806220000007,26.366872219999998,0,2.340944766998291
2016-04-09,,,,,,,,,,,0.0,0.0,15.363505,15.363505000000007,15.41980622,0,2.7182366847991943
2016-04-10,,,,,,,,,,,0.0,0.0,0.0,0.0,15.41980622,0,4.587650775909424
2016-04-11,18.9078431372549,50.297254901960784,33.02549019607843,108.56274509803922,8.294117647058824,1.4317647058823528,,,4.470588235294118,,0.044639338,0.0,0.0,0.044639338000007106,15.464445558,0,2.414969682693481
2016-04-12,17.575,49.50875,32.45104166666667,90.203125,7.088541666666667,1.3291666666666666,,,3.389473684210526,,11.0311,0.044639338,0.0,11.075739338000007,26.495545558,0,
2016-04-13,17.546875,50.19166666666666,32.94895833333333,95.1,7.444791666666667,1.4905208333333333,,,4.59375,,2.7273147,11.0311,0.044639338,13.803054038000006,29.166559038,0,2.1140949726104736
2016-04-14,16.216666666666665,51.575520833333336,33.94166666666667,94.71041666666667,7.569791666666667,1.6111458333333333,,,4.135416666666667,,0.11137768,2.7273147,11.0311,13.869792380000007,13.914431718,0,1.9424450397491453
2016-04-15,15.333333333333334,52.27447916666667,34.440625000000004,93.80104166666666,7.60625,1.725625,,,3.2916666666666665,,3.2060235,0.11137768,2.7273147,6.044715880000007,17.120455218,0,2.317941665649414
2016-04-16,15.202083333333334,52.54364583333333,34.63125,94.93854166666668,7.713541666666667,1.710625,,,3.1354166666666665,,0.83227336,3.2060235,0.11137768,4.1496745400000075,17.952728578,0,1.976240277290344
2016-04-17,15.539583333333333,52.7340625,34.78125,95.66666666666669,7.714583333333334,1.7066666666666668,,,3.03125,,0.0,0.83227336,3.2060235,4.038296860000007,17.952728578,0,
2016-04-18,16.65625,52.79614583333333,34.846875,95.90833333333336,7.559375,1.6836458333333333,,,2.770833333333333,,0.0,0.0,0.83227336,0.8322733600000071,17.90808924,0,1.6521600484848022
2016-04-19,18.05625,52.40708333333333,34.579166666666666,95.096875,7.313541666666667,1.4871875,,,3.59375,,0.23310952,0.0,0.0,0.2331095200000071,7.11009876,0,
2016-04-20,18.36875,52.17958333333333,34.41041666666667,92.29895833333336,7.064583333333334,1.5552083333333335,,,4.322916666666667,,0.025926895,0.23310952,0.0,0.25903641500000707,4.408710955,0,2.950587272644043
2016-04-21,18.475,52.32010416666666,34.510416666666664,91.553125,6.985416666666667,1.5411458333333332,,,3.96875,,0.0,0.025926895,0.23310952,0.25903641500000707,4.297333275,0,0.6496503353118896
2016-04-22,20.25625,51.12416666666667,33.630208333333336,92.04479166666664,6.83125,1.466041666666667,,,6.072916666666667,,1.1172434,0.0,0.025926895,1.143170295000007,2.208553175,0,1.350311040878296
2016-04-23,20.557291666666668,49.38520833333333,32.35208333333333,88.60208333333333,6.589583333333334,1.444583333333333,,,5.28125,,10.032785,1.1172434,0.0,11.150028400000007,11.409064815,0,1.303508758544922
2016-04-24,20.167708333333334,50.471562500000005,33.153125,91.32604166666664,6.791666666666667,1.5923958333333337,,,3.59375,,0.11007777,10.032785,1.1172434,11.260106170000007,11.519142585,0,1.181096434593201
2016-04-25,20.73958333333333,50.75083333333333,33.35104166666667,93.01354166666664,6.838541666666667,1.5683333333333334,,,3.625,,0.0,0.11007777,10.032785,10.142862770000008,11.519142585,0,1.3019797801971436
2016-04-26,21.709375,49.37114583333334,32.334375,90.14166666666668,6.554166666666667,1.4339583333333332,,,4.604166666666667,,0.0,0.0,0.11007777,0.11007777000000711,11.286033065000002,0,2.668768882751465
2016-04-27,22.62708333333333,47.0740625,30.644791666666663,88.825,6.420833333333333,1.372291666666667,,,5.854166666666667,,0.045370154,0.0,0.0,0.04537015400000711,11.305476324,0,1.7104625701904297
2016-04-28,22.91979166666667,45.486041666666665,29.49375,86.925,6.292708333333334,1.3886458333333334,,,5.583333333333333,,4.583313,0.045370154,0.0,4.628683154000008,15.888789324000001,0,1.1260713338851929
2016-04-29,23.059375,46.470104166666665,30.20208333333333,87.96041666666667,6.321875,1.4625,,,4.635416666666667,,10.310927,4.583313,0.045370154,14.939610154000007,25.082472924,0,2.062496423721313
2016-04-30,21.51458333333333,48.766979166666665,31.902083333333334,84.52499999999999,6.195833333333333,1.5822916666666669,,,6.583333333333333,,0.027633613,10.310927,4.583313,14.921873613000008,15.077321537000001,0,0.53010094165802
2016-05-01,21.304166666666667,49.548541666666665,32.47708333333333,79.80104166666666,5.858333333333333,1.5338541666666667,,,15.322916666666666,,8.518918,0.027633613,10.310927,18.857478613000005,23.486161767,0,0.0956101492047309
2016-05-02,22.407291666666666,49.251875000000005,32.24375,80.49791666666667,5.798958333333334,1.4448958333333335,,,5.5625,,11.621011,8.518918,0.027633613,20.16756261300001,35.107172767,0,1.7229942083358765
2016-05-03,21.879166666666663,47.42427083333333,30.932291666666668,80.425,5.889583333333333,1.4373958333333334,,,8.375,,35.265774,11.621011,8.518918,55.40570300000001,70.372946767,1,
2016-05-04,21.851041666666664,48.15614583333333,31.454166666666666,80.56979166666666,5.888541666666666,1.4353125,,,6.604166666666667,,13.424696,35.265774,11.621011,60.311481000000015,83.752272613,0,1.572368025779724
2016-05-05,20.954166666666666,50.4221875,33.11770833333333,82.65833333333333,6.078125,1.573229166666667,,,4.541666666666667,,8.690189,13.424696,35.265774,57.38065900000001,87.859148613,0,0.9991206526756288
2016-05-06,19.659375,51.19552083333334,33.69166666666667,86.50729166666667,6.4906250000000005,1.567395833333333,,,4.458333333333333,,0.069550805,8.690189,13.424696,22.184435805000007,77.61777241800002,0,0.9029195308685304
2016-05-07,20.183333333333334,51.5859375,33.97708333333333,89.20729166666666,6.602083333333333,1.5323958333333334,,,4.375,,0.035834886,0.069550805,8.690189,8.795574691000008,77.625973691,0,0.7890385985374451
2016-05-08,21.17395833333333,51.587604166666665,33.96458333333333,89.028125,6.463541666666667,1.4525,,,5.0625,,0.021173887,0.035834886,0.069550805,0.1265595780000071,69.128229578,0,1.7140169143676758
2016-05-09,22.559375,51.07489583333333,33.578125,84.48229166666667,6.010416666666667,1.4651041666666669,,7.983333333333333,3.893617021276596,,1.2031287,0.021173887,0.035834886,1.260137473000007,58.710347278,0,0.0558363609015941
2016-05-10,22.75520833333333,50.72552083333333,33.31979166666667,79.58333333333333,5.655208333333333,1.4297916666666666,,7.952083333333333,,,6.7406282,1.2031287,0.021173887,7.964930787000007,30.185201478,0,
2016-05-11,23.39583333333333,49.825520833333336,32.641666666666666,81.05416666666666,5.705208333333334,1.4239583333333332,,7.925,,,4.3069253,6.7406282,1.2031287,12.250682200000007,21.067430778,0,1.088448405265808
2016-05-12,23.808333333333334,48.5034375,31.66979166666667,77.859375,5.472916666666666,1.3753125,,7.882291666666667,,,3.6898835,4.3069253,6.7406282,14.737437000000007,16.067125278,0,1.033782958984375
2016-05-13,23.53020833333333,47.692395833333336,31.089583333333334,74.37604166666667,5.283333333333333,1.4140625,,7.871875,,,6.2644897,3.6898835,4.3069253,14.261298500000008,22.262064173,0,1.9137874841690063
2016-05-14,23.972916666666663,46.85625,30.48125,76.78750000000001,5.426041666666666,1.4262499999999998,,7.855208333333334,,,6.604605,6.2644897,3.6898835,16.55897820000001,28.830834287,0,1.761532425880432
2016-05-15,22.694791666666664,46.10541666666666,29.95833333333333,83.71249999999999,6.064583333333334,1.465833333333333,,7.934375,,,0.38789698,6.604605,6.2644897,13.256991680000008,29.19755738,0,2.4774885177612305
2016-05-16,22.121875,47.40302083333333,30.902083333333334,83.31666666666666,6.0687500000000005,1.515625,,7.986458333333334,,,0.0,0.38789698,6.604605,6.992501980000007,27.99442868,0,1.5293844938278198
2016-05-17,22.523958333333336,46.35447916666666,30.132291666666664,79.10416666666667,5.758333333333333,1.4151041666666666,,7.941666666666666,,,0.29953513,0.0,0.38789698,0.6874321100000071,21.553335609999998,0,
2016-05-18,22.31041666666667,45.723958333333336,29.68125,73.73541666666667,5.395833333333333,1.4008333333333332,,7.89375,,,8.815017,0.29953513,0.0,9.114552130000007,26.06142731,0,
2016-05-19,22.290625,47.357395833333335,30.860416666666666,79.73541666666667,5.790625,1.4401041666666667,,7.929166666666667,,,1.0317454,8.815017,0.29953513,10.146297530000007,23.403289209999997,0,
2016-05-20,21.334375,48.56364583333333,31.753125,81.12708333333333,5.971875,1.5076041666666666,,7.995833333333334,,,1.8204099,1.0317454,8.815017,11.667172300000006,18.95920941,0,
2016-05-21,22.61458333333333,48.88,31.969791666666666,80.76041666666667,5.804166666666667,1.3540625000000002,,7.9125,,,16.407866,1.8204099,1.0317454,19.260021300000005,28.76247041,0,0.712346613407135
2016-05-22,22.932291666666668,49.21364583333334,32.206250000000004,77.953125,5.5625,1.3861458333333332,,7.892708333333334,,,1.32842,16.407866,1.8204099,19.55669590000001,29.70299343,0,0.7381484508514404
2016-05-23,22.31875,49.618125,32.51145833333333,81.78229166666667,5.882291666666667,1.4085416666666666,,7.947916666666667,,,0.31669432,1.32842,16.407866,18.052980320000007,30.01968775,0,1.2575759887695312
2016-05-24,22.715625,49.556354166666665,32.454166666666666,87.28333333333335,6.221875,1.4541666666666666,,7.972916666666666,,,0.02029431,0.31669432,1.32842,1.665408630000007,29.740446929999997,0,2.269935846328736
2016-05-25,24.069791666666664,48.2484375,31.475,84.403125,5.905208333333333,1.3794791666666668,,7.904166666666666,,,0.0,0.02029431,0.31669432,0.33698863000000706,20.925429929999996,0,2.017296075820923
2016-05-26,25.365625,46.70552083333333,30.332291666666663,77.20104166666667,5.313541666666667,1.3460416666666666,,7.826041666666666,,,0.0,0.0,0.02029431,0.020294310000007105,19.893684529999998,0,0.1152903288602829
2016-05-27,25.63125,47.01927083333334,30.55625,83.46458333333334,5.702083333333333,1.4341666666666668,,7.833333333333333,,,0.0,0.0,0.0,0.0,18.073274629999997,0,2.6981661319732666
2016-05-28,25.492708333333336,48.615,31.715625,82.10416666666667,5.611458333333334,1.5332291666666666,,7.829166666666667,,,0.22596166,0.0,0.0,0.22596166000000711,1.89137029,0,
2016-05-29,26.034375,47.95427083333333,31.229166666666668,78.47604166666666,5.332291666666666,1.5013541666666663,,7.745833333333334,,,9.760392,0.22596166,0.0,9.986353660000006,10.32334229,0,1.2233896255493164
2016-05-30,26.49375,48.07822916666667,31.309375,77.40104166666667,5.21875,1.500625,,7.713541666666667,,,12.7513075,9.760392,0.22596166,22.737661160000005,22.75795547,0,0.3270027339458465
2016-05-31,25.822916666666668,49.15520833333333,32.104166666666664,76.27499999999999,5.183333333333334,1.585208333333333,,7.75625,,,7.255213,12.7513075,9.760392,29.766912500000007,29.99287416,0,0.9892154335975648
2016-06-01,25.41979166666667,50.138645833333335,32.831250000000004,74.49270833333334,5.071875,1.6330208333333334,,7.773958333333333,,,5.879926,7.255213,12.7513075,25.886446500000005,35.87280016,0,0.1426442712545395
2016-06-02,25.976041666666664,50.2346875,32.901041666666664,78.17708333333333,5.270833333333333,1.5957291666666666,,7.764583333333333,,,11.785459,5.879926,7.255213,24.920598000000005,47.65825916,0,0.0524468980729579
2016-06-03,27.101041666666664,49.696041666666666,32.469791666666666,81.32604166666667,5.3968750000000005,1.5494791666666667,,7.726041666666667,,,5.2651124,11.785459,5.879926,22.930497400000007,52.92337156,0,0.6694589257240295
2016-06-04,27.2875,49.68375,32.458333333333336,81.16979166666667,5.363541666666666,1.4898958333333334,,7.702083333333333,,,9.054837,5.2651124,11.785459,26.10540840000001,61.752246899999996,0,1.581161379814148
2016-06-05,26.671875,50.077916666666674,32.7625,82.52499999999999,5.495833333333334,1.4885416666666669,,7.7375,,,10.200191,9.054837,5.2651124,24.520140400000006,62.1920459,0,1.5501998662948608
2016-06-06,25.697916666666668,50.123020833333335,32.81979166666667,81.03854166666666,5.489583333333333,1.4671875,,7.684375,7.981481481481482,,17.112417,10.200191,9.054837,36.367445000000004,66.55315540000001,0,
2016-06-07,25.782291666666666,49.0146875,32.010416666666664,88.06458333333335,5.978125,1.4488541666666668,,7.644791666666666,7.791666666666667,,12.936914,17.112417,10.200191,40.249522000000006,72.2348564,0,2.9181182384490967
2016-06-08,26.15416666666667,47.90270833333333,31.18958333333333,91.29895833333336,6.1781250000000005,1.5096875,,7.672916666666667,6.9375,,0.0,12.936914,17.112417,30.04933100000001,66.3549304,0,1.0672528743743896
2016-06-09,26.0875,50.9621875,33.425000000000004,91.39895833333333,6.11875,1.5671875,,7.694791666666667,5.875,,0.0,0.0,12.936914,12.936914000000007,54.5694714,0,1.9924941062927248
2016-06-10,26.45,50.837604166666665,33.329166666666666,89.57291666666667,5.961458333333333,1.5453125,,7.672916666666667,5.979166666666667,,0.0,0.0,0.0,0.0,49.304359,0,0.9041287302970886
2016-06-11,26.909375,49.29979166666666,32.1875,84.215625,5.603125,1.4784375,,7.641666666666667,6.96875,,0.021812707,0.0,0.0,0.021812707000007106,40.271334706999994,0,
2016-06-12,27.55,46.70010416666667,30.276041666666668,86.58958333333334,5.758333333333333,1.4447916666666665,,7.616666666666667,8.083333333333334,,0.39851633,0.021812707,0.0,0.42032903700000707,30.469660037,0,1.354198694229126
2016-06-13,27.23229166666667,48.62041666666667,31.691666666666663,86.14270833333335,5.713541666666667,1.615,,7.64375,5.40625,,2.1097105,0.39851633,0.021812707,2.530039537000007,15.466953537,0,2.406845808029175
2016-06-14,27.33333333333333,48.215,31.384375,79.16562499999999,5.261458333333334,1.5711458333333337,,7.602083333333333,6.489583333333333,,0.064815484,2.1097105,0.39851633,2.573042314000007,2.594855021,0,1.7800991535186768
2016-06-15,28.055208333333336,46.466145833333336,30.104166666666668,74.72812499999999,4.941666666666666,1.5175,,7.545833333333333,7.854166666666667,,5.0289254,0.064815484,2.1097105,7.203451384000007,7.623780421,0,0.5815927386283875
2016-06-16,28.36875,45.3709375,29.29583333333333,77.70208333333333,5.132291666666666,1.4262499999999998,,7.529166666666666,9.0625,,3.7741227,5.0289254,0.064815484,8.867863584000007,11.397903121,0,1.3232178688049316
2016-06-17,28.43541666666667,47.28385416666666,30.679166666666664,79.12291666666667,5.182291666666667,1.5232291666666666,,7.571874999999999,9.489583333333334,,1.5642941,3.7741227,5.0289254,10.367342200000007,12.962197221,0,0.5349351167678833
2016-06-18,26.95520833333333,49.06635416666666,32.016666666666666,84.19270833333333,5.608333333333333,1.7733333333333334,,7.642708333333334,23.072916666666668,,0.84146065,1.5642941,3.7741227,6.179877450000007,13.781845164,0,0.3774533271789551
2016-06-19,25.87708333333333,51.026250000000005,33.475,85.90625,5.775,1.7005208333333333,,7.654166666666666,33.041666666666664,,0.0,0.84146065,1.5642941,2.405754750000007,13.383328834,0,2.382009983062744
2016-06-20,24.88148148148148,50.70629629629629,33.262962962962966,64.56666666666666,4.433333333333334,1.3162962962962963,,7.52962962962963,58.851851851851855,,0.0,0.0,0.84146065,0.8414606500000071,11.273618334,0,1.900675058364868
2016-06-21,,,,,,,,,,,2.9712105,0.0,0.0,2.9712105000000073,14.18001335,0,0.9133580923080444
2016-06-22,29.048,49.0606,31.952,104.496,6.734,1.5046000000000002,,7.936,7.82,8.017999999999999,2.2997117,2.9712105,0.0,5.270922200000007,11.45079965,0,1.466955542564392
2016-06-23,28.425,48.91697916666666,31.86875,87.09166666666665,5.653125,1.4536458333333335,,7.857291666666668,7.645833333333333,7.316666666666666,12.843032,2.2997117,2.9712105,18.113954200000006,20.51970895,0,0.4717511534690857
2016-06-24,28.11458333333333,48.7809375,31.778125,74.46666666666667,4.86875,1.4213541666666665,,7.807291666666667,5.782608695652174,7.201041666666666,21.200705,12.843032,2.2997117,36.3434487,40.156119849999996,1,0.0385126955807209
2016-06-25,27.744791666666668,49.67552083333334,32.4375,72.57708333333333,4.753125,1.5304166666666663,,7.78125,5.387096774193548,6.673958333333334,1.8264582,21.200705,12.843032,35.8701952,41.1411174,0,0.071793682873249
2016-06-26,27.566666666666663,51.74270833333333,33.953125,87.30833333333334,5.682291666666667,1.6805208333333337,,7.85,,5.320833333333334,0.13175593,1.8264582,21.200705,23.158919130000005,41.272873329999996,0,0.29316446185112
2016-06-27,28.4375,52.404375,34.420833333333334,85.94791666666667,5.503125,1.6436458333333333,,7.846875,,5.128125,0.00011574805,0.13175593,1.8264582,1.9583298780500036,41.272989078049996,0,0.2843474149703979
2016-06-28,28.41875,52.2953125,34.34375,76.7,4.927083333333333,1.5744791666666669,,7.809375,,4.697916666666667,1.2140242,0.00011574805,0.13175593,1.3458958780500037,39.51580277805,0,0.0404254458844661
2016-06-29,28.05625,52.107708333333335,34.2125,74.42916666666666,4.809375,1.5725,,7.803125,,4.684375,4.2594256,1.2140242,0.00011574805,5.473565548050004,41.47551667805,0,3.981640100479126
2016-06-30,28.430208333333336,52.00770833333333,34.12708333333333,76.034375,4.895833333333333,1.614270833333333,,7.805208333333333,,4.425,5.1951523,4.2594256,1.2140242,10.668602100000005,33.82763697805,0,0.9931169152259828
2016-07-01,27.96875,51.27875,33.608333333333334,75.30729166666667,4.895833333333333,1.5877083333333333,,7.788541666666667,,5.458333333333333,11.67739,5.1951523,4.2594256,21.131967900000006,24.30432197805,0,
2016-07-02,28.554166666666664,51.33375,33.630208333333336,75.41145833333333,4.851041666666666,1.5891666666666666,,7.789583333333333,,5.608333333333333,3.5230713,11.67739,5.1951523,20.395613600000004,26.00093507805,0,0.7354893684387207
2016-07-03,29.211458333333336,51.64416666666667,33.8375,75.871875,4.820833333333334,1.5679166666666668,,7.782291666666667,,5.723958333333333,11.534392,3.5230713,11.67739,26.734853300000005,37.40357114805,0,
2016-07-04,29.572916666666668,51.854375000000005,33.98229166666667,75.53750000000001,4.761458333333334,1.5278124999999998,,7.78125,,6.284375,6.6473227,11.534392,3.5230713,21.704786000000006,44.0507781,0,0.0648853555321693
2016-07-05,30.09166666666667,51.550625,33.73854166666667,81.3125,5.089583333333334,1.3745833333333335,,7.782291666666667,,7.463541666666667,5.3071594,6.6473227,11.534392,23.488874100000004,48.1439133,0,0.922383427619934
2016-07-06,29.89583333333333,51.24135416666667,33.520833333333336,80.70208333333333,5.070833333333334,1.3319791666666667,,7.822916666666667,,8.240625,11.046347,5.3071594,6.6473227,23.000829100000004,54.930834700000005,0,
2016-07-07,29.7375,50.74125,33.15208333333333,81.2,5.10625,1.2859375,,7.836458333333333,,7.986458333333334,1.4719039,11.046347,5.3071594,17.825410300000005,51.2075863,0,1.87932813167572
2016-07-08,29.635416666666668,50.3546875,32.873958333333334,82.71354166666667,5.221875,1.3869791666666669,,7.855208333333334,,7.491666666666667,5.477359,1.4719039,11.046347,17.995609900000005,45.0075553,0,3.103496789932251
2016-07-09,30.085416666666664,50.396458333333335,32.891666666666666,83.15208333333334,5.221875,1.4902083333333334,,7.854166666666667,,6.491666666666667,10.485897,5.477359,1.4719039,17.435159900000002,51.970381,0,0.3358926177024841
2016-07-10,30.344791666666666,50.6525,33.071875,81.57291666666667,5.0875,1.5530208333333333,,7.832291666666666,,5.8125,0.06744774,10.485897,5.477359,16.03070374,40.503436740000005,0,0.1186019778251648
2016-07-11,29.70208333333333,48.50635416666666,31.53333333333333,79.44583333333334,5.0687500000000005,1.614375,,7.79375,,6.244791666666667,9.292845,0.06744774,10.485897,19.84618974,43.14895904,0,0.1516863703727722
2016-07-12,29.479166666666668,48.53458333333333,31.54895833333333,71.090625,4.546875,1.615,,7.748958333333333,,6.3500000000000005,4.9439864,9.292845,0.06744774,14.304279140000004,42.785786040000005,0,0.632554829120636
2016-07-13,30.055208333333336,48.3928125,31.433333333333334,72.77395833333334,4.6156250000000005,1.5815625000000002,,7.735416666666667,,7.032291666666667,8.387994,4.9439864,9.292845,22.624825400000006,40.12743304,0,
2016-07-14,30.5625,47.165,30.523958333333336,75.50833333333334,4.779166666666667,1.4868750000000002,,7.733333333333333,,8.371875000000001,1.0273633,8.387994,4.9439864,14.359343700000004,39.682892439999996,0,2.7653183937072754
2016-07-15,30.396875,45.231770833333336,29.1375,73.25208333333333,4.686458333333333,1.4020833333333331,,7.748958333333333,,10.163541666666667,3.3285272,1.0273633,8.387994,12.743884500000004,37.53406064,0,2.1520535945892334
2016-07-16,29.758333333333336,45.876875000000005,29.626041666666666,68.88854166666667,4.442708333333333,1.4461458333333337,,7.752083333333334,,10.115625,16.865929,3.3285272,1.0273633,21.221819500000002,43.91409264000001,0,0.0739010572433471
2016-07-17,29.18541666666667,46.36989583333334,30.003125,67.49791666666667,4.380208333333333,1.4214583333333335,,7.717708333333333,,9.303125,7.3971043,16.865929,3.3285272,27.5915605,51.2437492,0,4.624654769897461
2016-07-18,29.42395833333333,48.109791666666666,31.25520833333333,70.62604166666667,4.538541666666666,1.4313541666666667,,7.765625,,8.807291666666666,0.9592082,7.3971043,16.865929,25.222241500000003,42.9101124,0,2.1205525398254395
2016-07-19,29.459375,48.849583333333335,31.7875,74.04479166666667,4.73125,1.4513541666666667,,7.807291666666667,,9.025,7.3904004,0.9592082,7.3971043,15.746712899999999,45.35652640000001,0,0.057546105235815
2016-07-20,29.059375,49.8959375,32.5625,77.93854166666667,4.98125,1.492916666666667,,7.834375,,7.461458333333333,6.8865285,7.3904004,0.9592082,15.2361371,43.8550609,0,3.002017021179199
2016-07-21,29.825,50.87427083333333,33.248958333333334,81.83854166666667,5.145833333333333,1.4969791666666667,,7.829166666666667,7.375,6.471875,0.35221452,6.8865285,7.3904004,14.62914342,43.17991212,0,0.7418851256370544
2016-07-22,29.803125,51.231875,33.514583333333334,81.815625,5.147916666666666,1.4691666666666665,,7.805208333333333,6.4526315789473685,5.784375,0.03610424,0.35221452,6.8865285,7.27484726,39.88748916,0,
2016-07-23,29.719791666666666,51.520833333333336,33.73020833333333,82.93854166666667,5.219791666666667,1.4336458333333333,,7.808333333333334,7.364583333333333,6.111458333333334,0.028076211,0.03610424,0.35221452,0.416394971,23.049636371,0,1.755439281463623
2016-07-24,30.011458333333334,51.49958333333333,33.70104166666667,81.22604166666666,5.091666666666667,1.3854166666666667,,7.788541666666667,8.53125,6.185416666666666,0.45786238,0.028076211,0.03610424,0.522042831,16.110394451,0,1.4889678955078125
2016-07-25,29.74375,51.1253125,33.4375,79.55416666666666,5.019791666666666,1.3632291666666667,,7.782291666666667,8.114583333333334,6.363541666666666,0.023014748,0.45786238,0.028076211,0.5089533390000001,15.174200999,0,1.698528289794922
2016-07-26,29.2,50.43125,32.953125,79.21770833333333,5.054166666666666,1.3234375,,7.8,8.8125,6.788541666666667,1.3153872,0.023014748,0.45786238,1.796264328,9.099187799,0,0.3699647188186645
2016-07-27,28.85625,50.4021875,32.94166666666667,81.12916666666666,5.214583333333334,1.3740625,,7.813541666666667,8.09375,7.246875,7.712364,1.3153872,0.023014748,9.050765948,9.925023299,0,1.823339939117432
2016-07-28,28.778125,50.9171875,33.31979166666667,80.31041666666667,5.157291666666667,1.4153125,,7.813541666666667,7.729166666666667,6.155208333333333,7.472239,7.712364,1.3153872,16.4999902,17.045047779,0,0.7385654449462891
2016-07-29,28.769791666666663,50.34,32.90416666666667,80.43958333333333,5.182291666666667,1.4166666666666667,,7.808333333333334,8.8125,7.048958333333334,0.7021037,7.472239,7.712364,15.8867067,17.711047239,0,0.2718320488929748
2016-07-30,28.870833333333334,51.475,33.729166666666664,79.67083333333333,5.105208333333334,1.5220833333333337,,7.808333333333334,6.989583333333333,6.248958333333333,10.898135,0.7021037,7.472239,19.0724777,28.581106028,0,1.873770236968994
2016-07-31,28.784375,51.74635416666666,33.93125,81.14687500000001,5.198958333333334,1.5247916666666663,,7.786458333333333,8.125,6.984375,20.67944,10.898135,0.7021037,32.2796787,48.802683648,1,2.0299458503723145
2016-08-01,28.360416666666666,51.85541666666666,34.02291666666667,81.07291666666667,5.2250000000000005,1.48625,,7.7875,8.4375,8.805208333333333,18.216686,20.67944,10.898135,49.794261,66.9963549,1,1.005219340324402
2016-08-02,28.36875,51.6484375,33.86875,83.22604166666666,5.361458333333334,1.4258333333333333,,7.803125,8.0625,9.89375,10.759691,18.216686,20.67944,49.655817,76.4406587,0,2.0350983142852783
2016-08-03,28.46875,50.31666666666666,32.88854166666667,86.19479166666667,5.566666666666666,1.5376041666666669,,7.837499999999999,8.510416666666666,8.194791666666667,5.424918,10.759691,18.216686,34.401295,74.1532127,0,2.0145492553710938
2016-08-04,29.057291666666668,51.4775,33.71875,87.784375,5.588541666666667,1.6202083333333333,,7.878125,7.4375,5.938541666666667,0.07806591,5.424918,10.759691,16.262674909999998,66.75903961,0,0.4246339201927185
2016-08-05,28.7375,49.81510416666666,32.520833333333336,82.72291666666666,5.338541666666667,1.5446875,,7.858333333333333,9.270833333333334,6.563541666666667,2.8063161,0.07806591,5.424918,8.309300009999996,68.86325201,0,3.2569174766540527
2016-08-06,29.54479166666667,48.73885416666667,31.697916666666668,81.83749999999999,5.217708333333333,1.3696875000000002,,7.788541666666667,12.083333333333334,8.772916666666667,3.5857956,2.8063161,0.07806591,6.470177609999997,61.55091261,0,1.2738711833953855
2016-08-07,30.19375,47.13166666666667,30.5125,88.66041666666666,5.627083333333334,1.3107291666666667,,7.808333333333334,13.3125,11.527083333333332,6.036607,3.5857956,2.8063161,12.428718699999997,46.90807961,0,4.207239627838135
2016-08-08,30.43645833333333,46.209375,29.838541666666668,86.49166666666667,5.488541666666666,1.4123958333333333,,7.833333333333333,12.177083333333334,10.476041666666667,5.710815,6.036607,3.5857956,15.333217599999998,34.40220861,0,0.7434312105178833
2016-08-09,30.664583333333336,45.93197916666667,29.63020833333333,83.28541666666666,5.277083333333334,1.4720833333333332,,7.840625,10.364583333333334,9.079166666666667,6.7461004,5.710815,6.036607,18.493522399999996,30.388618010000002,0,0.7960692048072815
2016-08-10,31.05,45.41385416666666,29.245833333333334,79.78229166666667,5.034375,1.434375,,7.81875,11.135416666666666,8.916666666666666,0.17097302,6.7461004,5.710815,12.627888419999998,25.134673030000002,0,1.6143189668655396
2016-08-11,30.944791666666664,45.62010416666666,29.401041666666668,76.49374999999999,4.832291666666666,1.4346875,,7.807291666666667,12.020833333333334,9.488541666666666,0.028899604,0.17097302,6.7461004,6.945973023999998,25.085506724,0,1.5211591720581057
2016-08-12,30.8,44.69895833333334,28.735416666666666,74.67083333333333,4.739583333333333,1.4122916666666667,,7.795833333333333,13.610526315789471,9.923958333333331,0.011068132,0.028899604,0.17097302,0.21094075599999734,22.290258756,0,1.6772687435150146
2016-08-13,30.494791666666668,42.537083333333335,27.213541666666668,71.96458333333334,4.633333333333334,1.3655208333333333,,7.784375,16.757894736842104,11.41875,0.05098884,0.011068132,0.028899604,0.09095657599999733,18.755451996,0,1.224454045295715
2016-08-14,30.073958333333334,42.638958333333335,27.29895833333333,71.60625,4.647916666666666,1.3821875,,7.783333333333334,15.916666666666666,14.659375,0.026385404,0.05098884,0.011068132,0.08844237599999734,12.7452304,0,0.3621673882007599
2016-08-15,29.88958333333333,45.55135416666667,29.394791666666663,74.16770833333334,4.776041666666667,1.4963541666666669,,7.813541666666667,14.416666666666666,14.519791666666668,0.8558639,0.026385404,0.05098884,0.9332381439999974,7.8902793,0,2.305230140686035
2016-08-16,29.7625,49.27645833333333,32.09375,77.97083333333333,4.964583333333334,1.6602083333333333,,7.875,10.83695652173913,11.183333333333332,1.5838627,0.8558639,0.026385404,2.4661120039999975,2.7280416,0,1.0754610300064087
2016-08-17,29.71770833333333,50.74229166666667,33.157291666666666,79.02083333333333,5.0,1.676770833333333,,7.858333333333333,11.151898734177216,8.65,0.30861038,1.5838627,0.8558639,2.7483369799999977,2.8656789600000003,0,2.292339563369751
2016-08-18,29.651041666666668,50.64125000000001,33.088541666666664,72.63437499999999,4.603125,1.5082291666666665,,7.822916666666667,17.159574468085108,10.389583333333333,7.3907595,0.30861038,1.5838627,9.283232579999996,10.227538855999999,0,0.9282883405685424
2016-08-19,28.773958333333336,51.426875,33.692708333333336,69.78750000000001,4.460416666666666,1.5232291666666666,,7.828125,13.242105263157894,9.828125,7.8167543,7.3907595,0.30861038,15.516124179999998,18.033225024,0,0.753202497959137
2016-08-20,28.653125,51.523645833333326,33.76145833333333,72.09791666666666,4.623958333333333,1.5990624999999998,,7.832291666666666,10.326315789473684,9.283333333333331,8.80994,7.8167543,7.3907595,24.0174538,26.792176184,0,2.048520803451538
2016-08-21,29.2,51.99822916666667,34.09583333333333,73.80729166666667,4.672916666666667,1.541979166666667,,7.8125,10.552083333333334,8.479166666666666,0.36876345,8.80994,7.8167543,16.995457749999996,27.13455423,0,2.1183197498321533
2016-08-22,29.047916666666666,52.463750000000005,34.44166666666667,77.55208333333333,4.914583333333334,1.5990624999999998,,7.837499999999999,9.135416666666666,6.951041666666666,2.8348613,0.36876345,8.80994,12.013564749999995,29.11355163,0,0.6053974628448486
2016-08-23,29.03645833333333,53.013020833333336,34.853125,79.17291666666667,5.015625,1.7192708333333335,,7.853124999999999,7.273684210526316,5.226041666666666,0.17967863,2.8348613,0.36876345,3.3833033799999965,27.709367559999997,0,0.7045185565948486
2016-08-24,28.047916666666666,53.322187500000005,35.112500000000004,82.78333333333333,5.316666666666666,1.674791666666667,,7.864583333333333,8.145833333333334,5.147916666666666,0.017090827,0.17967863,2.8348613,3.0316307569999963,27.417848007,0,1.0556113719940186
2016-08-25,28.45520833333333,53.348645833333336,35.12083333333333,81.33020833333333,5.188541666666667,1.6216666666666668,,7.823958333333334,7.75,4.998958333333333,0.0,0.017090827,0.17967863,0.19676945699999646,20.027088507,0,2.342383623123169
2016-08-26,28.932291666666668,53.125,34.93333333333333,77.74062500000001,4.933333333333334,1.5527083333333334,,7.746875,8.35483870967742,5.277083333333334,0.0,0.0,0.017090827,0.017090826999996447,12.210334206999999,0,2.0558133125305176
2016-08-27,29.444791666666664,52.89322916666666,34.75208333333333,77.65520833333333,4.894791666666666,1.5479166666666666,,7.728124999999999,8.145833333333334,5.68125,0.0013215598,0.0,0.0,0.0013215597999964473,3.4017157667999998,0,1.6341763734817505
2016-08-28,29.2875,52.71833333333333,34.62708333333334,78.96458333333334,5.001041666666667,1.61,,7.726041666666667,7.322916666666667,5.541666666666667,2.48269,0.0013215598,0.0,2.4840115597999963,5.515642316799999,0,0.3452250957489013
2016-08-29,28.92395833333333,53.15916666666666,34.965625,79.97500000000001,5.073958333333334,1.6551041666666666,,7.740625,6.875,5.578125,2.8896937,2.48269,0.0013215598,5.373705259799996,5.5704747168,0,0.3577262461185455
2016-08-30,28.69375,53.271875,35.05625,79.31770833333333,5.05,1.6701041666666667,,7.747916666666666,6.677083333333333,6.5218750000000005,6.4373264,2.8896937,2.48269,11.809710099999997,11.8281224868,0,0.4281254708766937
2016-08-31,28.37291666666667,53.298854166666665,35.08645833333333,71.91562499999999,4.60625,1.6467708333333333,,7.732291666666666,6.0625,6.846875,5.1042953,6.4373264,2.8896937,14.431315399999995,16.915326959799998,0,2.2486109733581543
2016-09-01,28.664583333333336,53.258125,35.053125,80.32083333333334,5.1125,1.6258333333333337,,7.748958333333333,6.447916666666667,6.782291666666667,12.341526,5.1042953,6.4373264,23.883147699999995,29.2568529598,0,3.906682014465332
2016-09-02,27.4,49.783125000000005,32.536458333333336,76.03645833333333,5.03125,1.640625,,7.719791666666667,9.65625,6.223958333333333,48.384693,12.341526,5.1042953,65.83051429999999,77.6415459598,1,
2016-09-03,26.05208333333333,43.42697916666666,27.963541666666668,86.55104166666666,5.995833333333334,1.3952083333333334,,7.725,14.157894736842104,6.463541666666667,19.013681,48.384693,12.341526,79.73989999999998,96.65390539999999,1,2.7198708057403564
2016-09-04,26.54479166666667,46.93197916666667,30.478125,90.13541666666669,6.076041666666666,1.7520833333333332,,7.813541666666667,6.368421052631579,5.132291666666666,0.0030660827,19.013681,48.384693,67.40144008269998,94.1742814827,0,2.014469861984253
2016-09-05,26.807291666666668,48.5590625,31.641666666666666,94.15,6.288541666666667,1.791875,,7.813541666666667,4.936842105263158,6.351041666666667,1.4041795,0.0030660827,19.013681,20.42092658269999,92.68876728269998,0,1.159014344215393
2016-09-06,27.214583333333334,47.911145833333336,31.164583333333336,97.0625,6.457291666666666,1.695,,7.801041666666666,5.5,6.778125,7.4888225,1.4041795,0.0030660827,8.896068082699994,93.74026338270001,0,3.461420774459839
2016-09-07,27.660416666666663,45.271875,29.241666666666664,98.065625,6.540625,1.5942708333333335,,7.806249999999999,6.697916666666667,7.746875,2.8306499,7.4888225,1.4041795,11.723651899999993,91.4666179827,0,3.025944709777832
2016-09-08,28.065625,41.5446875,26.566666666666663,94.196875,6.330208333333334,1.5220833333333337,,7.794791666666666,7.958333333333333,10.130208333333334,2.6738894,2.8306499,7.4888225,12.993361799999994,81.79898138269999,0,6.767636775970459
2016-09-09,28.24791666666667,39.17625,24.89270833333333,85.93124999999999,5.811458333333333,1.5123958333333334,,7.776041666666667,8.333333333333334,9.796875,0.16259815,2.6738894,2.8306499,5.667137449999993,33.5768865327,0,2.1069705486297607
2016-09-10,27.96770833333333,37.418125,23.665625,78.79583333333333,5.392708333333334,1.4964583333333332,,7.728124999999999,8.46875,9.703125,0.28229296,0.16259815,2.6738894,3.118780509999993,14.8454984927,0,2.0935254096984863
2016-09-11,28.05,36.35010416666667,22.913541666666664,74.703125,5.11875,1.408125,,7.664583333333333,10.145833333333334,11.11875,0.76424295,0.28229296,0.16259815,1.209134059999993,15.60667536,0,1.4370659589767456
2016-09-12,27.813541666666666,38.41760416666667,24.38958333333333,65.01770833333333,4.441666666666666,1.465625,,7.625,9.645833333333334,10.166666666666666,11.927163,0.76424295,0.28229296,12.973698909999992,26.12965886,0,0.1087669655680656
2016-09-13,27.240625,44.41802083333334,28.659375,77.80729166666667,5.254166666666666,1.66,,7.759374999999999,6.947916666666667,6.45,3.4072392,11.927163,0.76424295,16.098645149999992,22.04807556,0,4.420955657958984
2016-09-14,27.021875,46.42145833333333,30.096875,76.70937500000001,5.160416666666666,1.6539583333333334,,7.7625,6.645833333333333,6.008333333333333,5.5187616,3.4072392,11.927163,20.853163799999994,24.73618726,0,0.3205413520336151
2016-09-15,26.63020833333333,47.3128125,30.757291666666664,83.36041666666667,5.626041666666667,1.67375,,7.785416666666666,7.385416666666667,5.629166666666666,8.093729,5.5187616,3.4072392,17.019729799999993,30.156026860000004,0,4.310705661773682
2016-09-16,26.778125,49.57510416666667,32.39479166666667,89.70520833333335,5.977083333333333,1.7253125,,7.837499999999999,7.885416666666667,5.826041666666666,0.322961,8.093729,5.5187616,13.935451599999993,30.316389710000003,0,1.3748054504394531
2016-09-17,27.210416666666664,50.971562500000005,33.39479166666667,91.51041666666669,6.014583333333333,1.7172916666666664,,7.871875,7.197916666666667,5.670833333333333,0.04848926,0.322961,8.093729,8.465179259999992,30.082586010000004,0,4.268809795379639
2016-09-18,28.023958333333336,51.4890625,33.75729166666667,89.77916666666665,5.816666666666666,1.6381249999999998,,7.859375,7.114583333333333,5.545833333333333,0.4169706,0.04848926,0.322961,0.7884208599999929,29.735313660000003,0,0.9301555752754213
2016-09-19,27.621875,51.08572916666666,33.47604166666667,80.68854166666667,5.283333333333333,1.5316666666666665,,7.810416666666666,7.03125,5.708333333333333,16.1248,0.4169706,0.04848926,16.590259859999993,33.93295066,0,0.6257781386375427
2016-09-20,26.620833333333334,50.55416666666667,33.110416666666666,77.35000000000001,5.154166666666667,1.4767708333333334,,7.752083333333334,8.072916666666666,6.165625,24.071028,16.1248,0.4169706,40.61279859999999,54.596739459999995,1,0.4001009464263916
2016-09-21,27.179166666666664,51.18114583333334,33.56041666666667,84.91666666666667,5.573958333333334,1.575416666666667,,7.744791666666667,6.166666666666667,6.032291666666667,12.180676,24.071028,16.1248,52.37650399999999,61.25865386,0,0.1416875272989273
2016-09-22,26.938541666666666,49.49,32.329166666666666,81.20416666666667,5.402083333333334,1.6900000000000002,,7.733333333333333,4.979166666666667,6.501041666666667,2.5062182,12.180676,24.071028,38.75792219999999,55.67114306,0,1.662367820739746
2016-09-23,27.097916666666663,48.24104166666667,31.40416666666667,83.6125,5.563541666666667,1.6694791666666668,,7.715625,4.833333333333333,6.707291666666666,2.0827556,2.5062182,12.180676,16.769649799999993,57.43093766,0,0.592827320098877
2016-09-24,27.51875,48.5671875,31.634375,84.64895833333334,5.586458333333333,1.6453125,,7.70625,4.604166666666667,6.885416666666667,0.056068942,2.0827556,2.5062182,4.645042741999993,57.438517342000004,0,2.279934883117676
2016-09-25,27.479166666666668,49.142500000000005,32.05520833333333,83.88645833333334,5.540625,1.7010416666666668,,7.708333333333333,4.927083333333333,6.264583333333333,0.0028788347,0.056068942,2.0827556,2.141703376699993,57.024425576700004,0,1.126693844795227
2016-09-26,26.70833333333333,50.103541666666665,32.778125,84.85833333333333,5.65625,1.6746875,,7.741666666666667,4.989583333333333,5.1156250000000005,0.008825035,0.0028788347,0.056068942,0.06777281169999289,40.908450611700005,0,2.1281604766845703
2016-09-27,26.96770833333333,50.12895833333334,32.78958333333333,81.878125,5.432291666666667,1.5838541666666668,,7.730208333333334,5.416666666666667,5.1125,10.882777,0.008825035,0.0028788347,10.894480869699994,27.720199611700004,0,2.978299856185913
2016-09-28,27.48125,49.98666666666667,32.671875,82.28020833333333,5.415625,1.5629166666666665,,7.709375,5.197916666666667,5.257291666666666,5.9525256,10.882777,0.008825035,16.844127634999992,21.492049211700003,0,1.1808533668518066
2016-09-29,26.971875,49.78989583333333,32.540625,78.82604166666667,5.236458333333333,1.5838541666666668,,7.686458333333333,5.53125,5.676041666666666,20.818274,5.9525256,10.882777,37.653576599999994,39.8041050117,1,0.2532944679260254
2016-09-30,26.55,48.60333333333333,31.691666666666663,76.99895833333333,5.177083333333333,1.6933333333333334,,7.672916666666667,5.03125,5.069791666666666,13.090164,20.818274,5.9525256,39.86096359999999,50.811513411700005,0,1.1372480392456057
2016-10-01,26.478125,47.31072916666667,30.75,75.58645833333334,5.104166666666667,1.7144791666666668,,7.647916666666667,5.25,5.3187500000000005,20.083399,13.090164,20.818274,53.99183699999999,70.83884346970001,1,0.0828096717596054
2016-10-02,26.903125,46.66666666666666,30.27083333333333,81.66145833333333,5.4906250000000005,1.6933333333333334,,7.642708333333334,5.395833333333333,6.432291666666667,7.7741556,20.083399,13.090164,40.94771859999999,78.61012023500001,0,8.929203987121582
2016-10-03,26.77916666666667,46.76895833333333,30.352083333333336,85.06458333333333,5.716666666666666,1.645520833333333,,7.671875,4.447916666666667,7.239583333333333,1.7420322,7.7741556,20.083399,29.599586799999994,80.3433274,0,1.7661516666412354
2016-10-04,25.57604166666667,47.72958333333333,31.07604166666667,84.96249999999999,5.827083333333333,1.7368750000000002,,7.681481481481482,3.6666666666666665,5.770370370370371,16.421743,1.7420322,7.7741556,25.937930799999993,85.8822934,0,
2016-10-05,24.507291666666664,49.24239583333334,32.203125,92.45833333333331,6.410416666666666,1.8022916666666668,,,,,5.385018,16.421743,1.7420322,23.54879319999999,85.3147858,0,1.51061749458313
2016-10-06,24.0125,50.02166666666667,32.77916666666667,91.665625,6.39375,1.8521875,,,,,1.2325741,5.385018,16.421743,23.03933509999999,65.7290859,0,
2016-10-07,24.61458333333333,49.7315625,32.55520833333333,89.24479166666667,6.170833333333333,1.8854166666666667,,,,,23.227888,1.2325741,5.385018,29.845480099999993,75.86680989999999,1,0.655657947063446
2016-10-08,24.475,48.084270833333335,31.352083333333336,89.62708333333335,6.261458333333334,2.0153125,,,,,61.026897,23.227888,1.2325741,85.48735909999999,116.8103079,1,
2016-10-09,21.694791666666664,43.90177083333333,28.37395833333333,90.515625,6.757291666666667,1.5154166666666666,,,,,13.107592,61.026897,23.227888,97.362377,122.1437443,0,2.7066867351531982
2016-10-10,21.063541666666666,46.283229166666665,30.09583333333333,90.178125,6.729166666666667,2.0165625,,,,,0.0,13.107592,61.026897,74.13448899999999,120.4017121,0,3.745069980621338
2016-10-11,20.370833333333334,46.24208333333333,30.066666666666663,89.028125,6.733333333333333,1.926875,,,,,0.0,0.0,13.107592,13.107591999999993,103.97996909999999,0,2.9786417484283447
2016-10-12,20.996875,45.914270833333326,29.828125,89.14479166666666,6.675,1.868645833333333,,,,,0.0,0.0,0.0,0.0,98.59495109999999,0,2.000483512878418
2016-10-13,21.953125,44.47885416666667,28.7875,87.83854166666667,6.5,1.7398958333333334,,,,,0.0,0.0,0.0,0.0,97.362377,0,2.600062608718872
2016-10-14,22.276041666666668,43.63010416666666,28.18645833333333,86.73229166666665,6.407291666666667,1.8227083333333327,,,,,0.010046916,0.0,0.0,0.010046915999992894,74.14453591600001,0,1.2432717084884644
2016-10-15,21.975,43.77135416666667,28.291666666666668,89.54479166666665,6.641666666666667,1.8298958333333333,,,,,0.36764103,0.010046916,0.0,0.3776879459999929,13.485279946,0,4.494428634643555
2016-10-16,22.432291666666668,43.22677083333334,27.89270833333333,88.32916666666667,6.508333333333333,1.7670833333333331,,,,,0.00033224968,0.36764103,0.010046916,0.3780201956799929,0.37802019568,0,3.459571123123169
2016-10-17,23.12395833333333,42.59791666666667,27.430208333333336,85.24895833333333,6.219791666666667,1.7282291666666667,,,,,0.0,0.00033224968,0.36764103,0.3679732796799929,0.37802019568,0,2.9423391819000244
2016-10-18,23.575,42.193333333333335,27.13958333333333,82.84895833333333,6.002083333333334,1.661145833333333,,,,,0.0,0.0,0.00033224968,0.0003322496799928946,0.37802019568,0,4.597108840942383
2016-10-19,23.852083333333336,41.65125,26.74791666666667,81.38229166666666,5.880208333333333,1.6133333333333333,,,,,0.0,0.0,0.0,0.0,0.37802019568,0,2.2678821086883545
2016-10-20,24.134375,40.900729166666665,26.207291666666663,81.10312499999999,5.84375,1.5920833333333333,,,,,0.0,0.0,0.0,0.0,0.37802019568,0,2.956896543502808
2016-10-21,24.03645833333333,40.537395833333335,25.948958333333334,80.24479166666667,5.813541666666667,1.5466666666666666,,,,,0.00081464084,0.0,0.0,0.0008146408399928946,0.36878792052,0,2.4037365913391118
2016-10-22,21.31145833333333,40.59625,26.0375,82.09270833333333,6.239583333333333,1.5680208333333334,,,,,0.075987644,0.00081464084,0.0,0.0768022848399929,0.07713453451999999,0,3.443765163421631
2016-10-23,19.832291666666663,41.7034375,26.83020833333333,81.89791666666666,6.369791666666667,1.7085416666666668,,,,,0.00013289988,0.075987644,0.00081464084,0.07693518471999289,0.07693518472,0,1.6270898580551147
2016-10-24,19.3875,39.6215625,25.35,81.37604166666667,6.447916666666667,1.56875,,,,,0.0,0.00013289988,0.075987644,0.07612054387999288,0.07693518472,0,2.6676487922668457
2016-10-25,19.678125,41.7978125,26.896875,84.51354166666667,6.592708333333333,1.6909375000000002,,,,,0.0,0.0,0.00013289988,0.00013289987999289457,0.07693518472,0,4.364560127258301
2016-10-26,19.7125,43.49208333333333,28.096875,86.50937499999999,6.698958333333334,1.6766666666666667,,,,,0.0,0.0,0.0,0.0,0.07693518472,0,2.8587324619293213
2016-10-27,20.45,44.01708333333334,28.479166666666668,87.05520833333333,6.627083333333334,1.6380208333333333,,,,,0.43296412,0.0,0.0,0.4329641199999929,0.50989930472,0,3.1766602993011475
2016-10-28,21.313541666666666,43.33177083333334,27.977083333333336,85.32187499999999,6.414583333333333,1.5779166666666666,,,,,0.09849652,0.43296412,0.0,0.5314606399999929,0.6075811838799999,0,3.105496883392334
2016-10-29,21.666666666666668,44.74156249999999,28.98229166666667,86.99166666666667,6.4625,1.6659375,,,,,0.0,0.09849652,0.43296412,0.5314606399999929,0.53159353988,0,2.2651469707489014
2016-10-30,21.965625,44.58385416666667,28.866666666666664,86.028125,6.355208333333334,1.5367708333333334,,,,,0.0,0.0,0.09849652,0.0984965199999929,0.5314606399999999,0,1.3786407709121704
2016-10-31,21.91979166666667,45.66885416666667,29.648958333333336,86.48854166666666,6.3656250000000005,1.6041666666666667,,,,,0.34186283,0.0,0.0,0.3418628299999929,0.87332347,0,4.716006278991699
2016-11-01,21.15,47.27677083333333,30.815625,91.11145833333336,6.764583333333333,1.7286458333333332,,,,,0.0803257,0.34186283,0.0,0.4221885299999929,0.95364917,0,
2016-11-02,21.574736842105263,47.406,30.915,91.87578947368422,6.690526315789474,1.619894736842105,,7.796363636363637,5.490909090909091,5.5600000000000005,0.0,0.0803257,0.34186283,0.4221885299999929,0.95364917,0,2.5522234439849854
2016-11-03,22.151041666666668,,,91.41979166666664,6.573958333333334,1.5391666666666666,,7.748958333333333,5.78125,5.3625,0.0014470253,0.0,0.0803257,0.0817727252999929,0.5221320753,0,5.66724157333374
2016-11-04,21.31458333333333,,,88.54166666666667,6.501041666666667,1.575208333333333,,7.746875,6.354166666666667,5.8,5.717193,0.0014470253,0.0,5.718640025299993,6.1408285553,0,4.43574857711792
2016-11-05,19.338541666666668,,,94.70208333333332,7.110416666666667,1.8128125,,7.840625,4.229166666666667,4.80625,0.0,5.717193,0.0014470253,5.718640025299993,6.1408285553,0,2.136735439300537
2016-11-06,18.615625,,,95.075,7.241666666666667,1.6759375,,7.83125,3.6354166666666665,4.457291666666666,0.0,0.0,5.717193,5.717192999999993,6.1408285553,0,2.0584657192230225
2016-11-07,17.997916666666665,,,95.08020833333336,7.323958333333334,1.7441666666666666,,7.840625,3.333333333333333,4.363541666666666,0.0,0.0,0.0,0.0,5.7989657252999995,0,4.889122486114502
2016-11-08,17.372916666666665,,,93.07291666666669,7.235416666666667,1.810625,,7.862500000000001,2.6979166666666665,3.873958333333333,0.21798177,0.0,0.0,0.21798176999999289,5.9366217953,0,2.412482738494873
2016-11-09,16.835416666666667,,,88.27708333333334,6.945833333333333,1.6876041666666666,,7.837499999999999,2.84375,4.45,4.32899,0.21798177,0.0,4.546971769999993,10.2656117953,0,
2016-11-10,16.373958333333334,,,90.10104166666667,7.147916666666667,1.7120833333333334,,7.847916666666666,3.40625,4.0843750000000005,0.31023008,4.32899,0.21798177,4.857201849999993,10.57439485,0,3.6227102279663086
2016-11-11,16.808333333333334,,,90.484375,7.103125,1.7413541666666663,,7.880208333333333,2.833333333333333,3.6354166666666665,0.0061588665,0.31023008,4.32899,4.645378946499993,4.8633607165,0,1.943167805671692
2016-11-12,16.734375,,,92.28854166666667,7.228124999999999,1.900625,,7.907291666666667,3.2916666666666665,3.617708333333333,1.8230908,0.0061588665,0.31023008,2.139479746499993,6.6864515165,0,4.764616966247559
2016-11-13,15.7875,,,92.49479166666669,7.367708333333333,1.8285416666666665,,7.91875,3.789473684210526,3.4729166666666664,0.009631892,1.8230908,0.0061588665,1.838881558499993,6.6960834085,0,2.566468954086304
2016-11-14,16.610416666666666,,,92.896875,7.33125,1.7074999999999998,,7.925000000000001,4.553191489361702,3.5895833333333336,3.458303,0.009631892,1.8230908,5.291025691999993,10.154386408499999,0,4.657680511474609
2016-11-15,17.390625,,,92.79895833333336,7.201041666666666,1.5601041666666668,,7.904166666666668,4.168421052631579,3.328125,0.37160712,3.458303,0.009631892,3.839542011999993,10.3080117585,0,2.961836576461792
2016-11-16,17.190625,,,92.90625,7.227083333333333,1.5975,,7.916666666666667,3.526315789473684,3.0427083333333336,0.042033684,0.37160712,3.458303,3.8719438039999927,6.0210554425,0,2.625905036926269
2016-11-17,17.114583333333332,,,93.22395833333331,7.257291666666667,1.6163541666666663,,7.915624999999999,3.458333333333333,2.8510416666666667,0.0,0.042033684,0.37160712,0.4136408039999929,5.7108253625,0,6.85258674621582
2016-11-18,17.21875,,,93.56145833333332,7.266666666666667,1.6426041666666666,,7.916666666666667,2.6842105263157894,3.4718750000000003,0.0,0.0,0.042033684,0.042033683999992896,5.704666496,0,2.216431140899658
2016-11-19,17.245833333333334,,,92.115625,7.161458333333333,1.5377083333333337,,7.905208333333333,2.9468085106382977,2.973958333333333,0.0,0.0,0.0,0.0,3.8815756959999996,0,3.337339162826538
2016-11-20,14.7375,,,92.47916666666669,7.56875,1.494895833333333,,7.903125,2.191489361702128,3.1604166666666664,0.0,0.0,0.0,0.0,3.871943804,0,2.64990496635437
2016-11-21,13.692708333333334,,,91.00520833333331,7.596875,1.5367708333333334,,7.919791666666668,1.21875,2.85,0.0,0.0,0.0,0.0,0.41364080400000003,0,1.4941328763961792
2016-11-22,12.8875,,,91.50625,7.790624999999999,1.5317708333333335,,7.925000000000001,1.6145833333333333,2.865625,0.4193478,0.0,0.0,0.4193477999999929,0.461381484,0,1.6302827596664429
2016-11-23,13.10625,,,92.25104166666668,7.829166666666667,1.5440625,,7.926041666666666,0.9895833333333334,2.8666666666666667,0.031345207,0.4193478,0.0,0.4506930069999929,0.450693007,0,2.5814578533172607
2016-11-24,14.830208333333331,,,92.67395833333336,7.608333333333333,1.5289583333333334,,7.908333333333334,1.881720430107527,3.0229166666666667,0.24107759,0.031345207,0.4193478,0.6917705969999929,0.691770597,0,0.1626712828874588
2016-11-25,16.253125,,,92.521875,7.39375,1.546145833333333,,7.882291666666667,1.21875,3.266666666666667,0.0,0.24107759,0.031345207,0.2724227969999929,0.691770597,0,1.6997058391571045
2016-11-26,16.246875,,,89.38125000000001,7.116666666666667,1.6183333333333334,,7.883333333333334,1.3473684210526315,3.5510416666666664,0.6893778,0.0,0.24107759,0.930455389999993,1.381148397,0,16.120168685913086
2016-11-27,14.796875,,,89.8125,7.329166666666667,1.7504166666666665,,7.890625,1.125,2.8979166666666667,0.0,0.6893778,0.0,0.6893777999999929,1.381148397,0,4.0259552001953125
2016-11-28,14.567708333333334,,,91.81354166666668,7.526041666666667,1.6239583333333334,,7.903125,1.1666666666666667,2.903125,0.63351333,0.0,0.6893778,1.3228911299999928,2.014661727,0,
2016-11-29,16.003125,,,94.546875,7.586458333333333,1.5565625,,7.879166666666666,2.552083333333333,3.3375,13.53135,0.63351333,0.0,14.164863329999992,15.126663927,0,
2016-11-30,17.446875000000002,,,92.47291666666666,7.252083333333334,1.450208333333333,,7.845833333333334,4.458333333333333,4.871875,3.3966892,13.53135,0.63351333,17.561552529999993,18.49200792,0,
2016-12-01,18.747916666666665,,,95.734375,7.367708333333333,1.3554166666666667,,7.825,7.041666666666667,4.951041666666667,9.47089,3.3966892,13.53135,26.398929199999994,27.72182033,0,3.626481771469116
2016-12-02,16.409375,,,93.88125,7.497916666666666,1.4909375,,7.894791666666666,4.21875,4.322916666666667,0.0,9.47089,3.3966892,12.867579199999994,27.72182033,0,2.4359443187713623
2016-12-03,14.792708333333332,,,95.725,7.84375,1.5435416666666668,,7.946874999999999,2.75,4.242708333333334,0.1703083,0.0,9.47089,9.641198299999994,27.202750829999996,0,6.296966075897217
2016-12-04,13.997916666666669,,,93.02291666666667,7.722916666666666,1.5878125,,7.964583333333334,1.8020833333333333,4.729166666666667,2.6962132,0.1703083,0.0,2.8665214999999926,29.89896403,0,
2016-12-05,14.646875,,,95.375,7.853124999999999,1.536875,,7.953125,2.177083333333333,3.5885416666666665,5.8358426,2.6962132,0.1703083,8.702364099999993,35.101293299999995,0,
2016-12-06,15.054166666666667,,,93.80625,7.655208333333333,1.6654166666666663,,7.951041666666668,2.46875,3.4604166666666667,15.227388,5.8358426,2.6962132,23.759443799999993,36.7973313,0,
2016-12-07,14.420833333333334,48.8663829787234,31.93191489361702,95.06354166666668,7.936458333333333,1.5834374999999998,,7.9125,2.9166666666666665,3.185416666666667,0.0013729917,15.227388,5.8358426,21.064603591699992,33.402015091699994,0,3.366889953613281
2016-12-08,14.353125,48.97479166666667,32.00625,93.43125,7.842708333333333,1.6353125000000002,,7.891666666666667,2.895833333333333,2.578125,0.43993565,0.0013729917,15.227388,15.66869664169999,24.3710607417,0,0.9692824482917786
2016-12-09,12.510416666666666,49.72989583333333,32.47604166666667,91.83125,7.991666666666667,1.6461458333333334,,7.914583333333334,2.833333333333333,2.954166666666667,1.1978055,0.43993565,0.0013729917,1.6391141416999913,25.5688662417,0,2.9400172233581543
2016-12-10,11.372916666666669,50.549375,33.021875,92.54791666666668,8.229166666666666,1.6579166666666667,,7.9375,2.59375,2.717708333333333,0.0,1.1978055,0.43993565,1.6377411499999912,25.398557941700002,0,2.2182037830352783
2016-12-11,11.786458333333334,50.82666666666666,33.248958333333334,94.221875,8.290625,1.64,,7.944791666666667,2.677083333333333,2.466666666666667,0.25313258,0.0,1.1978055,1.4509380799999911,22.9554773217,0,2.5596730709075928
2016-12-12,13.948958333333332,47.41052083333333,30.894791666666663,93.36666666666667,7.962499999999999,1.5451041666666667,,7.935416666666668,11.302083333333334,4.221875,2.6787765,0.25313258,0.0,2.931909079999991,19.7984112217,0,3.059243679046631
2016-12-13,14.026041666666666,49.17541666666667,32.141666666666666,90.371875,7.633333333333333,1.6528124999999998,,7.915624999999999,4.916666666666667,3.3854166666666665,4.1223288,2.6787765,0.25313258,7.054237879999992,8.6933520217,0,
2016-12-14,13.822916666666666,50.05427083333333,32.775,91.48333333333332,7.727083333333333,1.6330208333333334,,7.917708333333334,3.6770833333333335,2.9927083333333333,12.847515,4.1223288,2.6787765,19.64862029999999,21.53949403,0,
2016-12-15,12.992708333333333,50.4840625,33.053125,94.2875,8.086458333333333,1.5692708333333334,,7.944791666666667,3.8020833333333335,2.553125,2.9402187,12.847515,4.1223288,19.91006249999999,24.03977708,0,1.4480239152908323
2016-12-16,10.36875,51.18260416666666,33.41458333333333,95.896875,8.689583333333333,1.7253125,,7.971875,3.15625,2.2020833333333334,2.621526,2.9402187,12.847515,18.409259699999993,25.46349758,0,
2016-12-17,11.219791666666666,50.809583333333336,33.203125,97.79375,8.698958333333334,1.5739583333333331,,7.972916666666666,3.114583333333333,2.1197916666666665,1.2626455,2.621526,2.9402187,6.824390199999993,26.72614308,0,1.5502452850341797
2016-12-18,13.645833333333334,49.59197916666667,32.420833333333334,100.203125,8.508333333333335,1.4735416666666667,,7.95,4.0,2.6281250000000003,0.6191176,1.2626455,2.621526,4.503289099999993,27.0921281,0,4.4958038330078125
2016-12-19,12.642708333333331,49.587604166666665,32.38229166666667,94.2875,8.189583333333333,1.6139583333333334,,7.914583333333334,4.84375,3.753125,9.234656,0.6191176,1.2626455,11.116419099999993,33.6480076,0,
2016-12-20,10.283333333333331,50.528125,32.94479166666667,94.75729166666667,8.623958333333333,1.6655208333333336,,7.944791666666667,3.114583333333333,2.958333333333333,4.337766,9.234656,0.6191176,14.191539599999993,33.8634448,0,
2016-12-21,10.134375,50.23125,32.72083333333333,96.64375,8.831249999999999,1.5962500000000002,,7.953125,2.333333333333333,2.004166666666667,1.5263487,4.337766,9.234656,15.098770699999992,22.542278500000002,0,1.882115364074707
2016-12-22,10.357291666666669,49.30645833333333,32.067708333333336,97.128125,8.86875,1.5298958333333337,,7.948958333333334,2.114583333333333,1.8635416666666669,0.37954488,1.5263487,4.337766,6.243659579999993,19.98160468,0,3.955536842346192
2016-12-23,10.702083333333334,49.78135416666667,32.43541666666667,97.7375,8.833333333333334,1.6873958333333334,,7.966666666666666,2.1354166666666665,1.9291666666666665,0.17871112,0.37954488,1.5263487,2.0846046999999928,17.538789800000004,0,2.979056596755981
2016-12-24,11.957291666666668,49.789791666666666,32.50625,97.03854166666667,8.540625,1.5646875,,7.947916666666667,2.145833333333333,2.3197916666666667,1.189329,0.17871112,0.37954488,1.747584999999993,17.4654733,0,
2016-12-25,12.761458333333332,49.2925,32.184375,97.56770833333331,8.452083333333333,1.5584375,,7.935416666666668,2.1666666666666665,2.605208333333333,0.24017236,1.189329,0.17871112,1.6082124799999933,17.086528060000003,0,3.336381673812866
2016-12-26,12.507291666666667,50.26125,32.878125000000004,92.834375,8.049999999999999,1.6005208333333334,,7.917708333333334,2.1666666666666665,2.6947916666666667,0.0,0.24017236,1.189329,1.429501359999993,7.851872060000001,0,0.1658238619565963
2016-12-27,14.215625,48.744062500000005,31.823958333333334,95.76458333333332,8.053125,1.3436458333333334,,7.899999999999999,2.6875,2.9447916666666667,0.313136,0.0,0.24017236,0.5533083599999932,3.82724206,0,3.66059160232544
2016-12-28,14.654166666666669,47.71458333333334,31.09270833333333,94.925,7.961458333333333,1.330625,,7.922916666666667,3.4791666666666665,3.2885416666666667,0.53908956,0.313136,0.0,0.8522255599999932,2.8399829199999997,0,2.349637746810913
2016-12-29,13.952083333333334,47.62802083333333,31.016666666666666,92.37395833333332,7.864583333333333,1.28875,,7.95,2.833333333333333,3.177083333333333,3.363407,0.53908956,0.313136,4.215632559999993,5.82384504,0,0.7641565203666687
2016-12-30,12.064583333333331,47.219166666666666,30.65833333333333,94.50520833333331,8.378124999999999,1.2971875,,7.993749999999999,3.25,3.0572916666666665,0.16130678,3.363407,0.53908956,4.0638033399999935,5.8064407000000005,0,1.79913592338562
2016-12-31,11.351041666666667,48.57749999999999,31.59583333333333,97.41458333333333,8.709375,1.4354166666666668,,8.052083333333334,2.2916666666666665,2.446875,1.3533436,0.16130678,3.363407,4.878057379999993,5.970455300000001,0,3.210001230239868
2017-01-01,11.965625,47.91072916666667,31.151041666666668,97.740625,8.657291666666667,1.364479166666667,,8.039583333333333,2.020833333333333,2.7770833333333336,7.493418,1.3533436,0.16130678,9.008068379999994,13.22370094,0,
2017-01-02,13.20625,47.14239583333333,30.641666666666666,95.19895833333334,8.248958333333333,1.3257291666666666,,8.016666666666667,1.9583333333333333,2.65625,10.073838,7.493418,1.3533436,18.920599599999996,23.297538940000003,0,
2017-01-03,14.304166666666667,46.793958333333336,30.425,95.21875,8.073958333333334,1.3322916666666669,,8.026041666666666,2.2604166666666665,3.1645833333333333,16.283316,10.073838,7.493418,33.850572,39.26771894,0,1.6777442693710327
2017-01-04,14.534375,46.75458333333333,30.401041666666668,94.95729166666666,8.018749999999999,1.364270833333333,,7.957291666666666,1.78125,2.692708333333333,2.3160172,16.283316,10.073838,28.673171199999995,41.04464658,0,
2017-01-05,12.829166666666666,48.8940625,31.901041666666668,95.03020833333332,8.24375,1.4971875,,7.936458333333333,1.2604166666666667,2.341666666666667,2.3330789,2.3160172,16.283316,20.932412099999997,40.01431848,0,0.6729791164398193
2017-01-06,11.966666666666669,49.736875,32.46666666666667,94.27916666666664,8.294791666666667,1.4427083333333333,,7.967708333333333,1.0625,1.984375,1.2304459,2.3330789,2.3160172,5.879541999999996,41.0834576,0,
2017-01-07,9.1875,50.83229166666666,33.05104166666667,92.959375,8.670833333333333,1.5391666666666666,,8.004166666666666,1.59375,2.333333333333333,34.582085,1.2304459,2.3330789,38.145609799999995,74.31219899999999,1,
2017-01-08,6.641666666666667,51.9690625,33.630208333333336,94.16458333333333,9.272916666666667,1.6232291666666667,,8.002083333333333,1.96875,2.1750000000000003,0.69575626,34.582085,1.2304459,36.50828716,67.51453726000001,0,2.9359848499298096
2017-01-09,6.648958333333333,52.39375,33.95729166666667,95.55729166666669,9.378125,1.7515625,,8.0,1.25,2.0031250000000003,0.01275767,0.69575626,34.582085,35.290598929999994,57.45345693,0,2.7994370460510254
2017-01-10,7.889583333333333,52.22802083333334,33.971875000000004,97.28333333333336,9.276041666666666,1.708020833333333,,8.026041666666666,1.125,1.825,0.044864796,0.01275767,0.69575626,0.7533787259999929,41.215005726,0,2.439114570617676
2017-01-11,10.205208333333331,51.345104166666665,33.53125,101.06354166666668,9.163541666666667,1.551770833333333,,8.038541666666665,1.375,1.8875,0.7766655,0.044864796,0.01275767,0.8342879659999929,39.675654026000004,0,1.1705701351165771
2017-01-12,12.15625,50.383125,32.94583333333333,101.034375,8.810416666666667,1.4620833333333332,,8.010416666666666,1.6145833333333333,2.13125,0.29299816,0.7766655,0.044864796,1.1145284559999928,37.635573286,0,1.7790583372116089
2017-01-13,13.128125,49.583333333333336,32.395833333333336,101.76875,8.714583333333334,1.4221875,,7.972916666666666,1.65625,2.071875,0.0004651152,0.29299816,0.7766655,1.0701287751999928,36.405592501200005,0,3.3033716678619385
2017-01-14,12.723958333333334,49.80822916666667,32.557291666666664,102.79583333333332,8.882291666666667,1.448125,,7.971875,1.5729166666666667,1.8489583333333333,6.201536e-05,0.0004651152,0.29299816,0.2935252905599929,1.8235695165600072,0,0.7191941738128662
2017-01-15,12.405208333333334,49.97958333333333,32.66458333333333,101.334375,8.810416666666667,1.4236458333333333,,7.984375,1.03125,1.80625,0.00041477798,6.201536e-05,0.0004651152,0.0009419085399928946,1.128228034540007,0,2.262389659881592
2017-01-16,11.989583333333334,50.63625,33.123958333333334,101.00625,8.845833333333333,1.4817708333333333,,7.992708333333333,0.90625,1.7833333333333332,0.0,0.00041477798,6.201536e-05,0.00047679333999289456,1.115470364540007,0,0.1069566532969474
2017-01-17,12.78125,50.57125,33.10208333333333,105.53333333333336,9.065625,1.3930208333333332,,7.995833333333334,0.78125,1.5552083333333335,2.1977262,0.0,0.00041477798,2.198140977979993,3.268331768540007,0,5.21199893951416
2017-01-18,14.370833333333332,47.75114583333333,31.10729166666667,102.76458333333332,8.667708333333334,1.2339583333333333,,7.964583333333334,1.6875,2.4562500000000003,9.743062,2.1977262,0.0,11.940788199999993,12.234728268540007,0,
2017-01-19,13.070833333333333,49.22760416666667,32.14791666666667,101.89166666666668,8.768749999999999,1.5370833333333334,,7.969791666666667,0.6458333333333334,1.9989583333333332,0.0020154992,9.743062,2.1977262,11.942803699199994,11.943745607740007,0,3.1981430053710938
2017-01-20,13.49375,49.3090625,32.21666666666667,101.41979166666664,8.653125000000001,1.549791666666667,,7.975,0.28125,2.0656250000000003,16.152596,0.0020154992,9.743062,25.897673499199993,28.095876492540008,0,3.46406888961792
2017-01-21,13.70983606557377,48.52393442622951,31.65737704918033,97.8704918032787,8.349180327868853,1.6031147540983606,,7.940983606557378,0.3770491803278688,2.5606557377049177,0.085287586,16.152596,0.0020154992,16.239899085199994,28.181102063180003,0,0.8311272859573364
2017-01-22,,,,,,,,,,,5.241478,0.085287586,16.152596,21.479361585999992,33.4221652852,0,
2017-01-23,,,,,,,,,,,8.938627,5.241478,0.085287586,14.265392585999994,42.360792285200006,0,0.4987929463386535
2017-01-24,,,,,,,,,,,0.13532688,8.938627,5.241478,14.315431879999993,40.29839296520001,0,3.594597816467285
2017-01-25,,,,,,,,,,,0.0,0.13532688,8.938627,9.073953879999994,30.555330965200007,0,1.5627633333206177
2017-01-26,,,,,,,,,,,1.2659309,0.0,0.13532688,1.4012577799999948,31.81924636600001,0,6.339740753173828
2017-01-27,,,,,,,,,,,0.15792935,1.2659309,0.0,1.4238602499999948,15.824579716000008,0,1.8659998178482056
2017-01-28,,,,,,,,,,,0.12979566,0.15792935,1.2659309,1.5536559099999947,15.869087790000009,0,1.95926296710968
2017-01-29,,,,,,,,,,,2.224824,0.12979566,0.15792935,2.5125490099999945,12.852433790000008,0,2.577556133270264
2017-01-30,,,,,,,,,,,0.01958705,2.224824,0.12979566,2.374206709999995,3.9333938400000075,0,3.357141733169556
2017-01-31,,,,,,,,,,,1.6912171,0.01958705,2.224824,3.9356281499999946,5.489284060000007,0,1.6372628211975098
2017-02-01,14.2,42.48714285714286,27.33469387755102,114.36734693877553,9.910204081632653,1.0471428571428572,,,,3.3142857142857145,2.8101034,1.6912171,0.01958705,4.520907549999995,8.299387460000007,0,1.4865083694458008
2017-02-02,13.670833333333334,42.79354166666667,27.542708333333334,102.61666666666667,8.941666666666666,1.2439583333333333,,,,3.7552083333333335,0.041710835,2.8101034,1.6912171,4.543031334999995,7.075167395000007,0,1.7340309619903564
2017-02-03,12.569791666666667,47.0259375,30.535416666666663,93.73645833333336,8.244791666666666,1.5269791666666668,,,,4.723404255319149,0.24277909,0.041710835,2.8101034,3.0945933249999946,7.1600171350000075,0,
2017-02-04,10.189583333333331,49.18020833333333,31.97083333333333,99.57708333333332,9.123958333333333,1.6172916666666666,,,,2.747916666666667,0.0044528553,0.24277909,0.041710835,0.28894278029999465,7.034674330300008,0,4.255834102630615
2017-02-05,10.176041666666666,49.80385416666667,32.41458333333333,98.10208333333333,8.971874999999999,1.4444791666666663,,,,2.1593750000000003,0.0,0.0044528553,0.24277909,0.24723194529999468,4.809850330300007,0,1.942143201828003
2017-02-06,10.804166666666667,48.728437500000005,31.676041666666663,99.43645833333332,9.0125,1.3942708333333331,,,,2.706315789473684,0.0,0.0,0.0044528553,0.004452855299994671,4.790263280300008,0,1.44099223613739
2017-02-07,12.28125,48.485104166666666,31.578125,99.55520833333333,8.74375,1.3626041666666666,,,,2.013541666666667,0.58591276,0.0,0.0,0.5859127599999947,3.684958940300007,0,0.157061830163002
2017-02-08,13.404166666666669,48.1225,31.35625,94.66666666666669,8.137500000000001,1.3550000000000002,,,,11.167777777777776,17.190826,0.58591276,0.0,17.776738759999997,18.06568154030001,0,1.96233069896698
2017-02-09,13.570833333333333,48.27739583333334,31.471875,92.68541666666664,7.926041666666666,1.2521875,,,,4.897916666666666,3.3276036,17.190826,0.58591276,21.104342359999997,21.35157430530001,0,1.6425962448120115
2017-02-10,11.441666666666668,50.04927083333333,32.666666666666664,94.19166666666666,8.340625000000001,1.520625,,,,8.692708333333334,0.0853394,3.3276036,17.190826,20.603768999999996,21.19413461530001,0,1.5984132289886477
2017-02-11,12.430208333333333,49.6015625,32.38125,95.78958333333333,8.317708333333334,1.2859375,,,,8.583333333333334,0.9338,0.0853394,3.3276036,4.3467429999999965,22.123481760000008,0,1.573193907737732
2017-02-12,14.694791666666667,47.83656250000001,31.171875,93.790625,7.823958333333334,1.166979166666667,,,,10.947252747252747,0.16825114,0.9338,0.0853394,1.1873905399999964,22.291732900000007,0,1.5062644481658936
2017-02-13,14.725,47.743854166666665,31.115625,94.00833333333333,7.8625,1.2526041666666667,,,,5.729473684210527,0.0,0.16825114,0.9338,1.1020511399999964,22.291732900000007,0,1.4938762187957764
2017-02-14,13.563541666666666,50.00494736842106,32.718947368421055,99.765625,8.458333333333334,1.4257291666666667,,,,3.925,0.0,0.0,0.16825114,0.16825113999999644,21.705820140000007,0,2.7125535011291504
2017-02-15,13.734375,49.36368421052632,32.265263157894736,92.66875,7.884374999999999,1.3284375,,,,12.642105263157896,13.303919,0.0,0.0,13.303918999999997,17.818913140000006,0,
2017-02-16,12.736458333333331,48.455000000000005,31.569791666666664,94.79895833333336,8.236458333333333,1.4230208333333334,,,,3.8354166666666663,0.039299943,13.303919,0.0,13.343218942999997,14.530609483000008,0,2.07395076751709
2017-02-17,12.83125,48.31166666666667,31.471875,99.1375,8.598958333333334,1.466041666666667,,,,11.971875,0.684884,0.039299943,13.303919,14.028102942999997,15.130154083000008,0,1.302495360374451
2017-02-18,13.36875,46.48739583333333,30.16979166666667,97.071875,8.404166666666667,1.371875,,,,19.05684210526316,0.0020320953,0.684884,0.039299943,0.7262160382999965,14.198386178300009,0,3.3081188201904297
2017-02-19,14.727083333333333,44.43927083333333,28.729166666666668,97.33125,8.261458333333334,1.3496875,,,,24.60108695652174,3.8400772,0.0020320953,0.684884,4.526993295299997,17.870212238300006,0,1.4734281301498413
2017-02-20,15.004166666666668,45.25145833333334,29.320833333333336,96.39375,8.107291666666667,1.4398958333333332,,,,8.454736842105264,0.0,3.8400772,0.0020320953,3.8421092952999962,17.870212238300006,0,2.197952508926392
2017-02-21,14.932291666666666,47.46927083333333,30.926041666666663,95.509375,7.972916666666666,1.5208333333333333,,,,6.74375,1.5019497,0.0,3.8400772,5.342026899999997,19.372161938300007,0,1.6844515800476074
2017-02-22,15.525,48.78854166666667,31.89583333333333,95.48854166666666,7.845833333333334,1.5390625,,,,5.713541666666667,1.1034257,1.5019497,0.0,2.6053753999999962,7.171668638300007,0,1.445079326629639
2017-02-23,16.271874999999998,49.30072916666666,32.27916666666667,94.05416666666667,7.594791666666667,1.5602083333333334,,,,5.741052631578947,0.99408317,1.1034257,1.5019497,3.5994585699999964,8.126451865300007,0,3.610385417938232
2017-02-24,17.152083333333334,49.68302083333333,32.56458333333333,93.47395833333331,7.396875,1.5269791666666668,,,,4.833333333333333,0.687773,0.99408317,1.1034257,2.7852818699999964,8.129340865300007,0,1.6133341789245603
2017-02-25,17.841666666666665,49.621875,32.526041666666664,89.628125,7.0,1.440625,,,,5.5687500000000005,0.0047962917,0.687773,0.99408317,1.6866524616999965,8.132105061700006,0,2.204610586166382
2017-02-26,15.917708333333332,49.94166666666666,32.73645833333334,83.78229166666667,6.777083333333334,1.416770833333333,,,,9.240625,0.0,0.0047962917,0.687773,0.6925692916999964,4.292027861700007,0,1.3199292421340942
2017-02-27,15.05,50.6325,33.225,84.69583333333334,6.9437500000000005,1.4708333333333332,,,,5.630526315789473,0.0,0.0,0.0047962917,0.004796291699996447,4.292027861700007,0,3.6733717918396
2017-02-28,16.662499999999998,50.094479166666666,32.84791666666667,81.57291666666667,6.510416666666667,1.3471875000000002,,,,11.626315789473685,2.6150146,0.0,0.0,2.6150145999999963,5.405092761700007,0,1.908812403678894
2017-03-01,16.788636363636364,48.60840909090909,31.788636363636364,70.97045454545454,5.693181818181818,1.1827272727272726,,,,5.868181818181818,2.095532,2.6150146,0.0,4.710546599999996,6.397199061700007,0,0.4062289297580719
2017-03-02,,,,,,,,,,,18.863766,2.095532,2.6150146,23.574312599999995,24.266881891700006,1,
2017-03-03,,,,,,,,,,,0.32864746,18.863766,2.095532,21.287945459999996,23.907756351700005,0,1.192862033843994
2017-03-04,,,,,,,,,,,0.0,0.32864746,18.863766,19.192413459999994,23.902960060000005,0,2.1356372833251958
2017-03-05,,,,,,,,,,,0.0,0.0,0.32864746,0.32864745999999645,23.902960060000005,0,2.3933730125427246
2017-03-06,,,,,,,,,,,0.0,0.0,0.0,0.0,23.902960060000005,0,2.6472630500793457
2017-03-07,,,,,,,,,,,0.0068221404,0.0,0.0,0.006822140399996447,21.294767600400007,0,0.7277830243110657
2017-03-08,,,,,,,,,,,7.5893474,0.0068221404,0.0,7.5961695403999965,26.788583000400006,0,3.5619986057281494
2017-03-09,,,,,,,,,,,0.0,7.5893474,0.0068221404,7.5961695403999965,7.924817000400007,0,1.3741650581359863
2017-03-10,,,,,,,,,,,6.3190794,0.0,7.5893474,13.908426799999997,13.915248940400007,0,4.368239879608154
2017-03-11,,,,,,,,,,,0.0,6.3190794,0.0,6.319079399999996,13.915248940400007,0,1.7052208185195925
2017-03-12,,,,,,,,,,,7.4057565,0.0,6.3190794,13.724835899999995,21.321005440400008,0,9.02209186553955
2017-03-13,,,,,,,,,,,4.075289,7.4057565,0.0,11.481045499999997,25.396294440400005,0,
2017-03-14,,,,,,,,,,,24.33088,4.075289,7.4057565,35.8119255,49.7203523,1,1.530118465423584
2017-03-15,,,,,,,,,,,0.024017695,24.33088,4.075289,28.430186695,42.155022595000005,0,2.3881309032440186
2017-03-16,,,,,,,,,,,0.0,0.024017695,24.33088,24.354897695,42.155022595000005,0,1.5786595344543457
2017-03-17,,,,,,,,,,,0.0,0.0,0.024017695,0.024017694999996446,35.835943195000006,0,1.4574300050735474
2017-03-18,,,,,,,,,,,10.961332,0.0,0.0,10.961331999999997,46.797275195000005,0,
2017-03-19,,,,,,,,,,,1.3883702,10.961332,0.0,12.349702199999998,40.779888895000006,0,1.5459836721420288
2017-03-20,,,,,,,,,,,0.0023209637,1.3883702,10.961332,12.352023163699997,36.7069208587,0,1.311827301979065
2017-03-21,,,,,,,,,,,0.0676473,0.0023209637,1.3883702,1.4583384636999965,12.443688158700008,0,2.196034669876098
2017-03-22,,,,,,,,,,,8.349278,0.0676473,0.0023209637,8.419246263699996,20.768948463700006,0,1.4120337963104248
2017-03-23,,,,,,,,,,,0.00049147726,8.349278,0.0676473,8.417416777259996,20.76943994096001,0,1.917884469032288
2017-03-24,,,,,,,,,,,0.00063805317,0.00049147726,8.349278,8.350407530429996,20.77007799413001,0,2.0816054344177246
2017-03-25,,,,,,,,,,,0.045856934,0.00063805317,0.00049147726,0.04698646442999645,9.854602928130008,0,0.1734151244163513
2017-03-26,,,,,,,,,,,0.22937924,0.045856934,0.00063805317,0.27587422716999643,8.695611968130008,0,1.7115074396133425
2017-03-27,,,,,,,,,,,0.0,0.22937924,0.045856934,0.27523617399999645,8.693291004430009,0,1.7854028940200806
2017-03-28,,,,,,,,,,,2.5268922,0.0,0.22937924,2.7562714399999964,11.152535904430007,0,0.7285460233688354
2017-03-29,,,,,,,,,,,0.278977,2.5268922,0.0,2.805869199999996,3.0822349044300066,0,2.477723360061645
2017-03-30,,,,,,,,,,,0.0,0.278977,2.5268922,2.805869199999996,3.0817434271700064,0,0.9252539873123168
2017-03-31,,,,,,,,,,,17.33895,0.0,0.278977,17.617926999999998,20.420055374000007,0,1.2916929721832275
2017-04-01,,,,,,,,,,,1.0277151,17.33895,0.0,18.3666651,21.40191354000001,0,1.533745288848877
2017-04-02,,,,,,,,,,,0.0,1.0277151,17.33895,18.3666651,21.17253430000001,0,3.7365970611572266
2017-04-03,,,,,,,,,,,1.9563385,0.0,1.0277151,2.9840535999999966,23.128872800000007,0,1.5326883792877195
2017-04-04,,,,,,,,,,,12.754444,1.9563385,0.0,14.710782499999997,33.35642460000001,0,2.240476369857788
2017-04-05,,,,,,,,,,,13.179592,12.754444,1.9563385,27.890374499999997,46.25703960000001,0,
2017-04-06,,,,,,,,,,,43.376476,13.179592,12.754444,69.31051199999999,89.63351560000001,1,2.6517903804779053
2017-04-07,,,,,,,,,,,0.07434598,43.376476,13.179592,56.630413979999986,72.36891158,0,0.8950304388999939
2017-04-08,,,,,,,,,,,0.0010618623,0.07434598,43.376476,43.45188384229999,71.3422583423,0,1.2577866315841677
2017-04-09,,,,,,,,,,,0.0,0.0010618623,0.07434598,0.0754078422999929,71.3422583423,0,1.6002838611602783
2017-04-10,,,,,,,,,,,0.0,0.0,0.0010618623,0.0010618622999928947,69.3859198423,0,1.020577073097229
2017-04-11,21.048076923076923,47.79730769230769,31.192307692307693,103.06923076923076,7.640384615384615,1.564230769230769,,8.03076923076923,5.538461538461538,5.167307692307692,0.022710333,0.0,0.0,0.022710332999992894,56.65418617530001,0,1.4524332284927368
2017-04-12,20.5125,47.3971875,30.910416666666663,88.79895833333335,6.641666666666667,1.483645833333333,,7.965625,5.854166666666667,12.898780487804878,0.19589414,0.022710333,0.0,0.2186044729999929,43.67048831530001,0,
2017-04-13,21.185416666666665,47.54666666666666,31.011458333333334,83.60729166666667,6.183333333333334,1.4907291666666664,,7.930208333333333,4.114583333333333,4.402105263157894,0.9014997,0.19589414,0.022710333,1.120104172999993,1.1955120153000143,0,0.4959389865398407
2017-04-14,21.167708333333334,49.01583333333334,32.077083333333334,91.56979166666667,6.721875,1.6280208333333333,,7.95625,4.854166666666667,4.694791666666666,0.016260406,0.9014997,0.19589414,1.1136542459999927,1.1374264413000144,0,1.3213602304458618
2017-04-15,22.48645833333333,48.09822916666667,31.396875,87.66250000000001,6.311458333333333,1.6054166666666667,,7.904166666666668,5.989583333333333,5.092708333333333,0.055580925,0.016260406,0.9014997,0.9733410309999929,1.1919455040000142,0,0.6274913549423218
2017-04-16,22.97083333333333,45.1028125,29.21666666666667,81.41041666666666,5.89375,1.508125,,7.85,6.96875,5.917894736842106,0.027494343,0.055580925,0.016260406,0.09933567399999291,1.2194398470000143,0,0.8103160858154297
2017-04-17,22.93125,42.12427083333333,27.079166666666666,82.73541666666667,6.05625,1.4361458333333337,,7.872916666666666,7.375,6.102083333333333,0.029958725,0.027494343,0.055580925,0.1130339929999929,1.2493985720000143,0,1.0081695318222046
2017-04-18,21.69375,43.53458333333333,28.113541666666663,79.29062499999999,5.917708333333334,1.5560416666666663,,7.873958333333333,6.96875,6.408333333333334,0.095704526,0.029958725,0.027494343,0.1531575939999929,1.3223927650000142,0,1.0064404010772705
2017-04-19,21.234375,48.79697916666667,31.91875,88.69270833333333,6.517708333333334,1.7026041666666665,,7.952083333333333,4.895833333333333,4.913541666666666,0.037171226,0.095704526,0.029958725,0.16283447699999287,1.1636698510000143,0,
2017-04-20,22.58020833333333,49.094526315789466,32.125263157894736,85.378125,6.141666666666667,1.6311458333333333,,7.9125,5.136842105263158,5.4906250000000005,0.02209844,0.037171226,0.095704526,0.1549741919999929,0.2842685910000142,0,0.646316409111023
2017-04-21,23.332291666666663,47.80947916666667,31.17708333333333,83.29791666666667,5.93125,1.5346875000000002,,7.869791666666667,6.810526315789474,6.445833333333333,0.17387407,0.02209844,0.037171226,0.23314373599999288,0.4418822550000142,0,1.4057952165603638
2017-04-22,23.3875,47.208333333333336,30.735416666666666,85.61666666666667,6.10625,1.495,,7.895833333333333,9.21875,6.955208333333334,1.1545736,0.17387407,0.02209844,1.350546109999993,1.5408749300000142,0,1.812672734260559
2017-04-23,21.06875,47.49145833333333,30.99791666666667,85.90208333333334,6.388541666666666,1.7467708333333334,,7.948958333333334,8.15625,5.933333333333334,1.1054745,1.1545736,0.17387407,2.4339221699999927,2.6188550870000142,0,0.0926034227013588
2017-04-24,20.15520833333333,49.181562500000005,32.219791666666666,84.75729166666666,6.3625,1.85625,,7.973958333333333,6.552083333333333,3.6364583333333336,26.46323,1.1054745,1.1545736,28.72327809999999,29.052126362000013,1,
2017-04-25,21.069791666666667,46.928020833333335,30.570833333333336,85.29583333333333,6.344791666666667,1.66625,,7.930208333333333,10.239583333333334,3.5270833333333336,8.762719,26.46323,1.1054745,36.33142349999999,37.719140836000015,0,1.203758716583252
2017-04-26,21.91145833333333,48.87958333333333,31.977083333333336,87.059375,6.3125,1.5229166666666665,,7.955208333333334,7.5,3.809375,0.07688151,8.762719,26.46323,35.30283050999999,37.75885112000002,0,1.9715887308120728
2017-04-27,22.88958333333333,50.1415625,32.889583333333334,87.67916666666667,6.2125,1.5245833333333334,,7.971875,10.90625,4.485416666666667,0.07853724,0.07688151,8.762719,8.918137749999994,37.81528992000002,0,0.8307719230651855
2017-04-28,23.29895833333333,49.70979166666667,32.56666666666667,83.80729166666667,5.926041666666666,1.4848958333333335,,7.953125,9.708333333333334,5.816666666666666,1.5882638,0.07853724,0.07688151,1.7436825499999928,39.229679650000016,0,
2017-04-29,24.101041666666664,48.560520833333335,31.70833333333333,83.84166666666667,5.866666666666667,1.4305208333333337,,7.940625,11.572916666666666,6.527083333333334,0.0403808,1.5882638,0.07853724,1.707181839999993,38.11548685000001,0,1.5780712366104126
2017-04-30,24.410416666666663,47.1090625,30.65416666666667,83.2375,5.822916666666667,1.4533333333333334,,7.939583333333334,10.072916666666666,6.566666666666666,0.03225779,0.0403808,1.5882638,1.6609023899999928,37.042270140000014,0,1.839967370033264
2017-05-01,23.990625,43.37708333333333,27.978125,83.96875,6.019791666666666,1.4471875,,7.945833333333333,15.083333333333334,7.960416666666667,0.0,0.03225779,0.0403808,0.0726385899999929,10.579040140000014,0,0.9278815984725952
2017-05-02,23.81145833333333,41.1575,26.39583333333333,85.890625,6.228125,1.4217708333333334,,7.916666666666667,14.115789473684211,8.490625,1.2698824,0.0,0.03225779,1.302140189999993,3.086203540000014,0,2.0398552417755127
2017-05-03,22.975,44.134687500000005,28.5375,85.14270833333333,6.183333333333334,1.5491666666666666,,7.946874999999999,7.552083333333333,5.5062500000000005,0.0,1.2698824,0.0,1.2698823999999929,3.009322030000014,0,1.3161989450454712
2017-05-04,23.351041666666664,45.07489583333333,29.210416666666664,86.87708333333335,6.254166666666666,1.6333333333333335,,7.951041666666666,6.442105263157894,5.689583333333334,0.16762798,0.0,1.2698824,1.4375103799999929,3.098412770000014,0,1.1715991497039795
2017-05-05,22.760416666666668,37.50385416666666,23.83333333333333,82.55833333333334,6.197916666666667,1.4170833333333333,,7.826041666666666,12.46875,7.73125,27.231016,0.16762798,0.0,27.398643979999992,28.741164970000014,1,3.859799385070801
2017-05-06,20.844791666666666,38.00010416666667,24.20104166666667,85.79166666666667,6.660416666666666,1.3044791666666666,,7.913541666666667,12.340425531914894,7.652083333333334,8.387753,27.231016,0.16762798,35.78639697999999,37.08853717000001,0,
2017-05-07,20.76875,39.79739583333333,25.484375,89.30729166666667,6.883333333333333,1.3923958333333333,,7.952083333333333,9.129032258064516,7.855208333333334,0.23082285,8.387753,27.231016,35.849591849999996,37.287102230000016,0,1.087724208831787
2017-05-08,21.65520833333333,41.87072916666667,26.93958333333333,87.996875,6.598958333333333,1.4508333333333334,,7.957291666666666,7.0978260869565215,8.598958333333334,0.0,0.23082285,8.387753,8.618575849999992,37.287102230000016,0,1.4211082458496094
2017-05-09,21.76354166666667,43.7015625,28.246875,83.75208333333333,6.232291666666666,1.4753125,,7.955208333333334,7.11578947368421,7.270833333333333,1.1530411,0.0,0.23082285,1.383863949999993,37.17026093000002,0,2.355595588684082
2017-05-10,23.403125,44.09604166666667,28.5,88.48541666666667,6.376041666666667,1.4556250000000002,,7.954166666666667,5.89247311827957,6.45,0.1272137,1.1530411,0.0,1.280254799999993,37.29747463000002,0,0.8509777188301086
2017-05-11,24.45833333333333,44.133229166666666,28.510416666666668,83.54270833333334,5.909375,1.4023958333333333,,7.916666666666667,6.571428571428571,7.28125,3.0874317,0.1272137,1.1530411,4.3676864999999925,40.21727835000001,0,0.0722079426050186
2017-05-12,23.80625,46.71270833333333,30.378125,81.60000000000001,5.790625,1.5451041666666665,,7.931249999999999,5.536842105263158,5.995833333333334,3.5941637,3.0874317,0.1272137,6.808809099999992,16.580426050000014,0,
2017-05-13,23.409375,47.76510416666667,31.141666666666666,75.57395833333334,5.382291666666667,1.50125,,7.89375,5.268817204301075,5.167708333333334,4.436158,3.5941637,3.0874317,11.117753399999993,12.628831050000015,0,
2017-05-14,23.664583333333336,48.01739583333333,31.315625,82.496875,5.8125,1.5271875,,7.913541666666667,7.043010752688172,5.569791666666667,0.65390784,4.436158,3.5941637,8.684229539999993,13.051916040000016,0,3.013179063796997
2017-05-15,24.27916666666667,46.51114583333333,30.21770833333333,86.62708333333335,6.075,1.48125,,7.898958333333333,6.336842105263158,6.235416666666667,0.0,0.65390784,4.436158,5.090065839999992,13.051916040000016,0,2.7633345127105717
2017-05-16,25.930208333333336,46.64479166666666,30.272916666666664,86.84479166666667,5.929166666666667,1.502916666666667,,7.920833333333333,6.40625,6.445833333333333,0.0,0.0,0.65390784,0.6539078399999929,11.898874940000015,0,1.9539254903793333
2017-05-17,26.72395833333333,44.54,28.735416666666666,83.284375,5.661458333333333,1.403125,,7.894791666666666,9.51578947368421,6.7250000000000005,0.0,0.0,0.0,0.0,11.771661240000014,0,2.1692512035369877
2017-05-18,26.6625,41.961875,26.898958333333336,77.7,5.3375,1.3688541666666667,,7.889583333333333,9.6,10.451041666666669,0.35794353,0.0,0.0,0.3579435299999929,9.042173070000015,0,1.881079912185669
2017-05-19,25.926041666666663,41.043645833333336,26.26458333333333,73.10000000000001,5.105208333333334,1.3598958333333335,,7.891666666666667,10.387096774193548,10.35,0.95428455,0.35794353,0.0,1.312228079999993,6.402293920000015,0,2.7838680744171143
2017-05-20,26.105208333333334,42.318125,27.167708333333334,73.16666666666667,5.147222222222222,1.3939583333333332,,7.901041666666667,9.057142857142855,10.48125,2.4526796,0.95428455,0.35794353,3.764907679999993,4.418815520000015,0,0.6038062572479248
2017-05-21,25.273958333333336,46.91297872340425,30.503191489361704,,,1.585625,,7.939583333333334,,8.303125,0.3598199,2.4526796,0.95428455,3.7667840499999934,4.124727580000014,0,4.350892066955566
2017-05-22,25.078125,48.30129032258065,31.504301075268817,,,1.5822916666666669,,7.957291666666666,,7.872916666666666,2.4190133,0.3598199,2.4526796,5.231512799999994,6.543740880000015,0,
2017-05-23,24.171875,45.208020833333336,29.303125,,,1.4695833333333337,,7.897916666666667,,9.535416666666666,41.94507,2.4190133,0.3598199,44.723903199999995,48.48881088000002,1,1.7892796993255615
2017-05-24,24.20208333333333,46.09708333333333,29.938541666666666,,,1.4572916666666669,,7.884374999999999,,11.475,32.141644,41.94507,2.4190133,76.50572729999999,80.63045488000002,1,
2017-05-25,23.954166666666666,46.88947916666667,30.50520833333333,,,1.3741666666666663,,7.867999999999999,,13.936,20.217855,32.141644,41.94507,94.30456899999999,100.49036635000002,1,2.232529401779175
2017-05-26,23.601041666666664,48.92947916666666,31.990625,,,1.4145833333333335,,,,,0.00027225286,20.217855,32.141644,52.35977125285999,99.53635405286002,0,1.3792344331741333
2017-05-27,24.803125,50.46458333333334,33.088541666666664,,,1.4779166666666663,,,,,0.014899153,0.00027225286,20.217855,20.23302640585999,97.09857360586001,0,1.4204930067062378
2017-05-28,25.672916666666666,49.93427083333333,32.68333333333333,,,1.4472916666666666,,,,,4.4319153,0.014899153,0.00027225286,4.447086705859993,101.17066900586002,0,
2017-05-29,26.071875,49.3390625,32.23125,,,1.4561458333333333,,,,,5.649063,4.4319153,0.014899153,10.095877452999993,104.40071870586002,0,0.6172010898590088
2017-05-30,26.579166666666666,48.74281250000001,31.788541666666664,95.8,6.272093023255814,1.5167708333333332,,7.769767441860465,8.767441860465116,8.248837209302325,3.0162272,5.649063,4.4319153,13.097205499999992,65.47187590586002,0,
2017-05-31,26.004166666666663,48.94322916666667,31.95104166666667,78.06354166666667,5.285416666666666,1.5154166666666666,,7.714583333333334,9.145833333333334,8.731250000000001,4.406631,3.0162272,5.649063,13.071921199999993,37.736862905860015,0,
2017-06-01,25.98645833333333,47.876354166666665,31.179166666666664,76.21979166666667,5.179166666666666,1.511875,,7.688541666666667,7.708333333333333,8.397916666666667,3.395559,4.406631,3.0162272,10.818417199999994,20.914566905860013,0,0.3166928589344024
2017-06-02,26.14375,48.217395833333335,31.422916666666666,78.34270833333333,5.305208333333334,1.559583333333333,,7.69375,6.580645161290323,8.511458333333334,2.9257143,3.395559,4.406631,10.727904299999993,23.840008953000016,0,1.851187825202942
2017-06-03,26.575,48.498125,31.620833333333334,77.91354166666666,5.234375,1.6282291666666666,,7.688541666666667,6.252747252747253,7.649999999999999,0.0,2.9257143,3.395559,6.3212732999999925,23.825109800000018,0,1.2279560565948486
2017-06-04,27.159375,48.44083333333333,31.558333333333334,78.68854166666667,5.238541666666666,1.6695833333333334,,7.679166666666667,6.894736842105263,8.116666666666667,0.5867311,0.0,2.9257143,3.5124453999999927,19.979925600000012,0,1.8173984289169312
2017-06-05,27.136458333333334,46.319375,30.01354166666667,78.77083333333333,5.292708333333334,1.5492708333333332,,7.652083333333334,7.354166666666667,9.766666666666667,7.8165584,0.5867311,0.0,8.403289499999993,22.147421000000016,0,0.5112151503562927
2017-06-06,26.433333333333334,45.392500000000005,29.378125,67.24166666666666,4.594791666666667,1.4246875,,7.589583333333334,7.589473684210526,9.636458333333334,8.760724,7.8165584,0.5867311,17.164013499999992,27.891917800000016,0,
2017-06-07,24.5625,47.884687500000005,31.222916666666663,69.89791666666666,4.8812500000000005,1.6233333333333333,,7.641666666666667,7.2105263157894735,9.661458333333334,6.6571975,8.760724,7.8165584,23.23447989999999,30.142484300000014,0,
2017-06-08,21.823958333333334,50.0034375,32.800000000000004,83.02604166666667,6.020833333333333,1.6498958333333331,,7.716666666666666,6.916666666666667,7.330208333333334,14.5952015,6.6571975,8.760724,30.013122999999993,41.34212680000002,0,
2017-06-09,23.010416666666668,50.25864583333333,32.965625,86.99479166666667,6.1625000000000005,1.5829166666666667,,7.714583333333334,6.65625,6.064583333333334,0.018924404,14.5952015,6.6571975,21.271323403999993,38.43533690400002,0,2.0142035484313965
2017-06-10,24.785416666666663,48.775625,31.84895833333333,85.52604166666667,5.908333333333334,1.4766666666666666,,7.689583333333334,7.526315789473684,8.095833333333333,0.0,0.018924404,14.5952015,14.614125903999994,38.43533690400002,0,1.6502751111984253
2017-06-11,26.4625,47.779375,31.082291666666663,81.08645833333334,5.461458333333333,1.4432291666666668,,7.658333333333334,7.770833333333333,9.466666666666669,0.0,0.0,0.018924404,0.018924403999992893,37.848605804000016,0,1.102532982826233
2017-06-12,27.09583333333333,47.45208333333333,30.83020833333333,78.51979166666666,5.242708333333334,1.429375,,7.654166666666666,7.958333333333333,20.084375,0.22375557,0.0,0.0,0.22375556999999288,30.255802974000016,0,0.666864275932312
2017-06-13,27.197916666666668,47.22677083333334,30.67083333333333,79.278125,5.280208333333333,1.4051041666666666,,7.672916666666667,8.0,18.76875,0.21343231,0.22375557,0.0,0.43718787999999287,21.708511284000014,0,0.5819979906082153
2017-06-14,28.04375,45.78604166666667,29.596875,78.57604166666667,5.1875,1.3559374999999998,,7.671875,8.895833333333334,8.729166666666666,1.5004104,0.21343231,0.22375557,1.937598279999993,16.551724184000015,0,
2017-06-15,27.176041666666663,45.60854166666667,29.50625,66.99791666666667,4.507291666666666,1.384375,,7.628125,7.895833333333333,9.080208333333331,4.4544578,1.5004104,0.21343231,6.168300509999993,6.410980484000015,0,1.2064497470855713
2017-06-16,27.44375,46.71729166666666,30.292708333333334,74.96354166666667,4.986458333333333,1.4439583333333337,,7.659375,9.51063829787234,8.917708333333334,4.275132,4.4544578,1.5004104,10.230000199999992,10.667188080000015,0,2.760762453079224
2017-06-17,27.9875,45.75302083333333,29.59166666666667,81.49270833333334,5.403125,1.4796875,,7.686458333333333,9.135416666666666,10.445833333333333,11.71944,4.275132,4.4544578,20.449029799999995,22.386628080000015,0,2.282864570617676
2017-06-18,28.120833333333334,45.46073684210527,29.367368421052632,79.590625,5.284375,1.4377083333333334,,7.682291666666667,11.36842105263158,10.963541666666666,4.008775,11.71944,4.275132,20.003346999999994,26.395403080000015,0,1.396538496017456
2017-06-19,27.741666666666664,45.2065625,29.194791666666664,78.99374999999999,5.273958333333334,1.4209375,,7.688541666666667,17.010416666666668,12.520833333333334,3.8049078,4.008775,11.71944,19.533122799999994,29.976555310000013,0,2.64995551109314
2017-06-20,26.944791666666664,45.689166666666665,29.565625,76.86041666666667,5.195833333333334,1.4104166666666669,,7.689583333333334,12.858695652173912,13.202083333333334,19.052692,3.8049078,4.008775,26.866374799999992,48.815815000000015,1,0.0361131206154823
2017-06-21,26.194791666666664,48.35520833333334,31.527083333333334,70.44791666666667,4.772916666666666,1.4966666666666668,,7.678125,11.2,10.851041666666667,10.236302,19.052692,3.8049078,33.09390179999999,57.55170660000002,0,
2017-06-22,26.494791666666668,49.4,32.270833333333336,69.03229166666667,4.6312500000000005,1.4782291666666667,,7.685416666666666,8.635416666666666,9.978125,2.201504,10.236302,19.052692,31.490497999999995,55.29875280000002,0,
2017-06-23,27.09375,50.29895833333333,32.911458333333336,76.35104166666666,5.036458333333333,1.4375,,7.701041666666666,11.927083333333334,10.586458333333333,2.0277019,2.201504,10.236302,14.465507899999993,53.051322700000014,0,
2017-06-24,27.844791666666666,49.37197916666667,32.2125,88.278125,5.773958333333333,1.325416666666667,,7.6930555555555555,15.6875,15.063541666666666,1.0626168,2.0277019,2.201504,5.291822699999993,42.39449950000001,0,1.6832317113876345
2017-06-25,27.48645833333333,49.837291666666665,32.56875,75.64166666666667,4.971875,1.3864583333333331,,,11.302083333333334,12.097916666666668,12.13922,1.0626168,2.0277019,15.229538699999992,50.52494450000001,0,0.6054561734199524
2017-06-26,26.782291666666666,50.5971875,33.14270833333333,81.77708333333334,5.422916666666667,1.4915625,,,8.75,8.545833333333333,4.6668777,12.13922,1.0626168,17.868714499999992,51.386914400000016,0,2.222543239593506
2017-06-27,27.00208333333333,50.775625,33.2625,90.88854166666664,5.992708333333333,1.5330208333333333,,7.889583333333333,7.135416666666667,7.519791666666666,1.2739619,4.6668777,12.13922,18.08005959999999,33.60818430000001,0,0.3031715452671051
2017-06-28,27.102083333333336,50.339375,32.936458333333334,96.096875,6.336458333333333,1.625,,7.871875,6.5,6.2375,0.46477044,1.2739619,4.6668777,6.405610039999995,23.836652740000012,0,2.2195887565612797
2017-06-29,27.461458333333336,50.18789473684211,32.81894736842106,92.16666666666669,6.046875,1.6240625,,7.860416666666667,6.663157894736842,6.054166666666667,3.134363e-05,0.46477044,1.2739619,1.7387636836299947,21.63518008363001,0,5.88385820388794
2017-06-30,27.553125,47.13614583333333,30.60833333333333,82.59270833333333,5.4906250000000005,1.5947916666666666,,7.819791666666667,6.21875,7.028125,1.6921401,3.134363e-05,0.46477044,2.1569418836299947,21.299618283630014,0,
2017-07-01,27.68125,42.87322916666667,27.52916666666667,81.93645833333333,5.525,1.487291666666667,,7.757291666666667,9.416666666666666,8.691666666666666,2.2590911,1.6921401,3.134363e-05,3.9512625436299946,22.496092583630013,0,1.5296597480773926
2017-07-02,28.51458333333333,40.428020833333335,25.776041666666668,88.98020833333334,5.972916666666666,1.475625,,7.795833333333333,10.6875,13.176041666666668,2.6601133,2.2590911,1.6921401,6.611344499999994,13.016985883630014,0,3.8880183696746826
2017-07-03,28.61145833333333,40.9884375,26.172916666666666,84.63333333333334,5.660416666666666,1.5442708333333333,,7.797916666666667,9.083333333333334,13.45625,4.690749,2.6601133,2.2590911,9.609953399999995,13.040857183630013,0,1.0608373880386353
2017-07-04,28.36145833333333,41.4815625,26.52916666666667,77.59375,5.210416666666666,1.5160416666666665,,7.738541666666666,9.4375,13.34375,4.64123,4.690749,2.6601133,11.992092299999994,16.408125283630014,0,2.728245258331299
2017-07-05,28.68125,41.16885416666667,26.29583333333333,77.70520833333333,5.186458333333333,1.4742708333333334,,7.715625,10.53125,12.8125,6.5277276,4.64123,4.690749,15.859706599999996,22.471082443630017,0,1.83578622341156
2017-07-06,29.00208333333333,42.31333333333333,27.1,78.765625,5.198958333333334,1.4515625,,7.7375,10.6875,12.007291666666667,7.759065,6.5277276,4.64123,18.928022599999995,30.230116100000018,0,1.9255212545394895
2017-07-07,29.360416666666666,41.04510416666667,26.20520833333333,82.63854166666667,5.448958333333334,1.3886458333333334,,7.759374999999999,15.354166666666666,14.388541666666669,1.5944097,7.759065,6.5277276,15.881202299999995,30.132385700000015,0,0.6910324692726135
2017-07-08,29.20625,41.73697916666666,26.683333333333334,82.81979166666666,5.467708333333333,1.4005208333333332,,7.779166666666666,13.9375,15.847916666666668,3.601557,1.5944097,7.759065,12.955031699999994,31.474851600000015,0,2.519395589828491
2017-07-09,28.355208333333334,43.4821875,27.95625,76.79375,5.111458333333333,1.4292708333333335,,7.746875,11.229166666666666,17.026041666666668,7.83165,3.601557,1.5944097,13.027616699999994,36.64638830000001,0,
2017-07-10,27.34270833333333,42.42604166666667,27.25,70.64583333333333,4.814583333333333,1.4598958333333334,,7.719791666666667,22.375,15.577083333333334,13.94329,7.83165,3.601557,25.376496999999993,45.89892930000001,0,0.951508402824402
2017-07-11,28.019791666666663,42.7959375,27.46770833333333,75.27499999999999,5.033333333333333,1.4483333333333333,,7.710416666666667,14.770833333333334,13.133333333333333,8.13857,13.94329,7.83165,29.913509999999995,49.396269300000014,0,1.0324833393096924
2017-07-12,28.74895833333333,43.65625,28.069791666666664,76.25833333333334,5.0218750000000005,1.4665625,,7.655102040816327,19.810526315789478,9.608163265306125,0.9887445,8.13857,13.94329,23.070604499999995,43.85728620000001,0,0.8701006174087524
2017-07-13,29.5375,44.12895833333334,28.371875,76.13125000000001,4.934375,1.4334375,,,20.45263157894737,,0.038691804,0.9887445,8.13857,9.166006303999994,36.136913004000014,0,1.11563241481781
2017-07-14,29.957291666666663,44.22197916666667,28.421875,76.05729166666667,4.895833333333333,1.3919791666666663,,,15.65625,,0.5527164,0.038691804,0.9887445,1.5801527039999947,35.095219704000016,0,1.820490002632141
2017-07-15,29.620833333333334,43.615,28.00520833333333,74.45625,4.844791666666667,1.3613541666666666,,,17.1875,,5.1706686,0.5527164,0.038691804,5.762076803999995,36.664331304000015,0,0.8544772863388062
2017-07-16,28.29479166666667,45.59166666666667,29.46770833333333,69.6875,4.605208333333334,1.5041666666666669,,,12.291666666666666,,11.518516,5.1706686,0.5527164,17.241900999999995,40.35119730400002,0,0.0400125496089458
2017-07-17,27.289583333333336,46.3828125,30.063541666666666,65.32083333333334,4.366666666666666,1.4692708333333335,,,10.333333333333334,,9.006525,11.518516,5.1706686,25.695709599999994,35.414432304000016,0,0.0437530502676963
2017-07-18,26.542708333333334,46.359375,30.06770833333333,68.12291666666667,4.622916666666667,1.4521875,,,13.083333333333334,,12.235339,9.006525,11.518516,32.76038,39.51120130400001,0,
2017-07-19,27.088541666666668,47.10239583333333,30.59166666666667,72.825,4.883333333333334,1.5442708333333333,,,10.947916666666666,,0.25972503,12.235339,9.006525,21.501589029999995,38.78218183400001,0,1.981791377067566
2017-07-20,27.838541666666668,48.72416666666667,31.745833333333334,76.546875,5.040625,1.584375,,,11.697916666666666,,0.26809174,0.25972503,12.235339,12.763155769999994,39.011581770000014,0,1.2924516201019287
2017-07-21,28.609375,48.559583333333336,31.60625,74.78750000000001,4.855208333333334,1.5178125,,,12.808510638297872,,0.39125255,0.26809174,0.25972503,0.9190693199999946,38.85011792000001,0,1.060047268867493
2017-07-22,28.59895833333333,47.8965625,31.13958333333333,47.2,3.1,1.42,,,17.5531914893617,,1.0790942,0.39125255,0.26809174,1.7384384899999945,34.75854352000001,0,0.3772546648979187
2017-07-23,28.417708333333334,47.35791666666666,30.741666666666664,,,1.4070833333333337,,,16.42105263157895,,2.7601728,1.0790942,0.39125255,4.230519549999994,26.000200320000015,0,0.9345425367355348
2017-07-24,28.260416666666668,44.500416666666666,28.68958333333333,,,1.4283333333333337,,,17.9468085106383,,12.767423,2.7601728,1.0790942,16.606689999999993,29.761098320000016,0,0.7765194773674011
2017-07-25,28.871875,41.407291666666666,26.45520833333333,,,1.4800000000000002,,,16.20408163265306,,2.8048055,12.767423,2.7601728,18.332401299999994,20.330564820000014,0,1.066144943237305
2017-07-26,27.913541666666664,45.17635416666667,29.238541666666663,,,1.616458333333333,,,12.153846153846152,10.121153846153844,2.8021293,2.8048055,12.767423,18.374357799999995,22.872969090000016,0,5.131066799163818
2017-07-27,28.45,52.25739583333333,34.307291666666664,,,1.5268750000000002,,,10.083333333333334,8.191666666666666,2.1522288,2.8021293,2.8048055,7.759163599999995,24.757106150000016,0,0.7465091347694397
2017-07-28,28.838541666666668,52.1215625,34.2,,,1.4598958333333334,,,9.322916666666666,8.823958333333334,13.081197,2.1522288,2.8021293,18.035555099999996,37.44705060000001,0,3.5923891067504883
2017-07-29,28.346875,50.77364583333334,33.225,,,1.3796875,,,10.53125,9.547916666666667,18.074022,13.081197,2.1522288,33.30744779999999,54.44197840000001,1,
2017-07-30,26.853125,52.2078125,34.321875,,,1.637916666666667,,,8.031578947368422,9.1125,0.7788077,18.074022,13.081197,31.934026699999997,52.46061330000001,0,4.5508341789245605
2017-07-31,26.33333333333333,53.49479166666666,35.28854166666667,,,1.789375,,,5.978947368421053,7.702083333333333,1.6221243,0.7788077,18.074022,20.474953999999997,41.315314600000015,0,3.130725622177124
2017-08-01,26.590625,53.72760416666667,35.454166666666666,,,1.6851041666666668,,,6.104166666666667,6.190625,2.296778,1.6221243,0.7788077,4.697709999999997,40.80728710000001,0,0.6580514311790466
2017-08-02,27.086458333333336,53.63885416666667,35.38333333333333,,,1.5991666666666668,,,6.505263157894737,6.019791666666666,0.77394164,2.296778,1.6221243,4.692843939999997,38.77909944000002,0,1.458614468574524
2017-08-03,27.385416666666668,53.43052083333333,35.219791666666666,,,1.6048958333333332,,,6.65625,6.605208333333334,4.9488544,0.77394164,2.296778,8.019574039999997,41.575725040000016,0,0.3557676970958709
2017-08-04,27.565625,52.86208333333334,34.786458333333336,,,1.5804166666666666,,,7.447916666666667,7.998958333333333,4.690565,4.9488544,0.77394164,10.413361039999998,33.18509304000001,0,3.3664228916168213
2017-08-05,27.460416666666664,51.61645833333333,33.87291666666667,,,1.4701041666666663,,,10.135416666666666,10.067708333333334,5.4469614,4.690565,4.9488544,15.086380799999997,20.558032440000016,0,1.7732012271881104
2017-08-06,28.445833333333336,51.486250000000005,33.75,,,1.5454166666666669,,,8.083333333333334,10.359375,1.6545879,5.4469614,4.690565,11.792114299999996,21.433812640000014,0,0.4647665619850158
2017-08-07,28.78020833333333,51.3384375,33.62291666666667,,,1.5039583333333333,,,11.729166666666666,11.648958333333333,5.164886,1.6545879,5.4469614,12.266435299999998,24.976574340000013,0,
2017-08-08,26.965625,45.9803125,29.815625,,,1.4329166666666666,,,19.75,11.007291666666667,18.803001,5.164886,1.6545879,25.622474899999997,41.48279734000001,1,
2017-08-09,26.33125,46.271770833333335,30.01875,,,1.6013541666666666,,,11.282051282051285,7.35625,8.911248,18.803001,5.164886,32.879135,49.620103700000016,0,
2017-08-10,26.469791666666666,48.76802083333333,31.813541666666666,,,1.5978125,,,,7.821874999999999,2.3625886,8.911248,18.803001,30.076837599999994,47.033837900000016,0,
2017-08-11,28.01354166666667,49.200208333333336,32.083333333333336,,,1.5192708333333331,,,,9.726041666666667,6.886641,2.3625886,8.911248,18.1604776,49.229913900000014,0,1.1955512762069702
2017-08-12,28.575,48.85177083333334,31.816666666666663,,,1.440208333333333,,,,11.932291666666666,17.785488,6.886641,2.3625886,27.0347176,61.568440500000015,1,1.2147074937820437
2017-08-13,28.48958333333333,48.302708333333335,31.414583333333336,,,1.4044791666666667,,,,11.125,11.303938,17.785488,6.886641,35.976067,71.21779060000001,0,1.1945565938949585
2017-08-14,29.06458333333333,48.743854166666665,31.713541666666668,,,1.4611458333333334,,,,9.563541666666667,5.335847,11.303938,17.785488,34.425273000000004,71.38875160000002,0,0.3123810887336731
2017-08-15,29.5625,49.00635416666666,31.894791666666663,,,1.5254166666666666,,,,11.441666666666668,5.8001075,5.335847,11.303938,22.4398925,58.385858100000014,0,1.900020122528076
2017-08-16,29.67083333333333,49.06979166666667,31.93958333333333,,,1.551770833333333,,,,14.182291666666666,7.030847,5.8001075,5.335847,18.1668015,56.505457100000015,0,0.7760825157165527
2017-08-17,29.41979166666667,50.165729166666665,32.746875,,,1.6146874999999998,,,,14.25,3.8017256,7.030847,5.8001075,16.632680099999998,57.94459410000001,0,2.3110218048095703
2017-08-18,29.575,50.53479166666667,33.014583333333334,,,1.5822916666666669,,,,13.871875,6.4456124,3.8017256,7.030847,17.278185,57.503565500000015,0,0.8048416376113892
2017-08-19,29.7625,49.736875,32.42604166666667,,,1.5254166666666666,,,,18.509375,6.8573313,6.4456124,3.8017256,17.1046693,46.57540880000001,0,1.8446378707885744
2017-08-20,29.521875,50.20072916666667,32.768750000000004,,,1.5715625,,,,16.127659574468087,7.7165837,6.8573313,6.4456124,21.0195274,42.98805450000001,0,0.9784281849861144
2017-08-21,29.29479166666667,50.61166666666667,33.071875,,,1.5684375,,,,,2.702012,7.7165837,6.8573313,17.275927000000003,40.35421950000001,0,5.630963802337647
2017-08-22,29.584375,50.83375,33.23020833333333,,,1.5603125,,,,,0.4776551,2.702012,7.7165837,10.896250799999999,35.03176710000002,0,2.1089768409729004
2017-08-23,29.665625,50.34135416666667,32.87291666666667,,,1.4791666666666667,,,,,4.5381546,0.4776551,2.702012,7.7178217,32.539074700000015,0,0.3461512327194214
2017-08-24,28.246875,49.3265625,32.16458333333333,,,1.555625,,,,,19.56419,4.5381546,0.4776551,24.579999700000002,48.301539100000014,1,1.0490760803222656
2017-08-25,28.29583333333333,50.68578947368421,33.16315789473684,,,1.6817708333333332,,,,,2.942005,19.56419,4.5381546,27.044349599999997,44.797931700000014,0,1.2288328409194946
2017-08-26,28.136458333333334,51.4703125,33.737500000000004,,,1.71875,,,,,3.0656884,2.942005,19.56419,25.5718834,41.006288800000014,0,
2017-08-27,27.33125,52.209270833333335,34.30520833333333,,,1.774375,,,,,0.61188316,3.0656884,2.942005,6.619576559999996,33.90158826000001,0,3.19698429107666
2017-08-28,26.01875,52.122083333333336,34.278125,,,1.8269791666666664,,,,,8.92055,0.61188316,3.0656884,12.598121559999996,40.12012626000002,0,
2017-08-29,25.853125,51.2353125,33.62916666666667,85.41190476190476,5.730952380952381,1.7289583333333332,,7.878571428571428,7.0,8.390476190476189,16.848375,8.92055,0.61188316,26.38080816,56.49084616000002,0,23.146312713623047
2017-08-30,25.666666666666668,51.70635416666667,33.98229166666667,84.20833333333333,5.661458333333333,1.8040625,,7.880208333333333,5.875,8.326041666666667,0.046808247,16.848375,8.92055,25.815733247,51.99949980700002,0,1.57621169090271
2017-08-31,26.571875,50.72885416666667,33.24166666666667,81.25833333333334,5.410416666666666,1.7114583333333335,,7.826041666666666,6.208333333333333,9.9375,0.14819033,0.046808247,16.848375,17.043373576999997,32.583500137000016,0,2.101247787475586
2017-09-01,27.460416666666664,49.143437500000005,32.05833333333333,79.93541666666667,5.2718750000000005,1.6762499999999998,,7.804166666666667,6.71875,9.807291666666666,5.942833,0.14819033,0.046808247,6.137831577,35.584328137000014,0,1.473482608795166
2017-09-02,27.68958333333333,48.275,31.421875,75.090625,4.963541666666667,1.731666666666667,,7.796875,8.177083333333334,9.728125,18.326616,5.942833,0.14819033,24.41763933,50.845255737000016,1,0.0623530149459838
2017-09-03,27.573958333333334,47.9878125,31.21666666666667,78.92083333333333,5.226041666666666,1.616458333333333,,7.789583333333333,7.958333333333333,10.366666666666667,2.3604224,18.326616,5.942833,26.629871400000003,52.593794977000016,0,4.410572052001953
2017-09-04,27.70520833333333,49.65208333333334,32.427083333333336,82.675,5.421875,1.6743750000000002,,7.854166666666667,7.583333333333333,10.576041666666669,0.37967297,2.3604224,18.326616,21.06671137,44.05291794700001,0,1.499711036682129
2017-09-05,27.90416666666667,49.67979166666667,32.438541666666666,81.93020833333334,5.358333333333333,1.6038541666666666,,7.868749999999999,8.697916666666666,10.017708333333331,1.4752147,0.37967297,2.3604224,4.21531007,28.679757647000017,0,1.776793122291565
2017-09-06,26.96770833333333,48.59625,31.67395833333333,76.04375,5.080208333333333,1.5138541666666667,,7.837499999999999,10.541666666666666,10.379166666666666,14.893935,1.4752147,0.37967297,16.748822670000003,43.526884400000014,0,0.1032002046704292
2017-09-07,26.261458333333334,49.2003125,32.1375,82.25729166666666,5.532291666666667,1.5736458333333332,,7.895833333333333,9.239583333333334,9.398958333333333,10.107793,14.893935,1.4752147,26.4769427,53.48648707000002,0,12.682943344116213
2017-09-08,26.023958333333336,50.49572916666667,33.084375,86.04583333333333,5.775,1.6592708333333333,,7.95,7.875,8.827083333333333,0.15883006,10.107793,14.893935,25.16055806,47.702484130000016,0,3.341235399246216
2017-09-09,24.81875,51.49104166666667,33.844791666666666,90.01354166666665,6.147916666666667,1.7514583333333331,,7.992708333333333,8.302083333333334,8.731250000000001,4.1533594,0.15883006,10.107793,14.41998246,33.529227530000014,0,7.668967247009277
2017-09-10,23.289583333333336,52.91770833333334,34.932291666666664,91.28541666666666,6.369791666666667,1.8102083333333332,,8.029166666666667,8.614583333333334,7.705208333333334,4.132684,4.1533594,0.15883006,8.44487346,35.301489130000014,0,
2017-09-11,22.41145833333333,53.642291666666665,35.479166666666664,90.00416666666666,6.355208333333334,1.99625,,8.020833333333334,11.989583333333334,8.128124999999999,23.97412,4.132684,4.1533594,32.260163399999996,58.89593616000001,1,
2017-09-12,24.20833333333333,52.66729166666667,34.71875,94.225,6.480208333333334,1.7848958333333331,,7.958333333333333,10.53125,6.75,13.540151,23.97412,4.132684,41.646955,70.96087246000002,0,3.7617363929748535
2017-09-13,25.403125,51.6196875,33.932291666666664,88.66145833333333,6.002083333333334,1.6017708333333334,,7.926041666666666,8.28125,6.969791666666667,0.05608116,13.540151,23.97412,37.57035216,56.12301862000002,0,2.3059871196746826
2017-09-14,25.901041666666668,50.94468749999999,33.420833333333334,83.82604166666667,5.640625,1.6317708333333334,,7.934375,7.385416666666667,7.821874999999999,0.06721739,0.05608116,13.540151,13.66344955,46.08244301000002,0,0.730067253112793
2017-09-15,26.28333333333333,50.1675,32.838541666666664,82.4875,5.539583333333333,1.6232291666666667,,7.925,7.489583333333333,8.453125,0.1982737,0.06721739,0.05608116,0.32157225,46.121886650000015,0,2.042544364929199
2017-09-16,26.715625,50.09260416666667,32.77708333333333,85.20208333333333,5.672916666666667,1.680416666666667,,7.935416666666666,6.9375,8.282291666666667,0.89160156,0.1982737,0.06721739,1.15709265,42.86012881000002,0,3.611453294754028
2017-09-17,26.35729166666667,50.68770833333334,33.21875,85.16562499999999,5.691666666666666,1.7477083333333334,,7.94375,6.927083333333333,7.925,2.8066776,0.89160156,0.1982737,3.89655286,41.534122410000016,0,
2017-09-18,25.92083333333333,51.4875,33.81666666666667,85.20520833333333,5.721875,1.7635416666666668,,7.95625,7.694736842105263,7.951041666666666,4.0518947,2.8066776,0.89160156,7.75017386,21.611897110000015,0,3.773013114929199
2017-09-19,25.99791666666667,51.90291666666667,34.123958333333334,86.796875,5.805208333333333,1.7840625,,7.967708333333333,6.385416666666667,6.8875,4.005186,4.0518947,2.8066776,10.8637583,12.076932110000016,0,2.124142408370972
2017-09-20,26.475,51.998378378378376,34.1972972972973,86.62708333333335,5.7250000000000005,1.8213541666666664,,7.889583333333333,8.9375,6.229166666666667,0.030073632,4.005186,4.0518947,8.087154332,12.050924582000015,0,3.3923325538635254
2017-09-21,26.92395833333333,,,84.63229166666666,5.552083333333333,1.7916666666666667,,7.807291666666667,7.010416666666667,5.817708333333333,0.29588577,0.030073632,4.005186,4.331145402,12.279592962000015,0,2.148229122161865
2017-09-22,27.09166666666667,,,86.41875,5.667708333333334,1.6990625,,7.783333333333334,7.178947368421053,5.4,0.11805038,0.29588577,0.030073632,0.444009782,12.199369642000015,0,1.8819947242736816
2017-09-23,27.54895833333333,,,87.98854166666666,5.729166666666667,1.730625,,7.78125,6.666666666666667,5.525,0.0,0.11805038,0.29588577,0.41393615,11.307768082000013,0,2.928334951400757
2017-09-24,26.93958333333333,,,90.56770833333331,5.9437500000000005,1.852291666666667,,7.8125,6.65625,5.5687500000000005,0.16150236,0.0,0.11805038,0.27955274,8.662592842000013,0,3.079109907150269
2017-09-25,26.134375,,,86.57708333333333,5.751041666666667,1.843125,,7.803125,7.364583333333333,6.575,1.6821532,0.16150236,0.0,1.84365556,6.292851342000015,0,1.8923912048339844
2017-09-26,25.985416666666666,,,88.93541666666665,5.917708333333334,1.7959375,,7.786458333333333,7.552083333333333,6.9625,0.57206315,1.6821532,0.16150236,2.41571871,2.859728492000014,0,3.201894998550415
2017-09-27,26.29895833333333,,,89.41041666666666,5.909375,1.8092708333333332,,7.797916666666667,7.229166666666667,7.391666666666667,0.5392647,0.57206315,1.6821532,2.79348105,3.368919560000014,0,2.5912771224975586
2017-09-28,27.08020833333333,,,84.72500000000001,5.535416666666666,1.7786458333333333,,7.742708333333333,7.197916666666667,7.871875,0.3449876,0.5392647,0.57206315,1.45631545,3.418021390000014,0,1.674918293952942
2017-09-29,26.53333333333333,,,83.325,5.509375,1.7721875,,7.714583333333334,8.21875,8.386458333333334,0.06610243,0.3449876,0.5392647,0.95035473,3.366073440000014,0,1.019775390625
2017-09-30,24.903125,,,85.684375,5.794791666666666,1.7943749999999998,,7.773958333333333,8.947368421052632,7.50625,0.104545705,0.06610243,0.3449876,0.515635735,3.470619145000014,0,1.846463918685913
2017-10-01,23.10729166666667,,,89.47916666666667,6.230208333333334,1.8473958333333331,,7.840625,7.40625,6.370833333333334,0.056855746,0.104545705,0.06610243,0.22750388100000002,3.365972531000014,0,1.265671968460083
2017-10-02,23.14583333333333,,,90.83541666666667,6.311458333333333,1.9276041666666668,,7.871875,7.03125,5.413541666666667,0.0,0.056855746,0.104545705,0.16140145100000003,1.6838193310000142,0,2.737121820449829
2017-10-03,23.06875,,,89.96458333333334,6.266666666666667,1.844375,,7.868749999999999,7.572916666666667,4.80625,0.0,0.0,0.056855746,0.056855746,1.1117561810000143,0,1.9344162940979004
2017-10-04,23.042708333333334,,,88.565625,6.170833333333333,1.8372916666666663,,7.878125,6.6875,4.403125,0.0,0.0,0.0,0.0,0.5724914810000142,0,2.687991142272949
2017-10-05,23.601041666666664,,,87.778125,6.078125,1.7889583333333334,,7.879166666666666,6.770833333333333,3.8541666666666665,0.49619833,0.0,0.0,0.49619833,0.7237022110000142,0,4.149559497833252
2017-10-06,24.704166666666666,,,88.78958333333333,6.044791666666666,1.6963541666666666,,7.879166666666666,7.3125,3.8083333333333336,0.20171423,0.49619833,0.0,0.69791256,0.8593140110000141,0,2.4578089714050293
2017-10-07,25.703125,,,89.05624999999999,5.976041666666667,1.6761458333333332,,7.879166666666666,7.197916666666667,4.10625,1.0073152,0.20171423,0.49619833,1.70522776,1.7620835060000144,0,0.8288440108299255
2017-10-08,26.29375,,,91.49583333333334,6.091666666666666,1.6235416666666669,,7.877083333333334,8.905263157894737,4.9,1.8441664,1.0073152,0.20171423,3.05319583,3.549394160000014,0,1.3478214740753174
2017-10-09,26.179166666666664,50.05041666666667,32.739583333333336,88.378125,5.929166666666667,1.576875,,7.857291666666668,8.291666666666666,5.8125,10.262411,1.8441664,1.0073152,13.1138926,13.811805160000015,0,1.574012041091919
2017-10-10,26.008333333333336,49.459583333333335,32.33020833333333,80.51979166666666,5.45,1.55,,7.786458333333333,,5.652083333333334,1.862714,10.262411,1.8441664,13.9692914,15.674519160000015,0,0.086478903889656
2017-10-11,25.91875,49.28833333333333,32.19583333333333,80.50729166666666,5.452083333333333,1.546875,,7.780208333333333,,5.455208333333334,1.0683521,1.862714,10.262411,13.1934771,16.742871260000015,0,1.0225566625595093
2017-10-12,26.071875,49.6175,32.44166666666667,80.78645833333333,5.454166666666667,1.6261458333333334,,7.778125,,6.410416666666666,2.4426,1.0683521,1.862714,5.3736661,18.689272930000016,0,1.6297820806503296
2017-10-13,25.135416666666668,50.68395833333333,33.244791666666664,86.92315789473685,5.933684210526316,1.8529166666666663,,7.817708333333333,,6.0218750000000005,0.06059216,2.4426,1.0683521,3.5715442600000005,18.548150860000018,0,0.3989924490451813
2017-10-14,24.34270833333333,51.029270833333335,33.51770833333333,82.503125,5.703125,1.8409375,,7.807291666666667,,5.5531250000000005,0.0,0.06059216,2.4426,2.50319216,17.540835660000017,0,0.1523146629333496
2017-10-15,24.73958333333333,51.04375,33.515625,81.596875,5.602083333333333,1.7730208333333335,,7.785416666666666,,4.367708333333334,0.0,0.0,0.06059216,0.06059216000000044,15.696669260000014,0,2.376771211624145
2017-10-16,24.648958333333336,50.95614583333333,33.447916666666664,83.88854166666667,5.764583333333333,1.684583333333333,,7.782291666666667,,4.3875,0.9550196,0.0,0.0,0.9550196000000004,6.389277860000014,0,0.5672138929367065
2017-10-17,21.759375,51.38583333333333,33.815625000000004,90.865625,6.563541666666667,1.9559375,,7.898958333333334,,3.6875,6.929013,0.9550196,0.0,7.884032600000001,11.455576860000015,0,
2017-10-18,20.86145833333333,51.488125,33.89895833333333,92.025,6.746875,1.8709375,,7.908333333333334,,2.8541666666666665,2.9793675,6.929013,0.9550196,10.8634001,13.366592260000013,0,3.0406572818756104
2017-10-19,21.585416666666664,51.5278125,33.92395833333333,92.603125,6.686458333333333,1.7866666666666668,,7.894791666666666,,2.848958333333333,0.0,2.9793675,6.929013,9.9083805,10.923992260000013,0,1.3441779613494873
2017-10-20,22.369791666666668,51.44677083333334,33.846875,91.15625,6.498958333333333,1.614375,,7.877083333333334,,3.139583333333333,0.0,0.0,2.9793675,2.9793675,10.863400100000014,0,1.9526129961013796
2017-10-21,22.58333333333333,51.25958333333333,33.717708333333334,90.20729166666666,6.405208333333333,1.58375,,7.861458333333334,,3.079166666666667,0.0,0.0,0.0,0.0,10.863400100000014,0,4.3248491287231445
2017-10-22,23.110416666666666,51.21416666666667,33.66458333333333,91.26875,6.426041666666666,1.5934375,,7.847916666666666,,3.040625,0.29718924,0.0,0.0,0.29718924,11.160589340000014,0,2.976907253265381
2017-10-23,22.67878787878788,50.97969696969697,33.484848484848484,78.27878787878787,5.566666666666666,1.354848484848485,,7.748484848484848,,2.806060606060606,10.836805,0.29718924,0.0,11.13399424,21.042374740000014,0,
2017-10-24,,,,,,,,,,,26.473627,10.836805,0.29718924,37.60762124,40.58698874000001,1,2.4557504653930664
2017-10-25,,,,,,,,,,,5.5021944,26.473627,10.836805,42.8126264,43.10981564000001,0,3.0691583156585693
2017-10-26,,,,,,,,,,,2.1862862,5.5021944,26.473627,34.1621076,45.29610184000001,0,5.063586235046387
2017-10-27,,,,,,,,,,,0.0,2.1862862,5.5021944,7.6884806,45.29610184000001,0,1.7913422584533691
2017-10-28,,,,,,,,,,,0.0,0.0,2.1862862,2.1862862,45.29610184000001,0,2.185075044631958
2017-10-29,,,,,,,,,,,24.985968,0.0,0.0,24.985968,69.98488060000001,1,1.1422468423843384
2017-10-30,,,,,,,,,,,0.0023544687,24.985968,0.0,24.988322468699998,59.15043006870002,0,1.7838256359100342
2017-10-31,,,,,,,,,,,0.0,0.0023544687,24.985968,24.988322468699998,32.67680306870001,0,1.4675111770629885
2017-11-01,,,,,,,,,,,0.0365741,0.0,0.0023544687,0.0389285687,27.211182768700013,0,2.4269349575042725
2017-11-02,,,,,,,,,,,0.016154096,0.0365741,0.0,0.052728196,25.041050664700013,0,2.613870143890381
2017-11-03,,,,,,,,,,,0.0,0.016154096,0.0365741,0.052728196,25.041050664700013,0,2.1579935550689697
2017-11-04,,,,,,,,,,,0.063238814,0.0,0.016154096,0.07939291000000001,25.104289478700014,0,28.45877265930176
2017-11-05,,,,,,,,,,,1.1802424,0.063238814,0.0,1.243481214,1.2985638787000142,0,2.4074625968933105
2017-11-06,22.06415094339623,50.56754716981132,33.20943396226415,95.70188679245284,6.890566037735849,1.6358490566037736,,7.933962264150943,10.943396226415096,3.728301886792453,0.89109486,1.1802424,0.063238814,2.134576074,2.1873042700000145,0,5.377973556518555
2017-11-07,21.69375,50.45395833333333,33.12708333333333,89.24166666666667,6.464583333333334,1.585625,,7.914583333333333,12.389473684210529,4.996875,3.8053906,0.89109486,1.1802424,5.87672786,5.992694870000014,0,0.3509911298751831
2017-11-08,20.198958333333334,50.658229166666665,33.29375,86.95625,6.478125,1.648125,,7.909375,9.53125,4.314583333333333,6.8386173,3.8053906,0.89109486,11.535102760000001,12.794738070000015,0,
2017-11-09,18.53125,50.78635416666666,33.39270833333333,85.23333333333333,6.544791666666666,1.7486458333333337,,7.915624999999999,10.708333333333334,3.85,6.699481,6.8386173,3.8053906,17.343488899999997,19.478064974000013,0,
2017-11-10,18.129166666666663,50.423125,33.11666666666667,91.05833333333334,7.054166666666667,1.7789583333333334,,7.922916666666667,10.463157894736842,2.88125,4.3159986,6.699481,6.8386173,17.854096900000002,23.794063574000013,0,3.707756280899048
2017-11-11,15.930208333333333,50.93604166666666,33.454166666666666,93.72604166666667,7.563541666666667,1.9030208333333332,,7.970833333333334,8.739583333333334,2.578125,0.05272871,4.3159986,6.699481,11.068208310000001,23.78355347000001,0,
2017-11-12,15.846875,50.96979166666667,33.489583333333336,93.953125,7.588541666666667,1.82375,,7.957291666666666,4.760416666666667,2.775,0.6038652,0.05272871,4.3159986,4.97259251,23.207176270000016,0,1.0263360738754272
2017-11-13,16.267708333333335,50.83354166666667,33.40208333333333,93.62604166666668,7.502083333333334,1.6773958333333334,,7.941666666666666,8.302083333333334,3.2875,0.7950738,0.6038652,0.05272871,1.4516677100000002,23.111155210000014,0,13.204739570617676
2017-11-14,15.683333333333332,50.9809375,33.50416666666667,94.20520833333336,7.640625,1.7457291666666668,,7.954166666666667,1.4583333333333333,3.0104166666666665,0.062510096,0.7950738,0.6038652,1.461449096,19.368274706000015,0,1.7343928813934326
2017-11-15,15.114583333333334,51.145833333333336,33.60520833333333,94.54270833333334,7.746875,1.8196875,,7.985416666666667,1.1875,2.8520833333333333,0.030229397,0.062510096,0.7950738,0.887813293,12.559886803000015,0,3.26118803024292
2017-11-16,15.28125,51.1125,33.588541666666664,93.68229166666669,7.647916666666667,1.7142708333333332,,7.959375,2.489583333333333,2.8208333333333333,0.31752056,0.030229397,0.062510096,0.410260053,6.177926363000014,0,2.4898781776428223
2017-11-17,15.053125,51.12020833333333,33.578125,94.68333333333334,7.763541666666666,1.682395833333333,,7.970833333333334,1.1145833333333333,3.2458333333333336,0.019614479,0.31752056,0.030229397,0.367364436,1.8815422420000143,0,2.470750093460083
2017-11-18,15.419791666666669,51.016041666666666,33.50729166666667,94.459375,7.684375,1.5696875,,7.957291666666666,1.2708333333333333,4.619791666666667,0.024269056,0.019614479,0.31752056,0.36140409500000004,1.8530825880000144,0,1.279033899307251
2017-11-19,16.292708333333334,49.96197916666667,32.76354166666666,95.99270833333333,7.712499999999999,1.2554166666666666,,7.921875,3.458333333333333,8.727083333333333,1.2395012,0.024269056,0.019614479,1.283384735,2.4887185880000144,0,2.5950963497161865
2017-11-20,14.886458333333332,49.869166666666665,32.66770833333333,94.62604166666668,7.820833333333333,1.4664583333333334,,7.96875,1.7916666666666667,18.35833333333333,0.0,1.2395012,0.024269056,1.2637702560000001,1.6936447880000145,0,1.8262947797775269
2017-11-21,14.978947368421052,50.154947368421055,32.87052631578947,95.81473684210526,7.893684210526316,1.4764210526315789,,7.975789473684211,1.305263157894737,13.52842105263158,1.5184788,0.0,1.2395012,2.75798,3.1496134920000145,0,
2017-11-22,16.375,49.539791666666666,32.452083333333334,97.33333333333331,7.821874999999999,1.4201041666666667,,7.970833333333334,1.6770833333333333,3.0260416666666665,15.278494,1.5184788,0.0,16.7969728,18.397878095000014,0,2.651268482208252
2017-11-23,14.607291666666669,49.951875,32.72291666666667,94.74791666666664,7.886458333333334,1.5791666666666666,,7.983333333333333,1.5625,3.2697916666666664,0.6472278,15.278494,1.5184788,17.444200600000002,18.72758533500002,0,0.3354101777076721
2017-11-24,13.710416666666667,50.42395833333333,33.032291666666666,94.92916666666667,8.027083333333334,1.6203125,,7.986458333333334,1.0833333333333333,2.905208333333333,7.088325,0.6472278,15.278494,23.014046800000003,25.796295856000015,0,8.402419090270996
2017-11-25,13.584375,50.20822916666666,32.871875,95.82291666666669,8.127083333333333,1.5668749999999998,,7.985416666666667,1.1145833333333333,2.2729166666666667,0.040830262,7.088325,0.6472278,7.776383062000001,25.812857062000013,0,2.2109498977661133
2017-11-26,13.835416666666667,49.7459375,32.550000000000004,96.33333333333331,8.141666666666667,1.5290625,,7.965625,1.125,2.00625,0.0,0.040830262,7.088325,7.129155262000001,24.573355862000014,0,2.2364907264709477
2017-11-27,13.771875,50.03375,32.75833333333333,95.06770833333331,8.039583333333333,1.6267708333333333,,7.971875,1.03125,2.10625,0.0,0.0,0.040830262,0.040830262,24.573355862000014,0,1.7645221948623655
2017-11-28,13.513333333333332,50.3505,32.973333333333336,92.595,7.863333333333333,1.7303333333333333,,7.97,1.1333333333333333,2.1983333333333333,0.0,0.0,0.0,0.0,23.054877062000013,0,2.7445974349975586
2017-11-29,,,,,,,,,,,0.0,0.0,0.0,0.0,7.776383062000017,0,2.538172721862793
2017-11-30,,,,,,,,,,,0.0,0.0,0.0,0.0,7.129155262000017,0,3.264260768890381
2017-12-01,,,,,,,,,,,1.1911072,0.0,0.0,1.1911072,1.231937462000016,0,3.8754994869232178
2017-12-02,,,,,,,,,,,1.7919058,1.1911072,0.0,2.983013,2.983013000000016,0,
2017-12-03,,,,,,,,,,,0.19053529,1.7919058,1.1911072,3.1735482900000003,3.1735482900000163,0,3.02693510055542
2017-12-04,,,,,,,,,,,0.0,0.19053529,1.7919058,1.98244109,3.1735482900000163,0,3.270076274871826
2017-12-05,,,,,,,,,,,1.581373,0.0,0.19053529,1.7719082899999998,4.754921290000016,0,1.42050039768219
2017-12-06,,,,,,,,,,,2.3869698,1.581373,0.0,3.9683428000000003,7.141891090000016,0,
2017-12-07,,,,,,,,,,,6.189422,2.3869698,1.581373,10.1577648,13.331313090000016,0,
2017-12-08,,,,,,,,,,,12.44881,6.189422,2.3869698,21.0252018,24.589015890000017,0,
2017-12-09,,,,,,,,,,,13.578684,12.44881,6.189422,32.216916000000005,36.375794090000014,0,
2017-12-10,,,,,,,,,,,0.2729604,13.578684,12.44881,26.300454400000003,36.458219200000016,0,3.080341339111328
2017-12-11,,,,,,,,,,,0.0,0.2729604,13.578684,13.851644400000001,36.458219200000016,0,2.0831892490386963
2017-12-12,,,,,,,,,,,0.19118786,0.0,0.2729604,0.46414826,35.068034060000016,0,2.7519052028656006
2017-12-13,,,,,,,,,,,0.4485171,0.19118786,0.0,0.63970496,33.12958136000001,0,1.5254789590835571
2017-12-14,,,,,,,,,,,0.0,0.4485171,0.19118786,0.63970496,26.940159360000017,0,2.1291773319244385
2017-12-15,,,,,,,,,,,1.1174749,0.0,0.4485171,1.565992,15.608824260000016,0,
2017-12-16,,,,,,,,,,,0.7865858,1.1174749,0.0,1.9040607,2.816726060000016,0,1.942002534866333
2017-12-17,,,,,,,,,,,0.9555616,0.7865858,1.1174749,2.8596223,3.499327260000016,0,1.5898579359054563
2017-12-18,,,,,,,,,,,3.382221,0.9555616,0.7865858,5.1243684,6.881548260000016,0,2.88098692893982
2017-12-19,,,,,,,,,,,0.06687803,3.382221,0.9555616,4.4046606299999995,6.757238430000015,0,2.193979263305664
2017-12-20,,,,,,,,,,,12.139738,0.06687803,3.382221,15.588837029999999,18.448459330000016,0,
2017-12-21,,,,,,,,,,,3.3082082,12.139738,0.06687803,15.514824229999999,21.756667530000016,0,3.0826594829559326
2017-12-22,,,,,,,,,,,0.00456248,3.3082082,12.139738,15.45250868,20.643755110000015,0,
2017-12-23,,,,,,,,,,,0.8148063,0.00456248,3.3082082,4.127576980000001,20.671975610000015,0,1.4068779945373535
2017-12-24,,,,,,,,,,,4.6133833,0.8148063,0.00456248,5.432752079999999,24.32979731000001,0,
2017-12-25,,,,,,,,,,,1.5319244,4.6133833,0.8148063,6.960114,22.479500710000014,0,0.4658042788505554
2017-12-26,,,,,,,,,,,1.7425317,1.5319244,4.6133833,7.8878394,24.155154380000013,0,1.9663575887680051
2017-12-27,,,,,,,,,,,3.7317398,1.7425317,1.5319244,7.0061959,15.747156180000013,0,
2017-12-28,,,,,,,,,,,0.44851688,3.7317398,1.7425317,5.922788379999999,12.887464860000012,0,4.27337121963501
2017-12-29,,,,,,,,,,,0.29381847,0.44851688,3.7317398,4.474075149999999,13.176720850000015,0,6.530166149139404
2017-12-30,,,,,,,,,,,2.938724,0.29381847,0.44851688,3.681059349999999,15.300638550000013,0,0.519184410572052
2017-12-31,,,,,,,,,,,0.36545086,2.938724,0.29381847,3.597993329999999,11.052706110000015,0,1.2173922061920166
2018-01-01,,,,,,,,,,,0.28698856,0.36545086,2.938724,3.591163419999999,9.807770270000015,0,
2018-01-02,,,,,,,,,,,0.0055830763,0.28698856,0.36545086,0.6580224962999991,8.070821646300015,0,4.177056312561035
2018-01-03,,,,,,,,,,,10.8510895,0.0055830763,0.28698856,11.1436611363,15.190171346300016,0,3.0312013626098637
2018-01-04,,,,,,,,,,,29.260506,10.8510895,0.0055830763,40.1171785763,44.00216046630001,1,1.8077465295791624
2018-01-05,,,,,,,,,,,0.025043955,29.260506,10.8510895,40.136639455,43.733385951300015,0,1.711804747581482
2018-01-06,,,,,,,,,,,0.0022462308,0.025043955,29.260506,29.287796185799998,40.79690818210002,0,2.0184834003448486
2018-01-07,,,,,,,,,,,0.016150247,0.0022462308,0.025043955,0.0434404328,40.447607569100015,0,2.92063045501709
2018-01-08,,,,,,,,,,,1.114657,0.016150247,0.0022462308,1.1330534778,41.27527600910002,0,2.13541579246521
2018-01-09,,,,,,,,,,,0.81994337,1.114657,0.016150247,1.9507506170000002,42.08963630280002,0,1.5414763689041138
2018-01-10,,,,,,,,,,,0.8529714,0.81994337,1.114657,2.78757177,32.09151820280001,0,1.733883023262024
2018-01-11,,,,,,,,,,,0.0,0.8529714,0.81994337,1.67291477,2.8310122028000144,0,0.4469679594039917
2018-01-12,,,,,,,,,,,0.12774871,0.0,0.8529714,0.98072011,2.933716957800014,0,
2018-01-13,,,,,,,,,,,8.753043,0.12774871,0.0,8.88079171,11.684513727000013,0,1.6893810033798218
2018-01-14,,,,,,,,,,,0.0016187695,8.753043,0.12774871,8.8824104795,11.669982249500015,0,10.487777709960938
2018-01-15,,,,,,,,,,,0.3030284,0.0016187695,8.753043,9.0576901695,10.858353649500016,0,2.774341344833374
2018-01-16,,,,,,,,,,,0.0,0.3030284,0.0016187695,0.3046471695,10.038410279500015,0,0.7409287691116333
2018-01-17,7.259722222222223,48.95875,31.563888888888886,103.42083333333332,10.133333333333333,1.2666666666666666,,7.876388888888889,2.388888888888889,8.1,0.55619967,0.0,0.3030284,0.85922807,9.741638549500015,0,0.4795416891574859
2018-01-18,6.034375,50.36229166666666,32.43958333333333,101.29270833333334,10.165625,1.41125,,7.909375000000001,3.473684210526316,6.630107526881721,0.93860435,0.55619967,0.0,1.4948040200000001,10.680242899500014,0,1.7197386026382446
2018-01-19,6.74375,49.25083333333333,31.71770833333333,103.934375,10.297916666666667,1.33,,7.914583333333334,2.21875,20.870526315789476,0.0,0.93860435,0.55619967,1.4948040200000001,10.552494189500013,0,1.161147117614746
2018-01-20,7.705208333333334,47.08552083333333,30.277083333333334,104.61666666666667,10.232291666666669,1.2704166666666663,,7.910416666666666,1.7708333333333333,5.416666666666667,0.0,0.0,0.93860435,0.93860435,1.7994511895000143,0,1.426682710647583
2018-01-21,8.484375,46.80677083333333,30.14270833333333,106.19479166666667,10.211458333333333,1.3144791666666666,,7.914583333333334,2.6666666666666665,11.836842105263155,0.53967947,0.0,0.0,0.53967947,2.3375118900000142,0,3.222676515579224
2018-01-22,8.904166666666667,47.247083333333336,30.490625,104.71354166666669,9.961458333333333,1.2960416666666668,,7.910416666666666,1.1666666666666667,4.579166666666667,2.6483064,0.53967947,0.0,3.1879858700000003,4.682789890000015,0,
2018-01-23,11.660416666666668,42.69583333333333,27.391666666666666,104.50833333333333,9.54375,1.1233333333333333,,7.882291666666667,2.375,6.954166666666667,17.733938,2.6483064,0.53967947,20.92192387,22.41672789000001,1,
2018-01-24,10.729166666666666,43.407916666666665,27.870833333333334,101.765625,9.442708333333334,1.2304166666666667,,7.880208333333333,1.625,23.33020833333333,0.0,17.733938,2.6483064,20.382244399999998,21.860528220000017,0,1.7508572340011597
2018-01-25,9.39375,46.2925,29.85729166666667,100.99375,9.528125,1.3296875,,7.90625,0.9479166666666666,13.627083333333331,1.5061605,0.0,17.733938,19.240098499999995,22.428084370000015,0,2.4629220962524414
2018-01-26,9.033333333333331,47.64770833333333,30.784375,102.471875,9.7,1.3414583333333334,,7.934375,0.875,3.5385416666666667,0.0,1.5061605,0.0,1.5061605,22.428084370000015,0,2.876181602478028
2018-01-27,9.645833333333334,48.395833333333336,31.363541666666663,100.67083333333332,9.378125,1.2376041666666666,,7.908333333333334,0.9157894736842104,3.598958333333333,0.23832372,0.0,1.5061605,1.74448422,22.666408090000015,0,
2018-01-28,10.66875,46.9028125,30.36145833333333,98.146875,8.991666666666667,1.153333333333333,,7.873958333333333,2.083333333333333,4.122916666666667,7.65046,0.23832372,0.0,7.888783719999999,29.777188620000015,0,0.177596315741539
2018-01-29,10.66875,46.9234375,30.37395833333333,96.634375,8.848958333333334,1.2447916666666667,,7.841666666666666,1.9375,5.715625,44.617146,7.65046,0.23832372,52.50592972,71.74602822000001,1,0.1641536504030227
2018-01-30,9.164583333333333,49.59802083333333,32.188541666666666,98.78125,9.228125,1.364270833333333,,7.884374999999999,2.125,3.3864583333333336,0.0023596287,44.617146,7.65046,52.2699656287,54.01444984870002,0,
2018-01-31,8.592708333333333,51.08958333333334,33.223958333333336,99.77708333333334,9.380208333333334,1.4885416666666669,,7.893750000000001,1.8541666666666667,4.441666666666666,0.0,0.0023596287,44.617146,44.6195056287,54.01444984870001,0,1.8674421310424805
2018-02-01,10.132291666666667,50.3696875,32.81041666666667,102.23020833333334,9.328125,1.359375,,7.892708333333334,2.78125,8.064893617021276,0.0004505055,0.0,0.0023596287,0.0028101342000000002,52.508739854200016,0,1.6767630577087402
2018-02-02,10.3,49.236222222222224,32.01777777777777,102.52222222222224,9.36888888888889,1.3411111111111111,,7.902222222222223,4.133333333333334,6.233333333333333,1.1549745,0.0004505055,0.0,1.1554250055,53.66371435420002,0,23.85082244873047
2018-02-03,,,,,,,,,,,0.0,1.1549745,0.0004505055,1.1554250055,53.42539063420001,0,2.3631930351257324
2018-02-04,,,,,,,,,,,13.661615,0.0,1.1549745,14.8165895,59.436545634200016,0,
2018-02-05,,,,,,,,,,,4.0279307,13.661615,0.0,17.6895457,18.847330334200013,0,1.7791833877563477
2018-02-06,10.31,49.639,32.31,106.52,9.7,1.929,,7.959999999999999,2.5,1.7399999999999998,0.0,4.0279307,13.661615,17.6895457,18.844970705500014,0,1.3460081815719604
2018-02-07,,,,,,,,,,,1.3311242,0.0,4.0279307,5.3590549,20.176094905500015,0,0.6538199782371521
2018-02-08,,,,,,,,,,,1.6519382,1.3311242,0.0,2.9830624,21.827582600000014,0,2.6503052711486816
2018-02-09,,,,,,,,,,,0.0052734357,1.6519382,1.3311242,2.9883358357,20.677881535700017,0,3.348073959350586
2018-02-10,,,,,,,,,,,2.008714,0.0052734357,1.6519382,3.6659256357,22.686595535700015,0,0.5207182168960571
2018-02-11,,,,,,,,,,,13.152944,2.008714,0.0052734357,15.1669314357,22.177924535700015,0,0.123972937464714
2018-02-12,,,,,,,,,,,8.777407,13.152944,2.008714,23.939065,26.927400835700013,0,
2018-02-13,,,,,,,,,,,4.0830355,8.777407,13.152944,26.0133865,31.010436335700014,0,
2018-02-14,,,,,,,,,,,0.38636234,4.0830355,8.777407,13.246804840000001,30.065674475700014,0,1.2345714569091797
2018-02-15,,,,,,,,,,,1.841784,0.38636234,4.0830355,6.311181840000001,30.255520275700015,0,0.2884781956672668
2018-02-16,,,,,,,,,,,1.6054896,1.841784,0.38636234,3.83363594,31.855736440000012,0,1.7138222455978394
2018-02-17,,,,,,,,,,,0.35611838,1.6054896,1.841784,3.80339198,30.203140820000016,0,
2018-02-18,,,,,,,,,,,0.7212039,0.35611838,1.6054896,2.68281188,17.771400720000017,0,4.05021858215332
2018-02-19,,,,,,,,,,,0.0094526,0.7212039,0.35611838,1.0867748799999999,9.003446320000014,0,0.1776137799024582
2018-02-20,,,,,,,,,,,0.0024278625,0.0094526,0.7212039,0.7330843624999999,4.922838682500014,0,1.0990240573883057
2018-02-21,,,,,,,,,,,0.0,0.0024278625,0.0094526,0.011880462500000001,4.5364763425000145,0,1.6128681898117063
2018-02-22,,,,,,,,,,,0.0,0.0,0.0024278625,0.0024278625,2.694692342500014,0,0.8480424880981445
2018-02-23,,,,,,,,,,,0.0,0.0,0.0,0.0,1.0892027425000141,0,1.3475621938705444
2018-02-24,,,,,,,,,,,0.0074046105,0.0,0.0,0.0074046105,0.7404889730000142,0,1.4804177284240725
2018-02-25,,,,,,,,,,,0.015056024,0.0074046105,0.0,0.0224606345,0.03434109700001421,0,1.120028018951416
2018-02-26,,,,,,,,,,,1.8332889,0.015056024,0.0074046105,1.8557495345000001,1.8581773970000144,0,
2018-02-27,,,,,,,,,,,0.19770065,1.8332889,0.015056024,2.046045574,2.053450184500014,0,2.531638860702514
2018-02-28,,,,,,,,,,,3.7604907,0.19770065,1.8332889,5.79148025,5.813940884500014,0,
2018-03-01,,,,,,,,,,,4.4131765,3.7604907,0.19770065,8.371367849999999,10.227117384500014,0,0.3684158325195312
2018-03-02,,,,,,,,,,,0.9773153,4.4131765,3.7604907,9.1509825,11.204432684500015,0,1.41499924659729
2018-03-03,,,,,,,,,,,0.034459557,0.9773153,4.4131765,5.424951356999999,11.231487631000014,0,1.108705759048462
2018-03-04,,,,,,,,,,,0.0,0.034459557,0.9773153,1.011774857,11.216431607000015,0,3.285287857055664
2018-03-05,,,,,,,,,,,0.0,0.0,0.034459557,0.034459557,9.383142707000015,0,1.0405913591384888
2018-03-06,,,,,,,,,,,4.2589717,0.0,0.0,4.2589717,13.444413757000014,0,0.1711091697216034
2018-03-07,,,,,,,,,,,1.5725209,4.2589717,0.0,5.8314926,11.256443957000014,0,3.079681634902954
2018-03-08,,,,,,,,,,,0.0,1.5725209,4.2589717,5.8314926,6.843267457000014,0,1.5993627309799194
2018-03-09,,,,,,,,,,,0.0,0.0,1.5725209,1.5725209,5.865952157000014,0,2.209538221359253
2018-03-10,,,,,,,,,,,0.011233,0.0,0.0,0.011233,5.842725600000014,0,0.5509671568870544
2018-03-11,,,,,,,,,,,3.928593,0.011233,0.0,3.9398259999999996,9.771318600000015,0,1.250766634941101
2018-03-12,,,,,,,,,,,9.122128,3.928593,0.011233,13.061954,18.893446600000015,0,
2018-03-13,,,,,,,,,,,1.1959592,9.122128,3.928593,14.2466802,15.830434100000016,0,2.092822313308716
2018-03-14,,,,,,,,,,,0.0,1.1959592,9.122128,10.3180872,14.257913200000015,0,1.8474087715148928
2018-03-15,,,,,,,,,,,0.0,0.0,1.1959592,1.1959592,14.257913200000015,0,2.1025397777557373
2018-03-16,,,,,,,,,,,0.0,0.0,0.0,0.0,14.257913200000015,0,1.4829561710357666
2018-03-17,,,,,,,,,,,0.013088933,0.0,0.0,0.013088933,14.259769133000015,0,0.5569593906402588
2018-03-18,,,,,,,,,,,3.8926115,0.013088933,0.0,3.9057004330000002,14.223787633000015,0,2.2062366008758545
2018-03-19,,,,,,,,,,,2.351053,3.8926115,0.013088933,6.256753433,7.452712633000014,0,
2018-03-20,16.977999999999998,49.204800000000006,32.212,105.072,8.357999999999999,1.4716,,8.006,12.08,3.02,23.138678,2.351053,3.8926115,29.3823425,29.395431433000013,1,1.1324446201324463
2018-03-21,13.761458333333332,48.33822916666667,31.521875,92.07708333333332,7.863541666666666,1.502708333333333,,7.958333333333333,61.48314606741573,8.69120879120879,14.830686,23.138678,2.351053,40.320417,44.22611743300001,0,
2018-03-22,12.611458333333331,44.76197916666666,28.89583333333333,95.98541666666668,8.491666666666667,1.4977083333333334,,7.963541666666667,11.195652173913045,20.65977011494253,0.0,14.830686,23.138678,37.969364,44.22611743300001,0,3.838026285171509
2018-03-23,12.708333333333334,46.6921875,30.288541666666664,98.809375,8.65625,1.6348958333333332,,7.997916666666666,6.604166666666667,64.75283018867924,0.0,0.0,14.830686,14.830686,44.22611743300001,0,1.833735704421997
2018-03-24,12.0,46.27564705882353,29.988235294117647,94.65833333333336,8.579166666666667,1.6360416666666666,,7.985416666666667,22.589473684210525,32.57066666666667,0.31414133,0.0,0.0,0.31414133,44.52716983000001,0,1.0972669124603271
2018-03-25,11.136781609195404,47.7725925925926,31.01481481481481,95.09540229885056,8.68735632183908,1.756206896551724,,7.974712643678161,6.031914893617022,36.356962025316456,6.166444,0.31414133,0.0,6.48058533,46.80100233000002,0,5.617315292358398
2018-03-26,,,,,,,,,5.333333333333333,,0.0,6.166444,0.31414133,6.48058533,44.44994933000001,0,2.0110366344451904
2018-03-27,,,,,,,,,5.0,,0.0,0.0,6.166444,6.166444,21.311271330000015,0,0.3821699023246765
2018-03-28,,,,,,,,,3.208333333333333,,0.35296005,0.0,0.0,0.35296005,6.8335453800000145,0,0.7336809039115906
2018-03-29,,,,,,,,,4.239583333333333,,1.2190375,0.35296005,0.0,1.57199755,8.052582880000015,0,1.7094223499298096
2018-03-30,,,,,,,,,6.75,,21.027681,1.2190375,0.35296005,22.59967855,29.080263880000018,1,
2018-03-31,,,,,,,,,3.8020833333333335,,5.6691575,21.027681,1.2190375,27.915876,34.43528005000002,0,8.410778999328613
2018-04-01,,,,,,,,,2.96875,,0.015216809,5.6691575,21.027681,26.712055309,28.284052859000017,0,1.4476912021636963
2018-04-02,,,,,,,,,2.5625,,0.3367734,0.015216809,5.6691575,6.021147709,28.62082625900002,0,1.103740930557251
2018-04-03,,,,,,,,,2.5,,0.019077718,0.3367734,0.015216809,0.371067927,28.639903977000017,0,1.6697489023208618
2018-04-04,,,,,,,,,2.8854166666666665,,2.4860895,0.019077718,0.3367734,2.8419406179999998,30.773033427000016,0,0.0946060568094253
2018-04-05,,,,,,,,,2.270833333333333,,3.4372077,2.4860895,0.019077718,5.942374918,32.99120362700002,0,2.7039577960968018
2018-04-06,,,,,,,,,1.9791666666666667,,0.0,3.4372077,2.4860895,5.9232971999999995,11.963522627000017,0,1.789966344833374
2018-04-07,,,,,,,,,2.875,,15.19689,0.0,3.4372077,18.634097699999998,21.491255127000017,0,
2018-04-08,,,,,,,,,2.458333333333333,,16.112394,15.19689,0.0,31.309283999999998,37.58843231800002,0,3.345153570175171
2018-04-09,,,,,,,,,1.7916666666666667,,0.00010835952,16.112394,15.19689,31.309392359519997,37.25176727752002,0,
2018-04-10,,,,,,,,,1.59375,,2.159496,0.00010835952,16.112394,18.271998359519998,39.392185559520016,0,
2018-04-11,,,,,,,,,3.1041666666666665,,6.1821933,2.159496,0.00010835952,8.34179765952,43.08828935952002,0,1.8831552267074585
2018-04-12,,,,,,,,,1.6770833333333333,,0.0010195194,6.1821933,2.159496,8.342708819399999,39.65210117892001,0,2.2267653942108154
2018-04-13,,,,,,,,,2.2604166666666665,,0.0,0.0010195194,6.1821933,6.1832128194,39.65210117892001,0,1.439814567565918
2018-04-14,,,,,,,,,2.96875,,0.0,0.0,0.0010195194,0.0010195194,24.455211178920017,0,1.3774868249893188
2018-04-15,,,,,,,,,3.875,,1.6274886,0.0,0.0,1.6274886,9.970305778920016,0,0.0801122263073921
2018-04-16,,,,,,,,,6.927083333333333,,6.4017544,1.6274886,0.0,8.029243,16.371951819400017,0,3.2730958461761475
2018-04-17,,,,,,,,,6.364583333333333,,0.0,6.4017544,1.6274886,8.029243,14.212455819400017,0,2.131359577178955
2018-04-18,,,,,,,,,4.3125,,0.0,0.0,6.4017544,6.4017544,8.030262519400019,0,1.362129807472229
2018-04-19,,,,,,,,,5.072916666666667,,0.0,0.0,0.0,0.0,8.029243000000019,0,1.0662533044815063
2018-04-20,,,,,,,,,5.135416666666667,,0.00048998365,0.0,0.0,0.00048998365,8.029732983650018,0,2.373326301574707
2018-04-21,,,,,,,,,6.239583333333333,,0.0,0.00048998365,0.0,0.00048998365,8.029732983650018,0,3.250060558319092
2018-04-22,,,,,,,,,4.583333333333333,,1.2942162,0.0,0.00048998365,1.29470618365,7.696460583650017,0,
2018-04-23,,,,,,,,,3.7604166666666665,,10.937777,1.2942162,0.0,12.2319932,12.232483183650018,0,
2018-04-24,,,,,,,,,5.125,,42.975147,10.937777,1.2942162,55.2071402,55.20763018365002,1,2.418250322341919
2018-04-25,,,,,,,,,5.652631578947369,,4.546921,42.975147,10.937777,58.459844999999994,59.754551183650015,0,3.254478454589844
2018-04-26,,,,,,,,,6.364583333333333,,0.017298771,4.546921,42.975147,47.539366771,59.771849954650015,0,2.9084267616271973
2018-04-27,,,,,,,,,6.854166666666667,,1.6564602,0.017298771,4.546921,6.220679971,61.42782017100002,0,1.0375947952270508
2018-04-28,,,,,,,,,5.854166666666667,,0.17768584,1.6564602,0.017298771,1.8514448110000001,61.60550601100002,0,1.88577401638031
2018-04-29,,,,,,,,,5.729166666666667,,0.0,0.17768584,1.6564602,1.83414604,60.311289811000016,0,2.0809550285339355
2018-04-30,,,,,,,,,4.916666666666667,,0.0,0.0,0.17768584,0.17768584,49.37351281100001,0,0.7773910760879517
2018-05-01,,,,,,,,,4.75,,0.0,0.0,0.0,0.0,6.398365811000022,0,2.207282543182373
2018-05-02,22.348148148148148,43.73722222222222,28.25,96.6962962962963,7.15,1.4964814814814815,,7.811111111111111,3.0416666666666665,5.124074074074074,0.0,0.0,0.0,0.0,1.8514448110000215,0,1.5305875539779663
2018-05-03,21.48333333333333,43.044895833333335,27.75625,82.10625,6.141666666666667,1.425625,,7.717708333333333,2.770833333333333,5.1781250000000005,0.0,0.0,0.0,0.0,1.8341460400000213,0,1.18092942237854
2018-05-04,22.288541666666664,41.138645833333335,26.38854166666667,79.93229166666667,5.926041666666666,1.3804166666666668,,7.709375,2.9479166666666665,4.986170212765957,0.0,0.0,0.0,0.0,0.17768584000002133,0,1.4485982656478882
2018-05-05,23.063541666666666,39.00635416666667,24.869791666666668,79.48020833333334,5.861458333333334,1.3470833333333332,,7.673958333333334,3.40625,5.3125,2.3797832,0.0,0.0,2.3797832,2.379783200000021,0,0.1050447151064872
2018-05-06,23.21666666666667,39.04239583333334,24.898958333333336,79.07291666666667,5.844791666666667,1.3707291666666668,,7.645833333333333,3.21875,5.11875,40.569954,2.3797832,0.0,42.9497372,42.94973720000002,1,
2018-05-07,22.596875,40.199895833333336,25.72395833333333,76.95416666666667,5.728125,1.4398958333333332,,7.605208333333334,3.5625,5.469791666666667,27.030605,40.569954,2.3797832,69.9803422,69.98034220000002,1,
2018-05-08,20.378125,45.200208333333336,29.322916666666668,81.74374999999999,6.201041666666666,1.5492708333333332,,7.655208333333333,2.625,4.714583333333334,0.9325211,27.030605,40.569954,68.53308009999999,70.91286330000003,0,1.0157076120376587
2018-05-09,20.960416666666667,46.88385416666667,30.538541666666664,85.44375000000001,6.3625,1.5729166666666667,,7.659375,2.59375,4.652083333333334,0.6190652,0.9325211,27.030605,28.5821913,71.53192850000002,0,1.1685959100723269
2018-05-10,22.26875,46.9546875,30.569791666666664,85.77395833333333,6.247916666666666,1.54,,7.653125,2.7291666666666665,5.484375,0.37549046,0.6190652,0.9325211,1.92707676,71.90741896000003,0,1.086220622062683
2018-05-11,23.316666666666663,46.173229166666665,29.98645833333333,83.15208333333334,5.976041666666667,1.4898958333333334,,7.635416666666667,3.65625,5.655208333333333,5.973105,0.37549046,0.6190652,6.96766066,77.88052396000002,0,2.2045164108276367
2018-05-12,24.041666666666668,48.19916666666666,31.45104166666667,81.42708333333333,5.7250000000000005,1.5583333333333331,,7.618749999999999,3.395833333333333,4.948958333333334,0.045854263,5.973105,0.37549046,6.394449723,75.54659502300002,0,2.282132863998413
2018-05-13,24.15416666666667,49.16302083333333,32.14791666666667,82.403125,5.757291666666667,1.5326041666666663,,7.616666666666667,4.041666666666667,4.86875,0.14936222,0.045854263,5.973105,6.168321483000001,35.12600324300002,0,0.3280649781227112
2018-05-14,23.9625,50.03125,32.784375000000004,79.88541666666667,5.578125,1.5222916666666666,,7.626041666666667,4.0,4.845833333333333,0.10601248,0.14936222,0.045854263,0.301228963,8.201410723000022,0,2.120835065841675
2018-05-15,23.98229166666667,50.72291666666666,33.29270833333333,79.10104166666666,5.514583333333333,1.4905208333333333,,7.641666666666667,3.7395833333333335,4.841666666666667,0.5693174,0.10601248,0.14936222,0.8246921,7.838207023000022,0,1.7428491115570068
2018-05-16,24.1625,51.38604166666667,33.77291666666667,82.87604166666667,5.727083333333333,1.461666666666667,,7.66875,4.229166666666667,5.301041666666666,4.485097,0.5693174,0.10601248,5.160426879999999,11.704238823000022,0,
2018-05-17,23.007291666666664,51.18291666666667,33.65,78.72916666666667,5.5687500000000005,1.4611458333333334,,7.661458333333333,4.75,5.8500000000000005,12.284237,4.485097,0.5693174,17.338651399999996,23.61298536300002,0,
2018-05-18,23.1,51.05239583333333,33.55520833333333,81.70833333333333,5.767708333333334,1.4584374999999998,,7.653125,4.65625,5.690625,9.085222,12.284237,4.485097,25.854556,26.72510236300002,0,
2018-05-19,22.475,49.29750000000001,32.28333333333333,76.81458333333333,5.525,1.5015625,,7.621875,4.708333333333333,5.578125,5.5661626,9.085222,12.284237,26.935621599999997,32.24541070000002,0,
2018-05-20,23.322916666666668,47.313229166666666,30.8125,80.60416666666667,5.738541666666666,1.4515625,,7.605208333333334,8.0625,5.147916666666666,0.4460898,5.5661626,9.085222,15.0974744,32.54213828000002,0,0.1905037611722946
2018-05-21,24.34583333333333,47.42864583333333,30.876041666666666,80.97708333333334,5.663541666666667,1.4259375,,7.609375,4.947916666666667,5.594791666666667,7.1938806,0.4460898,5.5661626,13.206133000000001,39.63000640000001,0,1.5552476644515991
2018-05-22,24.70520833333333,47.95135416666667,31.25520833333333,76.34375,5.304166666666666,1.4759375,,7.633333333333333,4.135416666666667,6.192708333333333,5.395478,7.1938806,0.4460898,13.0354484,44.45616700000002,0,
2018-05-23,24.922916666666666,47.13916666666666,30.6625,74.54895833333333,5.180208333333334,1.4659375,,7.622916666666666,4.895833333333333,6.336458333333333,1.911339,5.395478,7.1938806,14.5006976,41.88240900000002,0,2.5080158710479736
2018-05-24,24.132291666666664,47.18395833333333,30.721875,71.44583333333334,5.023958333333334,1.57875,,7.634374999999999,7.231578947368421,5.777083333333334,6.1255903,1.911339,5.395478,13.4324073,35.72376230000002,0,0.6909080147743225
2018-05-25,24.804166666666664,48.5278125,31.682291666666668,77.57291666666667,5.377083333333334,1.6067708333333333,,7.660416666666666,7.282608695652174,5.6125,0.57724696,6.1255903,1.911339,8.61417626,27.215787260000017,0,1.8214828968048096
2018-05-26,25.7375,48.07968421052631,31.334736842105265,78.24479166666667,5.355208333333334,1.5747916666666668,,7.618749999999999,6.8901098901098905,6.854166666666667,1.0819184,0.57724696,6.1255903,7.78475566,22.731543060000018,0,1.456813097000122
2018-05-27,26.054166666666664,47.2515625,30.72395833333333,75.75416666666666,5.159375,1.5088541666666666,,7.594791666666667,3.90625,6.094791666666667,4.1157703,1.0819184,0.57724696,5.77493566,26.40122356000002,0,
2018-05-28,24.604166666666668,43.564375000000005,28.10833333333333,67.97604166666666,4.8375,1.5164583333333337,,7.524999999999999,10.782608695652174,7.567708333333333,24.451443,4.1157703,1.0819184,29.6491317,43.65878596000002,1,
2018-05-29,25.06458333333333,39.70873684210526,25.357894736842105,68.80104166666666,4.913541666666666,1.53,,7.5,7.682352941176471,7.575,21.976871,24.451443,4.1157703,50.5440843,60.24017896000002,1,0.3768417239189148
2018-05-30,24.82162162162162,39.22540540540541,25.005405405405405,55.6,4.0,1.4027027027027026,,7.424324324324324,8.858695652173912,4.964864864864865,5.7452416,21.976871,24.451443,52.1735556,64.07408156000002,0,
2018-05-31,,,,,,,,,6.708333333333333,,3.8077543,5.7452416,21.976871,31.5298669,61.75624556000002,0,0.9600287675857544
2018-06-01,,,,,,,,,8.294736842105262,,0.31961203,3.8077543,5.7452416,9.87260793,61.49861063000002,0,1.3931535482406616
2018-06-02,,,,,,,,,4.760416666666667,,0.75994545,0.31961203,3.8077543,4.88731178,61.17663768000002,0,1.5468074083328247
2018-06-03,,,,,,,,,6.625,,5.17822,0.75994545,0.31961203,6.25777748,62.23908738000002,0,1.44387686252594
2018-06-04,,,,,,,,,10.648936170212766,,2.4675686,5.17822,0.75994545,8.40573405,40.25521298000002,0,2.5367798805236816
2018-06-05,,,,,,,,,7.408602150537634,,0.34631798,2.4675686,5.17822,7.99210658,18.624659960000017,0,1.2930036783218384
2018-06-06,,,,,,,,,9.923913043478262,,0.30052364,0.34631798,2.4675686,3.11441022,13.179942000000018,0,1.1497015953063965
2018-06-07,,,,,,,,,5.552083333333333,,1.2739292,0.30052364,0.34631798,1.92077082,10.646116900000019,0,0.3926619589328766
2018-06-08,,,,,,,,,5.145833333333333,,0.2966858,1.2739292,0.30052364,1.8711386399999999,10.623190670000017,0,1.4317469596862793
2018-06-09,,,,,,,,,5.770833333333333,,1.6974633,0.2966858,1.2739292,3.2680783,11.560708520000018,0,0.6675001382827759
2018-06-10,,,,,,,,,6.166666666666667,,2.3799698,1.6974633,0.2966858,4.374118899999999,8.762458320000018,0,0.8190778493881226
2018-06-11,,,,,,,,,6.53125,,22.35044,2.3799698,1.6974633,26.4278731,28.645329720000017,1,0.4629091918468475
2018-06-12,,,,,,,,,5.28421052631579,,14.822403,22.35044,2.3799698,39.5528128,43.12141474000002,0,0.1456666141748428
2018-06-13,,,,,,,,,5.5,,3.0432792,14.822403,22.35044,40.2161222,45.86417030000002,0,1.5844053030014038
2018-06-14,,,,,,,,,11.197916666666666,,4.7808166,3.0432792,14.822403,22.6464988,49.37105770000002,0,0.3657722771167755
2018-06-15,,,,,,,,,7.28125,,2.3815036,4.7808166,3.0432792,10.2055994,51.45587550000002,0,1.15040922164917
2018-06-16,,,,,,,,,5.5625,,0.18444397,2.3815036,4.7808166,7.346764169999999,49.94285617000002,0,0.7033907175064087
2018-06-17,,,,,,,,,6.84375,,1.6400336,0.18444397,2.3815036,4.205981169999999,49.20291997000002,0,0.3153122663497925
2018-06-18,,,,,,,,,7.91578947368421,,11.039126,1.6400336,0.18444397,12.863603569999999,37.891605970000015,0,0.833979070186615
2018-06-19,,,,,,,,,7.78125,,0.35493198,11.039126,1.6400336,13.034091579999998,23.424134950000017,0,3.616816997528076
2018-06-20,,,,,,,,,7.927083333333333,,2.001938,0.35493198,11.039126,13.395995979999999,22.38279375000002,0,2.4823312759399414
2018-06-21,,,,,,,,,6.78125,,9.989477,2.001938,0.35493198,12.34634698,27.59145415000002,0,1.57274329662323
2018-06-22,,,,,,,,,7.28125,,16.356546,9.989477,2.001938,28.347961,41.566496550000025,0,1.892850041389465
2018-06-23,,,,,,,,,9.354166666666666,,2.4832306,16.356546,9.989477,28.8292536,43.86528318000002,0,1.2286722660064695
2018-06-24,,,,,,,,,10.885416666666666,,4.1177692,2.4832306,16.356546,22.957545800000002,46.34301878000002,0,1.274788498878479
2018-06-25,,,,,,,,,10.48421052631579,,13.355247,4.1177692,2.4832306,19.956246800000002,48.65913978000002,0,1.8187459707260127
2018-06-26,,,,,,,,,6.96875,,7.619368,13.355247,4.1177692,25.0923842,55.92357580000002,0,1.001900553703308
2018-06-27,,,,,,,,,6.3125,,0.9689651,7.619368,13.355247,21.9435801,54.89060290000002,0,0.8528468608856201
2018-06-28,,,,,,,,,6.302083333333333,,0.21500474,0.9689651,7.619368,8.80333784,45.11613064000002,0,3.6594724655151367
2018-06-29,,,,,,,,,7.239583333333333,,4.6225085,0.21500474,0.9689651,5.80647834,33.382093140000016,0,2.62728214263916
2018-06-30,,,,,,,,,7.197916666666667,,0.27236214,4.6225085,0.21500474,5.10987538,31.17122468000002,0,2.0462396144866943
2018-07-01,,,,,,,,,6.854166666666667,,0.09625208,0.27236214,4.6225085,4.99112272,27.149707560000017,0,1.578093647956848
2018-07-02,32.58571428571429,48.57326530612245,31.477551020408164,103.59183673469389,6.330612244897959,1.5451020408163267,,7.655102040816326,6.239583333333333,10.99387755102041,0.11252436,0.09625208,0.27236214,0.48113858,13.906984920000017,0,1.5899301767349243
2018-07-03,31.003125,49.09770833333334,31.910416666666663,83.04791666666667,5.159375,1.550625,,7.609375,5.083333333333333,8.502083333333333,0.02714419,0.11252436,0.09625208,0.23592063000000002,6.314761110000018,0,0.1551342904567718
2018-07-04,30.55,49.814375000000005,32.45,83.99270833333334,5.238541666666666,1.5927083333333334,,7.616666666666667,5.333333333333333,7.763157894736842,0.83877,0.02714419,0.11252436,0.97843855,6.184566010000018,0,1.9002395868301392
2018-07-05,30.805208333333336,49.6734375,32.33541666666667,80.70625,5.017708333333333,1.573125,,7.573958333333334,5.916666666666667,8.353125,1.4828031,0.83877,0.02714419,2.3487172899999997,7.4523643700000175,0,0.7338431477546692
2018-07-06,31.25520833333333,49.339375,32.075,77.92604166666666,4.822916666666667,1.511875,,7.567708333333333,6.635416666666667,9.207291666666666,3.0047421,1.4828031,0.83877,5.3263152,5.834597970000018,0,2.067383050918579
2018-07-07,30.15,48.78895833333333,31.715625,74.09375,4.683333333333334,1.5460416666666663,,7.569791666666667,7.40625,10.2875,16.16828,3.0047421,1.4828031,20.6558252,21.730515830000016,0,
2018-07-08,27.84895833333333,51.1109375,33.484375,84.50937499999999,5.496875,1.7676041666666666,,7.723958333333333,5.84375,7.917708333333334,4.2480664,16.16828,3.0047421,23.4210885,25.882330150000016,0,0.2180999219417572
2018-07-09,27.322916666666668,52.22578947368421,34.32105263157895,85.11979166666667,5.565625,1.8096875,,7.746875,5.684210526315789,7.138541666666666,2.741077,4.2480664,16.16828,23.1574234,28.510882790000014,0,1.1407009363174438
2018-07-10,27.64270833333333,52.76520833333333,34.7125,84.89166666666667,5.508333333333333,1.7569791666666663,,7.747916666666666,5.6875,6.219791666666667,0.47994152,2.741077,4.2480664,7.46908492,28.963680120000017,0,5.206260681152344
2018-07-11,28.67395833333333,52.91452631578947,34.794736842105266,83.58125,5.335416666666667,1.6295833333333334,,7.722916666666666,7.197916666666667,6.1875,0.20520586,0.47994152,2.741077,3.4262243800000003,28.330115980000016,0,0.9695659279823304
2018-07-12,29.402083333333334,52.61802083333333,34.55104166666667,79.47291666666666,5.007291666666666,1.5385416666666665,,7.702083333333333,8.31578947368421,7.385416666666667,8.672918,0.20520586,0.47994152,9.35806538,35.520230880000014,0,2.249001979827881
2018-07-13,29.06458333333333,52.224583333333335,34.27291666666667,82.68854166666667,5.239583333333333,1.6333333333333335,,7.717708333333333,7.677083333333333,6.310416666666666,0.5093416,8.672918,0.20520586,9.387465459999998,33.02483038000001,0,0.3451786041259765
2018-07-14,28.928125,52.97375,34.82604166666667,89.46145833333333,5.669791666666666,1.64875,,7.759374999999999,7.34375,6.276041666666667,0.004065806,0.5093416,8.672918,9.186325406,16.860616186000016,0,1.9543557167053225
2018-07-15,29.16979166666667,53.03697916666667,34.865625,88.11666666666667,5.563541666666667,1.6033333333333333,,7.75625,6.34375,6.083333333333333,0.04120805,0.004065806,0.5093416,0.554615456,12.653757836000018,0,0.7765980362892151
2018-07-16,29.230208333333334,53.16854166666667,34.956250000000004,83.39791666666666,5.264583333333333,1.5870833333333334,,7.751041666666667,6.052083333333333,6.046875,4.534312,0.04120805,0.004065806,4.579585856,14.446992836000017,0,
2018-07-17,28.90625,52.59927083333333,34.552083333333336,81.36874999999999,5.176041666666666,1.4995833333333335,,7.734375,7.583333333333333,7.519791666666666,6.19959,4.534312,0.04120805,10.775110049999999,20.166641316000018,0,1.83323335647583
2018-07-18,28.35833333333333,50.623645833333335,33.11145833333333,79.60833333333333,5.147916666666666,1.5019791666666666,,7.712499999999999,7.625,8.254166666666666,19.03791,6.19959,4.534312,29.771811999999997,38.999345456000015,1,
2018-07-19,28.734375,51.5321875,33.77291666666667,86.58749999999999,5.534375,1.6484375,,7.734375,5.378947368421053,7.007291666666667,3.3925242,19.03791,6.19959,28.6300242,33.718951656000016,0,0.1303976327180862
2018-07-20,27.511458333333334,49.31989583333333,32.19583333333333,77.890625,5.135416666666667,1.69625,,7.7,6.729166666666667,6.577083333333333,7.6976457,3.3925242,19.03791,30.1280799,40.90725575600001,0,
2018-07-21,27.14375,42.82302083333334,27.509375,78.43333333333334,5.3375,1.5679166666666668,,7.6375,8.0625,7.169791666666666,14.419391,7.6976457,3.3925242,25.509560899999997,55.32258095000002,0,1.5675578117370603
2018-07-22,28.3125,43.33614583333334,27.847916666666663,80.53125,5.366666666666667,1.5764583333333333,,7.603124999999999,9.15625,9.379166666666666,1.1118844,14.419391,7.6976457,23.228921099999997,56.393257300000016,0,1.843400001525879
2018-07-23,28.144791666666663,43.13125,27.691666666666663,83.43229166666667,5.582291666666666,1.6587500000000002,,7.632291666666667,9.65625,11.303125,8.856887,1.1118844,14.419391,24.3881624,60.71583230000002,0,0.303095132112503
2018-07-24,27.46875,42.98135416666667,27.61145833333333,76.86041666666667,5.207291666666666,1.5864583333333335,,7.621875,10.989473684210529,10.7125,26.719818,8.856887,1.1118844,36.6885894,81.23606030000002,1,
2018-07-25,27.151041666666668,41.33302083333333,26.438541666666666,80.73020833333334,5.535416666666666,1.494895833333333,,7.602083333333333,13.635416666666666,10.216666666666669,15.498801,26.719818,8.856887,51.075506000000004,77.69695130000002,0,
2018-07-26,27.914583333333336,39.93458333333333,25.44375,75.07291666666667,5.105208333333334,1.5114583333333331,,7.570833333333333,16.28421052631579,11.235416666666666,8.059001,15.498801,26.719818,50.27762,82.36342810000002,0,7.635485172271728
2018-07-27,27.89375,39.71895833333333,25.292708333333334,70.72500000000001,4.814583333333333,1.49625,,7.5125,15.572916666666666,11.147916666666667,7.077187,8.059001,15.498801,30.634989,81.7429694,0,
2018-07-28,27.930208333333336,40.0671875,25.534375,72.93854166666667,4.951041666666667,1.5086458333333337,,7.522916666666667,14.552083333333334,10.548958333333331,24.240192,7.077187,8.059001,39.37638,91.56377040000002,1,2.646925687789917
2018-07-29,27.979166666666668,40.243854166666665,25.660416666666663,72.35312499999999,4.905208333333333,1.5530208333333333,,7.53125,13.729166666666666,9.851041666666667,23.698362,24.240192,7.077187,55.015741,114.150248,1,
2018-07-30,27.352083333333336,38.96557894736842,24.777894736842107,72.11145833333333,4.973958333333333,1.5893750000000002,,7.535416666666666,12.927083333333334,9.441666666666666,20.145618,23.698362,24.240192,68.084172,125.43897900000002,1,
2018-07-31,27.890625,37.18739583333333,23.508333333333336,75.19895833333334,5.172916666666667,1.6165625,,7.528125,12.770833333333334,9.075,15.986972,20.145618,23.698362,59.830952,114.70613300000002,0,0.7890661954879761
2018-08-01,28.91145833333333,36.14510638297872,22.785106382978725,73.82553191489362,5.13404255319149,1.582127659574468,,7.411458333333333,12.91578947368421,10.940625,4.7965436,15.986972,20.145618,40.9291336,104.00387560000001,0,1.171574592590332
2018-08-02,29.24791666666667,,,,,,,7.306249999999999,9.385416666666666,15.5375,6.8848896,4.7965436,15.986972,27.6684052,102.82976420000001,0,1.5674227476119995
2018-08-03,28.13020833333333,,,,,,,7.288541666666667,10.208333333333334,19.866666666666667,5.485519,6.8848896,4.7965436,17.1669522,101.23809620000002,0,0.3104866445064544
2018-08-04,28.17395833333333,,,,,,,7.328125,8.979166666666666,20.86458333333333,3.220906,5.485519,6.8848896,15.5913146,80.21881020000002,0,0.199641153216362
2018-08-05,28.554166666666664,,,,,,,7.340625,9.833333333333334,16.353125000000002,2.1631255,3.220906,5.485519,10.869550499999999,58.68357370000002,0,1.7825441360473633
2018-08-06,28.746875,,,,,,,7.4375,10.229166666666666,10.988541666666668,2.699562,2.1631255,3.220906,8.0835935,41.23751770000001,0,1.0748698711395264
2018-08-07,28.9,,,,,,,7.503125,10.697916666666666,11.419791666666669,3.0099714,2.699562,2.1631255,7.8726589,28.26051710000002,0,2.409980535507202
2018-08-08,28.740625,,,,,,,7.552747252747253,11.24175824175824,11.2989010989011,4.230976,3.0099714,2.699562,9.9405094,27.694949500000014,0,2.5571649074554443
2018-08-09,27.757291666666664,,,,,,,7.626041666666667,13.177083333333334,10.870833333333332,6.9132085,4.230976,3.0099714,14.1541559,27.723268400000016,0,1.317639708518982
2018-08-10,27.879166666666663,,,,,,,7.676041666666666,8.291666666666666,8.585416666666667,0.5306634,6.9132085,4.230976,11.6748479,22.768412800000018,0,0.597632884979248
2018-08-11,28.352083333333336,,,,,,,7.664583333333333,8.322916666666666,8.161458333333334,7.434865,0.5306634,6.9132085,14.8787369,26.982371800000017,0,2.0073838233947754
2018-08-12,27.694791666666664,,,,,,,7.634374999999999,10.802083333333334,7.784375,15.210922,7.434865,0.5306634,23.1764504,40.03016830000002,0,1.2533661127090454
2018-08-13,27.602083333333336,,,,,,,7.6625,9.458333333333334,7.197916666666667,20.730171,15.210922,7.434865,43.375958,58.06077730000002,1,
2018-08-14,28.18541666666667,,,,,,,7.686458333333333,10.302083333333334,7.539583333333333,6.369882,20.730171,15.210922,42.31097499999999,61.42068790000001,0,3.2978146076202397
2018-08-15,28.5125,,,,,,,7.671875,10.770833333333334,8.796875,2.3799548,6.369882,20.730171,29.4800078,59.56966670000001,0,3.3356380462646484
2018-08-16,28.804166666666664,,,,,,,7.660416666666666,11.572916666666666,9.370833333333334,1.3360537,2.3799548,6.369882,10.0858905,53.99251190000002,0,1.6201634407043457
2018-08-17,28.7125,,,,,,,7.64375,12.59375,10.529166666666669,1.7061862,1.3360537,2.3799548,5.4221947,55.16803470000002,0,1.3117690086364746
2018-08-18,28.559375,,,,,,,7.597916666666666,13.364583333333334,12.569791666666667,1.8062978,1.7061862,1.3360537,4.8485377,49.539467500000015,0,0.979950487613678
2018-08-19,27.84583333333333,,,,,,,7.566666666666666,13.197916666666666,12.413541666666667,10.471058,1.8062978,1.7061862,13.983542,44.79960350000002,0,0.7739115953445435
2018-08-20,27.996875,,,,,,,7.567708333333333,10.260416666666666,11.121875,15.555517,10.471058,1.8062978,27.8328728,39.62494950000002,0,0.6798795461654663
2018-08-21,28.269791666666663,,,,,,,7.575,9.604166666666666,10.94375,7.481451,15.555517,10.471058,33.508026,40.736518500000024,0,0.9299702644348145
2018-08-22,28.11458333333333,,,,,,,7.55,12.239583333333334,12.378125,3.0132148,7.481451,15.555517,26.0501828,41.369778500000024,0,1.9636653661727903
2018-08-23,27.151041666666668,,,,,,,7.615625,9.770833333333334,10.352083333333333,2.8402777,3.0132148,7.481451,13.3349435,42.874002500000024,0,1.9971275329589844
2018-08-24,26.14583333333333,,,,,,,7.689583333333334,6.8125,9.051041666666666,0.5906507,2.8402777,3.0132148,6.4441432,41.75846700000002,0,7.2359619140625
2018-08-25,26.86458333333333,,,,,,,7.65625,7.4375,8.766666666666667,0.21072294,0.5906507,2.8402777,3.64165134,40.162892140000025,0,2.1971113681793213
2018-08-26,28.146875,,,,,,,7.609375,8.59375,9.045833333333333,0.12083445,0.21072294,0.5906507,0.9222080899999999,29.812668590000023,0,1.848167061805725
2018-08-27,28.97083333333333,,,,,,,7.573958333333334,8.916666666666666,8.858333333333333,0.16879661,0.12083445,0.21072294,0.500354,14.425948200000022,0,2.1918985843658447
2018-08-28,29.39270833333333,,,,,,,7.586458333333333,10.642105263157896,9.588541666666666,0.0040242984,0.16879661,0.12083445,0.2936553584,6.948521498400021,0,0.9773829579353333
2018-08-29,29.40416666666667,48.044423076923074,31.17692307692308,102.01923076923076,6.451923076923077,2.002884615384616,,7.590625,11.739583333333334,11.197916666666666,0.093698554,0.0040242984,0.16879661,0.2665194624,4.0290052524000215,0,6.202607154846191
2018-08-30,29.3375,47.3396875,30.691666666666663,85.38437499999999,5.488541666666666,1.9332291666666668,,7.577083333333333,12.416666666666666,12.925,0.26249152,0.093698554,0.0040242984,0.3602143724,1.4512190724000213,0,1.7583422660827637
2018-08-31,29.528125,47.21770833333333,30.596875,84.90520833333333,5.446875,1.9534375,,7.596875,12.104166666666666,11.870833333333332,5.7796116,0.26249152,0.093698554,6.135801674,6.640179972400022,0,1.2269086837768557
2018-09-01,29.660416666666663,47.95708333333334,31.132291666666664,83.73645833333333,5.339583333333334,2.043125,,7.595833333333334,10.84375,10.338541666666666,6.3549204,5.7796116,0.26249152,12.39702352,12.78437743240002,0,1.8804806470870967
2018-09-02,29.56145833333333,49.2146875,32.050000000000004,83.84375,5.342708333333333,2.136458333333333,,7.603124999999999,9.305263157894736,8.623958333333333,5.330107,6.3549204,5.7796116,17.464639,17.993649982400022,0,1.6226943731307983
2018-09-03,29.5375,49.9396875,32.577083333333334,81.48020833333334,5.1875,2.149583333333333,,7.578125,8.610526315789473,9.280208333333333,0.45320797,5.330107,6.3549204,12.13823537,18.27806134240002,0,1.8854858875274656
2018-09-04,29.640625,50.76520833333333,33.177083333333336,80.53541666666666,5.091666666666667,2.1482291666666664,,7.577083333333333,8.71875,8.742708333333333,0.63373554,0.45320797,5.330107,6.41705051,18.90777258400002,0,2.268364906311035
2018-09-05,29.721875,51.923125,34.028125,82.18124999999999,5.176041666666666,2.2142708333333334,,7.618749999999999,8.691489361702128,8.003124999999999,0.012157127,0.63373554,0.45320797,1.099100637,18.826231157000024,0,3.716063499450684
2018-09-06,29.825,52.58697916666667,34.5125,80.74479166666667,5.065625,2.173854166666666,,7.645833333333333,9.673684210526316,9.742708333333333,0.3072216,0.012157127,0.63373554,0.9531142669999999,18.87096123700002,0,1.9783222675323489
2018-09-07,29.791666666666668,52.918958333333336,34.753125,79.25104166666667,4.9625,2.1121875,,7.648958333333333,11.159574468085106,10.608333333333333,0.7770387,0.3072216,0.012157127,1.096417427,13.868388337000022,0,2.147489309310913
2018-09-08,29.961458333333336,53.188854166666665,34.95520833333333,79.0625,4.934375,2.1188541666666665,,7.654166666666666,12.357894736842104,12.285416666666668,1.9095566,0.7770387,0.3072216,2.9938168999999997,9.423024537000021,0,1.6137661933898926
2018-09-09,29.926041666666663,53.308125,35.040625,76.77083333333333,4.796875,2.1960416666666664,,7.652083333333334,11.757894736842106,10.4375,4.343532,1.9095566,0.7770387,7.030127299999999,8.436449537000021,0,0.5031924247741699
2018-09-10,30.103125,53.33656250000001,35.053125,81.325,5.0531250000000005,2.232083333333333,,7.655208333333333,10.46808510638298,8.970833333333333,1.137039,4.343532,1.9095566,7.3901276,9.120280567000021,0,1.9852765798568728
2018-09-11,29.938541666666666,53.462916666666665,35.153125,82.97083333333333,5.176041666666666,2.3138541666666668,,7.663541666666666,7.395833333333333,7.967708333333333,5.677844,1.137039,4.343532,11.158415,14.16438902700002,0,0.4729919731616974
2018-09-12,29.897916666666664,53.221875,34.975,85.60104166666667,5.341666666666666,2.3378125,,7.670833333333333,8.1875,9.536458333333334,2.7134132,5.677844,1.137039,9.5282962,16.86564510000002,0,0.7021312713623047
2018-09-13,28.215625,53.3425,35.128125000000004,84.88645833333334,5.455208333333334,2.377083333333333,,7.707291666666666,9.822916666666666,8.910416666666666,26.158054,2.7134132,5.677844,34.5493112,42.716477500000025,1,
2018-09-14,25.944791666666664,48.738125,31.807291666666668,90.871875,6.173958333333334,2.6161458333333334,,7.730208333333334,118.90425531914892,19.985416666666666,47.803185,26.158054,2.7134132,76.6746522,89.74262380000002,1,
2018-09-15,25.29375,41.60958333333333,26.675,90.26145833333334,6.3812500000000005,2.6515625000000003,,7.613541666666666,37.32291666666666,9.10625,37.66976,47.803185,26.158054,111.63099899999999,125.50282720000001,1,
2018-09-16,25.126041666666666,32.790729166666665,20.501041666666666,88.75937499999999,6.519791666666666,2.5404166666666668,,7.526041666666667,15.25,6.629166666666666,19.859583,37.66976,47.803185,105.332528,141.01887820000002,1,0.242502823472023
2018-09-17,26.197916666666668,27.965208333333333,17.193749999999998,78.075,5.734375,2.2103125,,7.339583333333334,11.614583333333334,7.671875,11.328822,19.859583,37.66976,68.858165,151.2106612,0,0.4864817857742309
2018-09-18,27.09895833333333,18.85354166666667,11.175,73.37916666666666,5.48125,2.0446875,,7.278125,14.0,11.653125,0.7911415,11.328822,19.859583,31.9795465,146.32395870000002,0,2.7548444271087646
2018-09-19,27.635416666666668,20.01760416666667,12.020833333333334,66.48020833333334,4.891666666666667,2.105729166666667,,7.319791666666667,12.822916666666666,13.154166666666669,1.7199943,0.7911415,11.328822,13.8399578,145.33053980000003,0,2.981724262237549
2018-09-20,27.776041666666668,22.35645833333333,13.513541666666669,60.78854166666667,4.415625,2.2607291666666667,,7.258333333333333,9.9375,13.340625,0.0,1.7199943,0.7911415,2.5111358,119.17248580000002,0,1.835870146751404
2018-09-21,27.2,24.382916666666663,14.8625,68.22395833333333,4.960416666666666,2.3590625,,7.315625,10.229166666666666,14.080208333333331,0.0,0.0,1.7199943,1.7199942999999998,71.36930080000002,0,3.2674875259399414
2018-09-22,27.369791666666668,24.4121875,14.8875,63.68541666666667,4.614583333333333,2.3032291666666667,,7.258333333333333,11.614583333333334,14.083333333333334,0.0,0.0,0.0,0.0,33.69954080000002,0,2.65936541557312
2018-09-23,27.709375,25.30302083333333,15.491666666666667,61.909375,4.440625,2.2616666666666667,,7.251041666666667,13.760416666666666,13.291666666666666,0.6160021,0.0,0.0,0.6160021,14.455959900000021,0,2.2054500579833984
2018-09-24,27.16875,27.7278125,17.114583333333332,64.1375,4.610416666666667,2.3007291666666667,,7.320833333333333,12.927083333333334,11.941666666666668,0.24169925,0.6160021,0.0,0.85770135,3.3688371500000214,0,2.684634208679199
2018-09-25,27.438541666666666,32.411770833333335,20.26458333333333,70.53020833333333,4.96875,2.3646875,,7.458333333333333,11.041666666666666,10.313541666666667,3.4476042,0.24169925,0.6160021,4.30530555,6.025299850000021,0,3.268315315246582
2018-09-26,28.2,33.085208333333334,20.701041666666665,66.015625,4.573958333333334,2.296875,,7.397916666666667,11.770833333333334,10.411458333333334,0.767966,3.4476042,0.24169925,4.45726945,5.073271550000022,0,2.6773993968963623
2018-09-27,28.522916666666664,33.76291666666666,21.160416666666663,64.5625,4.435416666666667,2.2025,,7.389583333333333,13.729166666666666,10.298958333333331,1.7409406,0.767966,3.4476042,5.9565108,6.814212150000021,0,0.9041668176651
2018-09-28,28.253125,32.63822916666667,20.383333333333333,62.01666666666667,4.309375,2.1455208333333333,,7.344791666666667,13.760416666666666,10.733333333333334,6.299776,1.7409406,0.767966,8.808682600000001,13.11398815000002,0,2.318214178085327
2018-09-29,27.84583333333333,35.893854166666664,22.67708333333333,58.609375,4.033333333333333,2.2196875,,7.391666666666667,11.458333333333334,9.763541666666669,4.9061627,6.299776,1.7409406,12.9468793,18.02015085000002,0,
2018-09-30,26.719791666666666,39.8753125,25.43958333333333,70.109375,4.853125,2.346979166666667,,7.516666666666667,9.260416666666666,9.253125,2.7328522,4.9061627,6.299776,13.9387909,20.137000950000022,0,5.405628204345703
2018-10-01,26.31875,40.76125,26.059375,73.03645833333333,5.072916666666667,2.2723958333333334,,7.538541666666667,9.770833333333334,9.894791666666666,0.0,2.7328522,4.9061627,7.639014900000001,19.895301700000022,0,4.21234941482544
2018-10-02,26.782291666666666,40.63979166666667,25.9625,67.73333333333333,4.675,2.213020833333333,,7.484375,9.65625,10.291666666666666,0.0,0.0,2.7328522,2.732852200000001,16.44769750000002,0,2.042685985565185
2018-10-03,27.09368421052632,39.94263157894737,25.480701754385965,64.88526315789474,4.226315789473684,2.218421052631579,,7.35,10.010526315789471,10.1,0.017587734,0.0,0.0,0.01758773400000089,15.697319234000021,0,3.245419979095459
2018-10-04,27.14375,,,65.44895833333334,,,,7.270833333333333,11.25,9.785416666666666,0.01021078,0.017587734,0.0,0.027798514000000888,13.96658941400002,0,1.636601209640503
2018-10-05,27.336986301369866,,,71.39999999999999,,,,7.390410958904109,12.47945205479452,8.661643835616438,0.06806911,0.01021078,0.017587734,0.09586762400000089,7.734882524000022,0,2.652100086212158
2018-10-06,,,,,,,,,,,0.30505255,0.06806911,0.01021078,0.3833324400000009,3.133772374000021,0,0.402464359998703
2018-10-07,,,,,,,,,,,0.0015779078,0.30505255,0.06806911,0.3746995678000009,0.4024980818000213,0,2.439711332321167
2018-10-08,,,,,,,,,,,0.016238574,0.0015779078,0.30505255,0.32286903180000087,0.4187366558000213,0,5.437129020690918
2018-10-09,,,,,,,,,,,0.7421285,0.016238574,0.0015779078,0.7599449818000008,1.1608651558000211,0,1.3545539379119873
2018-10-10,,,,,,,,,,,2.2329,0.7421285,0.016238574,2.9912670740000005,3.376177421800021,0,1.4783647060394287
2018-10-11,,,,,,,,,,,13.961545,2.2329,0.7421285,16.9365735,17.32751164180002,0,
2018-10-12,,,,,,,,,,,2.1152322,13.961545,2.2329,18.3096772,19.37467473180002,0,1.9776673316955569
2018-10-13,,,,,,,,,,,0.0033252398,2.1152322,13.961545,16.080102439799997,19.07294742160002,0,1.448004961013794
2018-10-14,,,,,,,,,,,0.10340301,0.0033252398,2.1152322,2.221960449800002,19.17477252380002,0,0.5768089890480042
2018-10-15,,,,,,,,,,,0.011214284,0.10340301,0.0033252398,0.11794253380000179,19.16974823380002,0,5.398645401000977
2018-10-16,,,,,,,,,,,0.038232207,0.011214284,0.10340301,0.15284950100000178,18.46585194080002,0,1.018341898918152
2018-10-17,,,,,,,,,,,2.4643905,0.038232207,0.011214284,2.5138369910000016,18.69734244080002,0,10.787129402160645
2018-10-18,,,,,,,,,,,1.3606154,2.4643905,0.038232207,3.8632381070000017,6.096412840800021,0,2.501918077468872
2018-10-19,,,,,,,,,,,0.0,1.3606154,2.4643905,3.8250059000000016,3.981180640800021,0,2.370718717575073
2018-10-20,,,,,,,,,,,4.6138177,0.0,1.3606154,5.974433100000002,8.591673101000021,0,
2018-10-21,,,,,,,,,,,1.2866224,4.6138177,0.0,5.900440100000002,9.774892491000022,0,2.949582815170288
2018-10-22,,,,,,,,,,,0.0,1.2866224,4.6138177,5.900440100000003,9.763678207000021,0,2.886578321456909
2018-10-23,,,,,,,,,,,0.8722296,0.0,1.2866224,2.1588520000000027,10.59767560000002,0,5.382267951965332
2018-10-24,,,,,,,,,,,0.36237627,0.8722296,0.0,1.2346058700000027,8.49566137000002,0,4.147364616394043
2018-10-25,,,,,,,,,,,1.5985795,0.36237627,0.8722296,2.8331853700000025,8.733625470000021,0,
2018-10-26,,,,,,,,,,,24.4648,1.5985795,0.36237627,26.425755770000002,33.19842547000002,1,
2018-10-27,,,,,,,,,,,13.030526,24.4648,1.5985795,39.093905500000005,41.61513377000002,0,
2018-10-28,,,,,,,,,,,1.5719892,13.030526,24.4648,39.0673152,41.90050057000003,0,1.8536847829818728
2018-10-29,,,,,,,,,,,0.039882593,1.5719892,13.030526,14.642397793,41.94038316300002,0,1.561410665512085
2018-10-30,,,,,,,,,,,0.0,0.039882593,1.5719892,1.611871793,41.06815356300002,0,2.2744791507720947
2018-10-31,,,,,,,,,,,0.0,0.0,0.039882593,0.039882593,40.70577729300002,0,2.4587061405181885
2018-11-01,,,,,,,,,,,0.06269165,0.0,0.0,0.06269165,39.169889443000024,0,1.2892072200775146
2018-11-02,,,,,,,,,,,8.030698,0.06269165,0.0,8.093389649999999,22.73578744300002,0,0.0789345875382423
2018-11-03,,,,,,,,,,,14.978795,8.030698,0.06269165,23.072184649999997,24.68405644300002,0,3.680062770843506
2018-11-04,,,,,,,,,,,0.110500954,14.978795,8.030698,23.119993953999998,23.22256819700002,0,3.960636615753174
2018-11-05,,,,,,,,,,,49.50835,0.110500954,14.978795,64.597645954,72.69103560400002,1,
2018-11-06,,,,,,,,,,,3.3893344,49.50835,0.110500954,53.008185354000005,76.08037000400002,0,4.70844841003418
2018-11-07,,,,,,,,,,,0.6088569,3.3893344,49.50835,53.5065413,76.68922690400002,0,2.204514503479004
2018-11-08,,,,,,,,,,,8.728765,0.6088569,3.3893344,12.7269563,85.35530025400001,0,
2018-11-09,,,,,,,,,,,1.2972192,8.728765,0.6088569,10.6348411,78.62182145400001,0,1.085262656211853
2018-11-10,,,,,,,,,,,5.09207,1.2972192,8.728765,15.1180542,68.73509645400003,0,8.00011157989502
2018-11-11,,,,,,,,,,,0.0,5.09207,1.2972192,6.3892891999999994,68.62459550000003,0,3.536376714706421
2018-11-12,,,,,,,,,,,2.736229,0.0,5.09207,7.8282989999999995,21.85247450000002,0,0.3244772851467132
2018-11-13,18.97391304347826,45.52652173913043,29.55652173913043,97.59565217391304,7.604347826086957,1.454782608695652,,7.702173913043478,3.260869565217391,5.4543478260869565,10.207755,2.736229,0.0,12.943984,28.67089510000002,0,1.072211742401123
2018-11-14,17.298958333333335,46.65291666666667,30.37395833333333,93.99375,7.523958333333333,1.6989583333333331,,7.742708333333333,3.2291666666666665,5.558333333333334,1.5100569,10.207755,2.736229,14.4540409,29.57209510000002,0,
2018-11-15,15.957291666666668,48.867916666666666,31.961458333333336,95.675,7.783333333333334,1.7671875,,7.778125,3.28125,4.573958333333334,10.245471,1.5100569,10.207755,21.963282900000003,31.08880110000002,0,1.1536494493484497
2018-11-16,14.55,45.75843750000001,29.680208333333336,94.16875,7.991666666666667,1.5211458333333334,,7.730208333333334,3.052083333333333,4.144791666666666,0.36039335,10.245471,1.5100569,12.115921250000001,30.15197525000002,0,2.6281533241271973
2018-11-17,14.357291666666669,45.24604166666666,29.31041666666667,94.375,8.058333333333334,1.7094791666666669,,7.729166666666667,2.0104166666666665,4.266666666666667,5.5304685e-05,0.36039335,10.245471,10.605919654685,25.059960554685023,0,3.1073269844055176
2018-11-18,14.957291666666668,45.025625,29.167708333333334,94.48229166666664,7.977083333333333,1.7759375000000002,,7.728124999999999,1.75,4.6312500000000005,0.11980978,5.5304685e-05,0.36039335,0.480258434685,25.17977033468502,0,1.8180179595947263
2018-11-19,15.921875,44.539375,28.836458333333336,93.11354166666666,7.728124999999999,1.7266666666666666,,7.708333333333333,1.7083333333333333,4.971875,0.5915086,0.11980978,5.5304685e-05,0.7113736846850001,23.03504993468502,0,0.5261198878288269
2018-11-20,15.994791666666666,43.633541666666666,28.195833333333336,89.98958333333333,7.482291666666666,1.6860416666666669,,7.680208333333333,2.40625,5.395833333333333,1.5458254,0.5915086,0.11980978,2.25714378,14.373120334685023,0,
2018-11-21,15.651041666666666,45.3740625,29.441666666666663,92.12708333333336,7.658333333333334,1.801979166666667,,7.723958333333333,2.0729166666666665,4.683333333333334,0.09156649,1.5458254,0.5915086,2.2289004900000005,12.954629924685023,0,2.3237175941467285
2018-11-22,14.990625,47.494166666666665,30.961458333333336,93.87395833333332,7.834375,1.879375,,7.773958333333333,2.1666666666666665,4.496875,0.0,0.09156649,1.5458254,1.63739189,2.7091589246850214,0,4.292294025421143
2018-11-23,13.817708333333334,50.06312500000001,32.784375000000004,96.56354166666668,8.165625,2.0113541666666666,,7.796875,5.020833333333333,5.207291666666666,0.025039105,0.0,0.09156649,0.116605595,2.3738046796850214,0,1.884065866470337
2018-11-24,14.467708333333334,48.62375,31.758333333333336,94.81041666666664,7.963541666666667,1.8765625,,7.761458333333334,5.583333333333333,5.236458333333333,15.795171,0.025039105,0.0,15.820210105,18.16892037500002,0,3.1893420219421387
2018-11-25,14.972916666666668,46.66979166666667,30.35833333333333,95.02291666666667,7.958333333333333,1.6757291666666667,,7.75,5.5625,4.555208333333334,0.38057137,15.795171,0.025039105,16.200781475,18.429681965000018,0,3.0938315391540527
2018-11-26,15.635416666666666,46.29770833333333,30.101041666666664,93.06041666666664,7.70625,1.5855208333333335,,7.735416666666667,4.09375,4.227083333333334,8.69608,0.38057137,15.795171,24.871822369999997,26.53425336500002,0,
2018-11-27,14.433333333333332,44.875729166666666,29.06875,92.13854166666664,7.869791666666667,1.5704166666666666,,7.7625,6.697916666666667,4.770833333333333,7.83286,8.69608,0.38057137,16.90951137,32.821287965000025,0,4.259297847747803
2018-11-28,12.075,45.63104166666667,29.521875,92.840625,8.311458333333333,1.5540625,,7.829166666666667,3.8125,3.7083333333333335,0.00058245915,7.83286,8.69608,16.52952245915,32.73030393415002,0,3.639340877532959
2018-11-29,11.448958333333332,45.68645833333333,29.53333333333333,93.76458333333332,8.501041666666667,1.6128125000000002,,7.837499999999999,2.114583333333333,3.0270833333333336,0.0,0.00058245915,7.83286,7.8334424591500005,32.73030393415002,0,2.434942483901977
2018-11-30,12.585416666666667,44.955625,29.063541666666666,93.43229166666669,8.286458333333334,1.5715625,,7.8,1.5520833333333333,3.1052083333333336,0.0,0.0,0.00058245915,0.00058245915,32.70526482915002,0,1.085397720336914
2018-12-01,13.873958333333334,44.7628125,28.97083333333333,91.33125,7.89375,1.6245833333333335,,7.771875,1.5833333333333333,3.6760416666666655,5.671138,0.0,0.0,5.671138,22.58123182915002,0,9.391728401184082
2018-12-02,15.128125,45.17510416666667,29.291666666666668,89.41666666666667,7.520833333333333,1.661354166666667,,7.722916666666666,1.8958333333333333,3.953125,28.066751,5.671138,0.0,33.737889,50.267411459150026,1,
2018-12-03,16.021874999999998,44.30166666666667,28.678125,89.62291666666665,7.432291666666667,1.5772916666666663,,7.685416666666666,5.21875,4.638541666666667,4.4421153,28.066751,5.671138,38.1800043,46.01344675915002,0,4.646056652069092
2018-12-04,15.153125,46.76041666666666,30.426041666666663,89.97708333333333,7.510416666666667,1.6196875000000002,,7.73125,3.8645833333333335,3.395833333333333,0.0,4.4421153,28.066751,32.5088663,38.180586759150025,0,2.100059509277344
2018-12-05,14.029166666666669,48.23947916666666,31.464583333333334,90.92604166666666,7.715625,1.6554166666666663,,7.779166666666666,2.4791666666666665,2.671875,0.0,0.0,4.4421153,4.4421153,38.18000430000002,0,2.175340414047241
2018-12-06,12.827083333333334,48.756458333333335,31.804166666666664,92.96666666666664,8.058333333333334,1.7230208333333332,,7.7875,2.052083333333333,2.661458333333333,0.0,0.0,0.0,0.0,38.18000430000002,0,3.2919273376464844
2018-12-07,12.766666666666666,48.61020833333333,31.68958333333333,95.21041666666667,8.273958333333333,1.678125,,7.8,1.5,2.81875,0.05663271,0.0,0.0,0.05663271,38.236637010000024,0,0.2955983281135559
2018-12-08,12.327083333333334,48.95375000000001,31.92708333333333,92.903125,8.145833333333334,1.75125,,7.802083333333333,1.125,3.2729166666666667,0.4483002,0.05663271,0.0,0.50493291,33.01379921000002,0,
2018-12-09,11.173958333333331,49.91802083333334,32.5625,95.615625,8.559375,1.9220833333333331,,7.806249999999999,7.354166666666667,5.285416666666666,30.207003,0.4483002,0.05663271,30.71193591,35.15405121000002,1,
2018-12-10,10.588541666666666,49.83052083333334,32.46041666666667,95.60520833333334,8.6625,1.850833333333333,,7.795833333333333,4.135416666666667,4.013541666666667,0.3266803,30.207003,0.4483002,30.981983500000002,31.038616210000022,0,0.0705657228827476
2018-12-11,9.911458333333334,49.789565217391306,32.36086956521739,93.10217391304349,8.634782608695652,1.8308695652173912,,7.795652173913043,3.6458333333333335,2.9572916666666664,0.1445244,0.3266803,30.207003,30.6782077,31.183140610000024,0,3.437579393386841
2018-12-12,9.578125,,,,,,,,3.2526315789473683,2.718947368421053,0.17484841,0.1445244,0.3266803,0.64605311,31.357989020000023,0,0.8632218837738037
2018-12-13,9.8125,,,,,,,,2.1894736842105265,2.9,0.25678408,0.17484841,0.1445244,0.57615689,31.614773100000022,0,
2018-12-14,11.325,,,,,,,,2.9375,3.5552083333333333,13.89173,0.25678408,0.17484841,14.323362490000001,45.44987039000002,0,
2018-12-15,12.977083333333333,,,,,,,,3.4166666666666665,4.458333333333333,29.970549,13.89173,0.25678408,44.119063080000004,74.97211919000003,1,
2018-12-16,12.996875,,,,,,,,4.479166666666667,4.736458333333333,0.035917196,29.970549,13.89173,43.898196196,44.80103338600002,0,2.748027801513672
2018-12-17,12.295833333333334,,,,,,,,5.178947368421053,4.610416666666667,0.017576132,0.035917196,29.970549,30.024042327999997,44.491929218000024,0,2.883630990982056
2018-12-18,11.913541666666667,,,,,,,,4.489583333333333,3.853125,0.0,0.017576132,0.035917196,0.053493328,44.34740481800002,0,3.671988010406494
2018-12-19,11.861458333333331,,,,,,,,4.03125,3.639583333333333,0.0019822067,0.0,0.017576132,0.0195583387,44.174538614700026,0,5.345047473907471
2018-12-20,12.727083333333333,,,,,,,,4.104166666666667,4.021875,16.655396,0.0019822067,0.0,16.6573782067,60.57315053470002,0,
2018-12-21,14.080208333333331,,,,,,,,15.916666666666666,6.4750000000000005,5.944846,16.655396,0.0019822067,22.6022242067,52.62626653470002,0,1.7126532793045044
2018-12-22,12.463541666666666,,,,,,,,17.864583333333332,7.257291666666667,6.818657e-05,5.944846,16.655396,22.60031018657,22.65578572127002,0,1.856357455253601
2018-12-23,12.360416666666666,,,,,,,,9.59375,5.204166666666667,0.0,6.818657e-05,5.944846,5.94491418657,22.61986852527002,0,1.754025101661682
2018-12-24,12.4625,,,,,,,,7.572916666666667,4.734375,0.0,0.0,6.818657e-05,6.818657e-05,22.602292393270023,0,2.741025924682617
2018-12-25,11.9875,,,,,,,,5.364583333333333,4.652083333333334,0.0,0.0,0.0,0.0,22.602292393270023,0,8.799836158752441
2018-12-26,11.445833333333333,,,,,,,,3.458333333333333,4.201041666666667,0.0,0.0,0.0,0.0,22.60031018657002,0,3.9146106243133545
2018-12-27,11.1625,,,,,,,,4.125,4.830208333333333,0.52139753,0.0,0.0,0.52139753,6.466311716570021,0,
2018-12-28,12.755208333333334,,,,,,,,4.885416666666667,4.7718750000000005,7.1010695,0.52139753,0.0,7.62246703,7.6225352165700215,0,
2018-12-29,14.189583333333331,,,,,,,,7.135416666666667,5.2875000000000005,14.551494,7.1010695,0.52139753,22.17396103,22.173961030000022,0,6.451923847198486
2018-12-30,13.966666666666669,,,,,,,,6.197916666666667,4.760416666666667,0.12364252,14.551494,7.1010695,21.776206019999996,22.29760355000002,0,0.9437021613121032
2018-12-31,14.33125,,,,,,,,5.114583333333333,4.686458333333333,0.03644975,0.12364252,14.551494,14.71158627,22.334053300000022,0,0.6518903374671936
2019-01-01,15.911458333333334,,,89.83854166666667,,,,7.471875,5.46875,4.886458333333334,0.14322902,0.03644975,0.12364252,0.30332128999999824,22.477282320000022,0,0.2644637823104858
2019-01-02,14.975,,,87.13854166666665,,,,7.51875,5.125,4.535416666666666,1.5371634,0.14322902,0.03644975,1.7168421699999983,24.01444572000002,0,
2019-01-03,15.014583333333334,,,89.09791666666666,,,,7.561458333333333,4.28125,3.9739583333333335,6.2555914,1.5371634,0.14322902,7.935983819999999,29.748639590000018,0,
2019-01-04,14.817708333333334,,,89.88125000000001,,,,7.582291666666666,3.5625,3.3979166666666667,17.879524,6.2555914,1.5371634,25.6722788,40.52709409000002,1,
2019-01-05,14.678125,,,95.84166666666664,,,,7.592708333333333,7.989583333333333,4.338541666666667,14.446401,17.879524,6.2555914,38.5815164,40.42200109000002,0,1.8043190240859983
2019-01-06,14.048958333333331,,,96.23645833333336,,,,7.64375,5.375,3.8041666666666663,0.0,14.446401,17.879524,32.325925,40.298358570000026,0,1.806206464767456
2019-01-07,13.927083333333334,,,98.425,,,,7.685416666666666,3.9479166666666665,3.439583333333333,0.00027955856,0.0,14.446401,14.446680558559997,40.26218837856002,0,4.255232334136963
2019-01-08,14.842708333333334,,,102.28854166666667,,,,7.70625,3.6666666666666665,3.703125,0.3585453,0.00027955856,0.0,0.35882485855999646,40.47750465856002,0,2.756699085235596
2019-01-09,14.243617021276595,,,99.73936170212764,9.187179487179488,1.2992307692307692,,7.775531914893617,5.1454545454545455,3.880851063829788,0.0,0.3585453,0.00027955856,0.35882485855999646,38.940341258560025,0,2.0514161586761475
2019-01-10,11.715217391304348,,,98.44239130434784,8.959782608695651,1.5483695652173912,,7.928260869565217,,3.020652173913043,0.0,0.0,0.3585453,0.35854529999999646,32.684749858560025,0,8.599541664123535
2019-01-11,10.584375,,,102.38020833333331,9.448958333333334,1.6527083333333332,,7.956250000000001,,2.5864583333333333,0.0,0.0,0.0,0.0,14.805225858560021,0,4.063972473144531
2019-01-12,9.508333333333333,,,100.553125,9.482291666666669,1.66375,,7.91875,,3.030208333333333,0.7196547,0.0,0.0,0.7196546999999964,1.0784795585600213,0,
2019-01-13,10.276041666666666,,,100.5875,9.278125,1.5761458333333334,,7.901041666666667,,2.871875,5.043509,0.7196547,0.0,5.763163699999996,6.121988558560021,0,0.1573875546455383
2019-01-14,9.264583333333333,,,100.52291666666667,9.528125,1.5638541666666663,,7.880208333333333,,2.7843750000000003,0.0,5.043509,0.7196547,5.763163699999996,6.121709000000021,0,
2019-01-15,9.190625,,,100.73958333333331,9.532291666666667,1.6485416666666666,,7.900000000000001,,2.4322916666666665,0.0,0.0,5.043509,5.043508999999997,5.763163700000021,0,2.317302703857422
2019-01-16,9.365625,,,99.5625,9.420833333333333,1.5726041666666666,,7.895833333333333,,2.31875,0.0,0.0,0.0,0.0,5.763163700000021,0,3.3167786598205566
2019-01-17,9.88125,,,98.68958333333336,9.261458333333334,1.5470833333333334,,7.889583333333333,,2.611458333333333,0.18098958,0.0,0.0,0.18098957999999646,5.944153280000021,0,
2019-01-18,10.604166666666666,,,98.25,9.016666666666667,1.5230208333333335,,7.879166666666666,,2.5572916666666665,0.7967842,0.18098958,0.0,0.9777737799999965,6.740937480000021,0,3.7776618003845215
2019-01-19,11.469791666666666,,,96.421875,8.632291666666667,1.6151041666666668,,7.867708333333334,,2.2916666666666665,0.0,0.7967842,0.18098958,0.9777737799999965,6.021282780000021,0,
2019-01-20,12.38125,,,96.90104166666669,8.546875,1.3961458333333334,,7.837499999999999,,2.573958333333333,20.322815,0.0,0.7967842,21.119599199999996,21.30058878000002,1,2.757408380508423
2019-01-21,9.325,,,96.92395833333336,9.09375,1.5619791666666665,,7.889583333333333,,3.0104166666666665,0.0,20.322815,0.0,20.322814999999995,21.30058878000002,0,2.617559671401977
2019-01-22,8.739583333333334,,,99.07395833333334,9.321875,1.713645833333333,,7.920833333333333,,2.377083333333333,0.0,0.0,20.322815,20.322814999999995,21.30058878000002,0,3.5560832023620605
2019-01-23,10.138541666666669,,,102.09583333333336,9.311458333333333,1.5565625,,7.913541666666667,,2.303125,0.0011178985,0.0,0.0,0.0011178984999964472,21.301706678500018,0,0.8941717147827148
2019-01-24,12.53125,,,98.94583333333333,8.736458333333333,1.3136458333333334,,7.865625,,4.148958333333334,9.514719,0.0011178985,0.0,9.515836898499996,30.635436098500023,0,
2019-01-25,11.872916666666669,,,97.84166666666664,8.829166666666667,1.338854166666667,,7.876041666666667,,3.172916666666667,0.0,9.514719,0.0011178985,9.515836898499996,29.838651898500018,0,2.3131983280181885
2019-01-26,11.269791666666668,,,100.16145833333331,9.058333333333334,1.4675,,7.94375,,2.5395833333333333,0.0010784727,0.0,9.514719,9.515797472699996,29.83973037120002,0,2.449247121810913
2019-01-27,10.285416666666666,,,97.04791666666668,9.019791666666666,1.4556250000000002,,7.959375,,2.9,14.836366,0.0010784727,0.0,14.837444472699996,24.35328137120002,0,
2019-01-28,9.73125,,,97.42291666666668,9.138541666666669,1.5294791666666667,,7.946874999999999,,2.936458333333333,19.696001,14.836366,0.0010784727,34.533445472699995,44.04928237120002,1,6.743576049804688
2019-01-29,9.682291666666666,,,97.203125,9.167708333333334,1.5132291666666668,,7.90625,,2.884375,0.1866625,19.696001,14.836366,34.71902949999999,44.23594487120002,0,0.5048503279685974
2019-01-30,9.033333333333331,,,97.228125,9.371875,1.4998958333333334,,7.909375000000001,,2.703125,0.51125675,0.1866625,19.696001,20.393920249999994,44.74608372270002,0,4.876570224761963
2019-01-31,8.489583333333334,,,98.72395833333331,9.59375,1.5802083333333332,,7.929166666666667,,2.580208333333333,0.018403614,0.51125675,0.1866625,0.7163228639999965,35.24976833670002,0,3.278688907623291
2019-02-01,9.2625,,,101.23125,9.632291666666667,1.5784375,,7.911458333333333,,2.673958333333333,0.045316383,0.018403614,0.51125675,0.5749767469999963,35.29508471970002,0,2.378146886825561
2019-02-02,10.304166666666667,,,102.303125,9.497916666666669,1.5509375,,7.909375000000001,,2.7760416666666665,0.01283307,0.045316383,0.018403614,0.07655306699999634,35.30683931700002,0,1.5838627815246582
2019-02-03,10.927083333333334,,,98.04791666666668,8.959375,1.5865625,,7.884374999999999,,3.3468750000000003,11.211336,0.01283307,0.045316383,11.269485452999996,31.681809317000024,0,
2019-02-04,11.629166666666668,,,101.20833333333331,9.072916666666666,1.5727083333333332,,7.883333333333334,,3.578125,16.785128,11.211336,0.01283307,28.009297069999995,28.77093631700002,0,7.016558647155762
2019-02-05,12.48125,,,103.89479166666666,9.140625,1.57125,,7.879166666666666,,4.237894736842105,0.00063492573,16.785128,11.211336,27.997098925729997,28.584908742730022,0,1.6279778480529783
2019-02-06,13.557291666666666,,,105.684375,9.10625,1.5423958333333332,,7.878125000000001,,6.226086956521739,0.047667943,0.00063492573,16.785128,16.833430868729998,28.12131993573002,0,2.14678955078125
2019-02-07,15.021875,,,106.82708333333332,8.957291666666666,1.4834375,,7.863541666666666,,6.734375,0.9844325,0.047667943,0.00063492573,1.0327353687299965,29.087348821730025,0,2.1337437629699707
2019-02-08,15.96875,,,105.33125,8.75,1.4454166666666666,,7.85625,,9.739583333333334,0.11542901,0.9844325,0.047667943,1.1475294529999964,29.15746144873002,0,4.160529613494873
2019-02-09,12.861458333333331,,,101.05625,8.875,1.6827083333333333,,7.902083333333334,,10.57956989247312,0.94928205,0.11542901,0.9844325,2.0491435599999965,30.09391042873002,0,
2019-02-10,10.792708333333332,,,103.69166666666666,9.364583333333334,1.766354166666667,,7.976041666666667,,10.053125,0.41506165,0.94928205,0.11542901,1.4797727099999964,19.297636078730022,0,3.4621422290802
2019-02-11,11.841666666666669,,,103.83333333333331,9.201041666666669,1.5328125,,7.971875,,12.348958333333334,3.3720603,0.41506165,0.94928205,4.736403999999997,5.884568378730021,0,
2019-02-12,12.691666666666668,,,102.39895833333333,8.922916666666667,1.5348958333333331,,7.926041666666666,,13.141489361702128,3.0872257,3.3720603,0.41506165,6.874347649999996,8.971159153000022,0,0.6884331107139587
2019-02-13,13.583333333333334,,,94.9981818181818,8.227272727272727,1.488181818181818,,7.883333333333334,1.5853658536585369,8.603125,8.676208,3.0872257,3.3720603,15.135493999999998,17.599699210000022,0,
2019-02-14,12.634375,,,,,,,7.88125,1.7395833333333333,3.1802083333333333,1.0503002,8.676208,3.0872257,12.813733899999997,17.66556691000002,0,1.923232197761536
2019-02-15,13.478125,,,,,,,7.889583333333333,1.8645833333333333,3.3354166666666667,16.14532,1.0503002,8.676208,25.8718282,33.69545790000002,0,4.588651180267334
2019-02-16,13.216666666666669,,,,,,,7.871875,2.2916666666666665,3.84375,13.54793,16.14532,1.0503002,30.743550199999994,46.29410585000002,0,
2019-02-17,11.997916666666669,,,,,,,7.897916666666667,2.46875,3.533333333333333,0.0010370455,13.54793,16.14532,29.694287045499998,45.88008124550002,0,0.2992430627346039
2019-02-18,12.814583333333331,,,,,,,7.905208333333333,2.5729166666666665,3.31875,1.0159684,0.0010370455,13.54793,14.564935445499996,43.52398934550002,0,5.483922958374023
2019-02-19,11.738541666666668,,,,,,,7.902083333333334,3.8020833333333335,3.5739583333333336,0.8712691,1.0159684,0.0010370455,1.8882745454999963,41.30803274550002,0,3.656316041946411
2019-02-20,11.061458333333334,,,,,,,7.90625,4.760416666666667,3.939583333333333,7.4816766,0.8712691,1.0159684,9.368914099999996,40.11350134550002,0,
2019-02-21,13.159375,,,,,,,7.908333333333334,5.729166666666667,3.5,2.539242,7.4816766,0.8712691,10.892187699999996,41.60244314550002,0,4.448190212249756
2019-02-22,13.222916666666668,,,,,,,7.908333333333334,4.760416666666667,3.5,0.5326025,2.539242,7.4816766,10.553521099999998,25.98972564550002,0,
2019-02-23,12.454166666666666,,,,,,,7.941666666666666,3.6666666666666665,3.1645833333333333,1.7345123,0.5326025,2.539242,4.806356799999996,14.176307945500021,0,
2019-02-24,13.95,,,,,,,7.920833333333333,4.635416666666667,3.373958333333333,9.127543,1.7345123,0.5326025,11.394657799999996,23.302813900000018,0,
2019-02-25,13.1375,,,,,,,7.952083333333333,3.8229166666666665,3.5895833333333336,0.2712954,9.127543,1.7345123,11.133350699999996,22.558140900000023,0,1.057725191116333
2019-02-26,12.976041666666667,,,,,,,7.983333333333333,2.65625,3.711458333333333,0.050327398,0.2712954,9.127543,9.449165797999996,21.73719919800002,0,0.8103870749473572
2019-02-27,13.903125,,,,,,,7.972916666666666,2.3229166666666665,4.0531250000000005,2.6531045,0.050327398,0.2712954,2.9747272979999964,16.90862709800002,0,
2019-02-28,14.707291666666668,,,,,,,7.997916666666666,2.458333333333333,4.752083333333333,7.928155,2.6531045,0.050327398,10.631586897999997,22.29754009800002,0,4.522793769836426
2019-03-01,14.695833333333333,,,,,,,7.9875,2.34375,4.909375,1.8532727,7.928155,2.6531045,12.434532199999996,23.618210298000022,0,
2019-03-02,15.1375,,,,,,,7.958333333333333,2.4166666666666665,5.033333333333333,5.0507364,1.8532727,7.928155,14.832164099999996,26.93443439800002,0,3.658849716186523
2019-03-03,14.9625,,,,,,,7.973958333333333,2.4479166666666665,4.051041666666666,1.0472367,5.0507364,1.8532727,7.951245799999996,18.854128098000018,0,1.5412049293518066
2019-03-04,15.705208333333331,,,,,,,7.931249999999999,3.6770833333333335,4.757291666666666,17.511126,1.0472367,5.0507364,23.609099099999998,36.09395869800002,0,
2019-03-05,12.989583333333334,,,,,,,7.944791666666667,2.625,4.692708333333333,7.1347437,17.511126,1.0472367,25.693106399999998,43.17837500000002,0,
2019-03-06,11.773958333333333,,,,,,,7.965625,2.4166666666666665,3.7927083333333336,0.0,7.1347437,17.511126,24.6458697,40.52527050000002,0,5.600975036621094
2019-03-07,12.246875,,,,,,,8.009375,2.1041666666666665,3.271875,0.029923046,0.0,7.1347437,7.164666745999996,32.627038546000016,0,1.1335166692733765
2019-03-08,13.282291666666666,,,,,,,8.003124999999999,2.125,3.271875,3.8531947,0.029923046,0.0,3.8831177459999964,34.62696054600002,0,1.4710807800292969
2019-03-09,13.720833333333331,,,,,,,8.014583333333333,2.210526315789474,3.5500000000000003,4.596052,3.8531947,0.029923046,8.479169745999997,34.17227614600002,0,0.2382070422172546
2019-03-10,15.702083333333334,,,,,,,8.041666666666666,2.989583333333333,3.5666666666666664,13.82187,4.596052,3.8531947,22.271116699999997,46.94690944600002,0,
2019-03-11,16.86315789473684,42.33588235294118,27.266666666666666,114.16470588235292,9.315686274509805,1.6176470588235294,,8.016842105263159,3.3157894736842106,3.265263157894737,0.94855934,13.82187,4.596052,19.366481339999996,30.384342786000023,0,2.865630388259888
2019-03-12,15.488541666666668,43.88197916666667,28.359375,102.28541666666666,8.565624999999999,1.6846875,,8.063541666666667,3.125,2.927083333333333,1.0958248,0.94855934,13.82187,15.866254139999997,24.345423886000024,0,2.3320586681365967
2019-03-13,15.321875,43.2678125,27.90833333333333,105.03229166666668,8.854166666666666,1.6869791666666665,,8.097916666666666,4.78125,2.3822916666666667,0.00057623064,1.0958248,0.94855934,2.0449603706399966,24.34600011664002,0,1.3240975141525269
2019-03-14,16.302083333333332,42.13645833333333,27.117708333333336,102.934375,8.548958333333333,1.619895833333333,,8.071875,11.46875,2.6750000000000003,0.44019732,0.00057623064,1.0958248,1.5365983506399963,24.756274390640023,0,3.599148750305176
2019-03-15,17.3125,38.92572916666666,24.866666666666664,94.86770833333333,7.846875,1.5671875,,7.990625,14.854166666666666,2.965625,0.48553088,0.44019732,0.00057623064,0.9263044306399965,21.38861057064002,0,
2019-03-16,16.241666666666667,39.6896875,25.39270833333333,89.93333333333334,7.566666666666666,1.5523958333333334,,7.9375,21.260416666666668,3.4604166666666667,0.455295,0.48553088,0.44019732,1.3810231999999965,17.24785357064002,0,4.0829057693481445
2019-03-17,14.495833333333332,43.82364583333333,28.29895833333333,94.20625,8.06875,1.6211458333333333,,7.973958333333333,3.4791666666666665,3.3364583333333333,3.1912491,0.455295,0.48553088,4.132074979999996,6.617232670640021,0,
2019-03-18,14.513541666666669,45.64989583333334,29.602083333333336,99.43333333333334,8.435416666666667,1.6473958333333334,,7.986458333333334,3.427083333333333,2.903125,0.5477991,3.1912491,0.455295,4.194343199999997,6.216472430640021,0,3.848119735717773
2019-03-19,13.529166666666669,47.587604166666665,30.98125,97.12604166666668,8.341666666666667,1.7660416666666665,,7.989583333333333,3.9791666666666665,2.620833333333333,1.1680008,0.5477991,3.1912491,4.907048999999996,6.288648430640022,0,3.0122978687286377
2019-03-20,12.797916666666666,49.145,32.077083333333334,96.61354166666666,8.376041666666667,1.8517708333333331,,7.994791666666667,5.145833333333333,2.8552083333333336,3.110167,1.1680008,0.5477991,4.825966899999997,9.39823920000002,0,
2019-03-21,13.641666666666666,48.123020833333335,31.3625,97.659375,8.34375,1.54625,,7.985416666666667,7.552083333333333,3.002083333333333,5.3096027,3.110167,1.1680008,9.587770499999998,14.267644580000022,0,1.9488650560379028
2019-03-22,14.240625,47.962812500000005,31.25625,95.540625,8.05625,1.3980208333333335,,7.963541666666667,9.145833333333334,3.313541666666667,0.033349384,5.3096027,3.110167,8.453119083999997,13.81546308400002,0,2.2450180053710938
2019-03-23,14.285416666666668,47.79708333333334,31.13854166666667,99.11666666666667,8.352083333333333,1.5766666666666669,,7.988541666666666,7.6875,3.1822916666666665,0.0,0.033349384,5.3096027,5.342952083999997,13.360168084000021,0,1.9534214735031128
2019-03-24,15.071875,47.14510416666667,30.68645833333333,100.67604166666666,8.363541666666666,1.5131249999999998,,8.0,5.6875,2.684375,2.5552672e-05,0.0,0.033349384,0.03337493667199645,10.168944536672022,0,3.074284315109253
2019-03-25,16.734375,45.100208333333335,29.226041666666664,97.25104166666668,7.909375,1.3828125,,7.973958333333333,5.145833333333333,3.33578947368421,2.0004563,2.5552672e-05,0.0,2.0004818526719967,11.621601736672021,0,1.6515307426452637
2019-03-26,15.68125,44.9190625,29.103125,93.53020833333332,7.786458333333333,1.5294791666666667,,7.980208333333334,6.177083333333333,7.483333333333333,4.699988,2.0004563,2.5552672e-05,6.700469852671997,15.153588936672023,0,2.3377163410186768
2019-03-27,12.810416666666669,49.36416666666667,32.233333333333334,99.365625,8.583333333333334,1.8570833333333332,,8.058333333333334,4.552083333333333,5.336458333333333,0.34341803,4.699988,2.0004563,7.043862329999997,12.38683996667202,0,4.342811584472656
2019-03-28,13.657291666666666,49.58375,32.415625,102.32604166666664,8.674999999999999,1.7584375,,8.016666666666667,3.8333333333333335,3.545833333333333,0.00032351865,0.34341803,4.699988,5.0437295486499965,7.077560785322022,0,2.766409397125244
2019-03-29,15.386458333333332,48.11416666666667,31.394791666666663,101.98333333333332,8.416666666666666,1.6302083333333333,,7.995833333333334,3.4375,3.294791666666667,0.013938704,0.00032351865,0.34341803,0.3576802526499964,7.058150105322022,0,1.5488461256027222
2019-03-30,16.977083333333333,44.40052083333333,28.73958333333333,98.54791666666668,8.020833333333334,1.5369791666666668,,7.971875,3.3541666666666665,4.153125,0.25632226,0.013938704,0.00032351865,0.27058448264999646,7.314472365322022,0,0.3450953662395477
2019-03-31,17.587500000000002,40.2446875,25.788541666666664,94.73958333333331,7.741666666666667,1.444375,,7.911458333333333,5.4526315789473685,5.769791666666666,2.6529677,0.25632226,0.013938704,2.9232286639999963,9.967414512650022,0,0.6071545481681824
2019-04-01,14.410416666666668,44.25260416666666,28.60729166666667,96.06145833333332,8.236458333333333,1.661354166666667,,7.992708333333333,5.125,4.759375,2.404773,2.6529677,0.25632226,5.314062959999997,10.371731212650023,0,4.50070858001709
2019-04-02,12.278125,47.83072916666666,31.110416666666666,95.05729166666669,8.379166666666666,1.6628125,,8.008333333333333,5.645833333333333,4.5125,23.31857,2.404773,2.6529677,28.376310699999998,28.990313212650022,1,0.1072688773274421
2019-04-03,12.998958333333334,47.77666666666667,31.084375,100.27604166666669,8.689583333333333,1.58375,,7.998958333333333,5.364583333333333,3.6322916666666663,2.5499103,23.31857,2.404773,28.2732533,31.196805482650024,0,2.4567413330078125
2019-04-04,15.155208333333334,47.56197916666667,30.98229166666667,101.53020833333332,8.413541666666667,1.5477083333333337,,7.978124999999999,4.291666666666667,3.172916666666667,0.009458015,2.5499103,23.31857,25.877938314999998,31.20593997900002,0,1.8340320587158203
2019-04-05,15.114583333333334,47.82635416666667,31.191666666666663,91.68854166666668,7.628125,1.6104166666666666,,7.951041666666666,4.28125,4.0,5.681918,0.009458015,2.5499103,8.241286314999996,36.87391927500002,0,
2019-04-06,16.741666666666667,46.6059375,30.32604166666667,97.38645833333334,7.865625,1.5653125,,7.915624999999999,4.416666666666667,3.841666666666667,1.1838298,5.681918,0.009458015,6.875205814999996,37.80142681500002,0,1.1827526092529297
2019-04-07,17.877083333333335,47.475625,30.95625,100.26354166666664,7.870833333333334,1.601875,,7.923958333333334,4.177083333333333,3.271875,0.05227091,1.1838298,5.681918,6.918018709999996,35.20073002500002,0,2.565572023391724
2019-04-08,19.636458333333334,47.31125,30.839583333333334,98.39895833333333,7.498958333333333,1.5326041666666663,,7.908333333333334,5.552083333333333,3.7239583333333335,1.5618148,0.05227091,1.1838298,2.7979155099999966,34.35777182500002,0,2.516418695449829
2019-04-09,19.94105263157895,46.02531914893617,29.92127659574468,92.37578947368422,6.329787234042553,1.462340425531915,,7.817021276595744,5.361702127659575,6.231578947368421,12.702323,1.5618148,0.05227091,14.316408709999996,23.74152482500002,0,
2019-04-10,18.9625,,,99.15625,,,,,3.5416666666666665,6.477083333333333,13.309437,12.702323,1.5618148,27.573574799999996,34.50105152500002,0,2.170515298843384
2019-04-11,19.339583333333334,,,105.571875,,,,,3.0526315789473686,5.614583333333333,0.00037941997,13.309437,12.702323,26.012139419969994,34.49197292997002,0,2.5272774696350098
2019-04-12,20.56875,,,104.228125,,,,,3.4791666666666665,6.554166666666667,2.9734704,0.00037941997,13.309437,16.283286819969998,31.783525329970022,0,
2019-04-13,20.910416666666663,,,96.92083333333332,,,,,4.2631578947368425,6.997916666666666,8.873586,2.9734704,0.00037941997,11.847435819969997,39.47328152997002,0,
2019-04-14,21.03125,,,94.896875,,,,,5.822916666666667,7.601041666666667,6.5312943,8.873586,2.9734704,18.378350699999995,45.952304919970025,0,
2019-04-15,20.375,,,94.36770833333333,,,,,10.6875,9.355208333333334,4.639629,6.5312943,8.873586,20.044509299999994,49.030119119970024,0,1.553951621055603
2019-04-16,17.717708333333334,,,101.29166666666669,,,,,7.53125,7.326041666666666,0.0,4.639629,6.5312943,11.170923299999997,36.327796119970024,0,1.6385741233825684
2019-04-17,18.703125,,,104.34270833333332,,,,,5.958333333333333,6.14375,0.0,0.0,4.639629,4.639628999999997,23.01835911997002,0,1.626911997795105
2019-04-18,19.382291666666667,,,101.265625,,,,,6.147368421052631,7.15625,0.698449,0.0,0.0,0.6984489999999964,23.71642870000002,0,2.960306406021118
2019-04-19,20.011458333333334,,,99.00208333333336,,,,,8.326315789473684,9.050526315789472,7.0058436,0.698449,0.0,7.704292599999997,27.74880190000002,0,
2019-04-20,19.915625,,,98.57083333333333,,,,,19.885416666666668,13.115625,15.641445,7.0058436,0.698449,23.345737599999996,34.51666090000002,0,2.879676342010498
2019-04-21,18.515625,,,94.846875,,,,,13.390243902439025,12.874358974358971,1.971561,15.641445,7.0058436,24.618849599999997,29.95692760000002,0,1.4004731178283691
2019-04-22,19.088541666666668,,,101.18958333333336,,,,,9.052083333333334,10.932291666666666,0.0,1.971561,15.641445,17.613006,25.317298600000022,0,1.3658181428909302
2019-04-23,20.407291666666666,,,99.08958333333334,,,,,8.104166666666666,8.336458333333333,0.0,0.0,1.971561,1.9715609999999963,25.317298600000022,0,1.3496938943862915
2019-04-24,21.558333333333334,,,101.34166666666664,,,,,10.302083333333334,10.177083333333334,0.0022850235,0.0,0.0,0.002285023499996447,25.319583623500023,0,3.04725193977356
2019-04-25,22.260416666666668,,,95.14375,,,,,12.010416666666666,10.478125,0.0,0.0022850235,0.0,0.002285023499996447,24.621134623500023,0,2.4486420154571533
2019-04-26,22.151041666666668,,,89.375,,,,,24.354166666666668,11.648421052631578,6.331447,0.0,0.0022850235,6.333732023499996,23.94673802350002,0,
2019-04-27,20.657291666666666,,,94.5125,,,,,35.54347826086956,12.496875,0.015319071,6.331447,0.0,6.346766070999997,8.32061209450002,0,1.2941596508026123
2019-04-28,20.859375,,,91.23020833333334,,,,,,12.602083333333333,0.0437081,0.015319071,6.331447,6.390474170999997,6.392759194500022,0,0.9060642123222352
2019-04-29,21.477083333333336,,,93.01458333333332,,,,,,14.475,0.0,0.0437081,0.015319071,0.05902717099999645,6.392759194500021,0,0.6288679838180542
2019-04-30,22.71770833333333,,,90.1375,,,,,,14.572916666666666,0.0,0.0,0.0437081,0.04370809999999645,6.392759194500021,0,0.4906104207038879
2019-05-01,23.745833333333334,,,82.58749999999999,,,,,,,0.0,0.0,0.0,0.0,6.3904741710000215,0,2.5992989540100098
2019-05-02,24.213541666666668,,,77.76145833333334,,,,,,,0.02886229,0.0,0.0,0.028862289999996446,6.419336461000021,0,0.0623049214482307
2019-05-03,23.995833333333334,,,73.92291666666667,,,,,,,4.128675,0.02886229,0.0,4.157537289999997,4.216564461000021,0,0.6492180824279785
2019-05-04,24.0,,,73.33125,,,,,,,7.1702,4.128675,0.02886229,11.327737289999998,11.371445390000021,0,3.875816583633423
2019-05-05,24.415625,,,71.91979166666667,,,,,,,12.737866,7.1702,4.128675,24.036741,24.06560329000002,0,
2019-05-06,23.652083333333334,,,70.86979166666667,,,,,,,2.0446155,12.737866,7.1702,21.952681499999997,26.110218790000022,0,3.144831895828247
2019-05-07,23.07317073170732,,,74.17083333333333,,,,,,,0.0045610005,2.0446155,12.737866,14.787042500499997,26.114779790500023,0,2.417441129684448
2019-05-08,24.269473684210524,48.64575,31.725,63.68909090909091,,1.6469999999999998,,7.83,,,0.00107432,0.0045610005,2.0446155,2.0502508204999965,26.11585411050002,0,2.4156789779663086
2019-05-09,25.102083333333336,48.38916666666666,31.56041666666667,,,1.5958333333333332,,7.7625,,,0.0,0.00107432,0.0045610005,0.005635320499996447,26.08699182050002,0,1.1411679983139038
2019-05-10,24.95833333333333,47.70604166666666,31.06875,,,1.5715625,,7.755208333333333,,,0.0,0.0,0.00107432,0.0010743199999964472,21.95831682050002,0,0.4569041728973388
2019-05-11,25.260416666666668,46.80552083333333,30.40416666666667,,,1.5366666666666668,,7.745833333333334,,,1.5565127,0.0,0.0,1.5565126999999965,16.34462952050002,0,
2019-05-12,24.275,45.66,29.602083333333336,,,1.5186458333333333,,7.73125,,,13.483248,1.5565127,0.0,15.039760699999997,17.09001152050002,0,
2019-05-13,23.54375,46.44770833333333,30.188541666666666,,,1.5345833333333332,,7.763541666666666,,,13.74364,13.483248,1.5565127,28.783400699999994,28.78903602050002,0,1.202519416809082
2019-05-14,22.319791666666664,48.333125,31.57604166666667,,,1.7598958333333332,,7.866666666666667,,,0.18914829,13.74364,13.483248,27.416036289999997,28.97362331000002,0,1.1387619972229004
2019-05-15,21.48333333333333,50.10760416666667,32.88125,,,1.8194791666666663,,7.916666666666667,,,0.0,0.18914829,13.74364,13.932788289999996,28.972548990000018,0,1.978047490119934
2019-05-16,22.016666666666666,49.88177083333333,32.71041666666667,,,1.6925,,7.88125,,,0.0,0.0,0.18914829,0.18914828999999644,28.972548990000018,0,1.3096896409988403
2019-05-17,23.39375,49.24427083333333,32.215625,,,1.5345833333333332,,7.835416666666667,,,1.8569664,0.0,0.0,1.8569663999999964,30.82951539000002,0,1.840583562850952
2019-05-18,24.590625,48.72510416666666,31.816666666666663,,,1.5053124999999998,,7.783333333333334,,,0.65207183,1.8569664,0.0,2.5090382299999963,29.92507452000002,0,1.676477551460266
2019-05-19,25.304166666666664,49.40885416666666,32.300000000000004,,,1.588854166666667,,7.770833333333333,,,0.34436363,0.65207183,1.8569664,2.8534018599999964,16.78619015000002,0,0.1359530538320541
2019-05-20,25.761458333333334,49.1221875,32.08020833333333,,,1.5226041666666663,,7.769791666666666,,,0.010201017,0.34436363,0.65207183,1.0066364769999965,3.052751167000021,0,2.368492364883423
2019-05-21,26.44270833333333,48.60177083333334,31.67708333333333,,,1.4765625,,7.760416666666667,,,0.10984789,0.010201017,0.34436363,0.4644125369999964,2.9734507670000214,0,1.3477493524551392
2019-05-22,25.25520833333333,50.13552083333334,32.834375,,,1.6465625,,7.835416666666667,,,0.2702612,0.10984789,0.010201017,0.3903101069999964,3.2437119670000216,0,2.022883892059326
2019-05-23,25.759375,50.08604166666667,32.786458333333336,,,1.5755208333333333,,7.813541666666667,,,0.6611784,0.2702612,0.10984789,1.0412874899999964,3.9048903670000215,0,0.1928983628749847
2019-05-24,26.988541666666663,49.14635416666667,32.067708333333336,,,1.4609375,,7.744791666666667,,,0.4748317,0.6611784,0.2702612,1.4062712999999964,2.5227556670000215,0,1.465811252593994
2019-05-25,27.336458333333336,50.3484375,32.934375,,,1.6671875,,7.754166666666666,,,0.023960212,0.4748317,0.6611784,1.1599703119999965,1.8946440490000211,0,1.1892967224121094
2019-05-26,28.351041666666664,49.44645833333333,32.251041666666666,,,1.6303124999999998,,7.658333333333334,,,1.3417252,0.023960212,0.4748317,1.8405171119999963,2.892005619000021,0,2.7811501026153564
2019-05-27,28.49375,48.52583333333333,31.570833333333336,,,1.5778125,,7.598958333333333,,,0.23141414,1.3417252,0.023960212,1.5970995519999964,3.1132187420000212,0,0.6222403645515442
2019-05-28,28.801041666666663,48.629895833333336,31.641666666666666,,,1.58625,,7.605208333333334,,,0.31566003,0.23141414,1.3417252,1.8887993699999963,3.319030882000021,0,1.189533829689026
2019-05-29,28.416666666666668,47.07583333333333,30.523958333333336,,,1.5266666666666666,,7.652083333333334,,,0.027349321,0.31566003,0.23141414,0.5744234909999965,3.0761190030000214,0,0.6148535013198853
2019-05-30,27.58020833333333,47.32770833333333,30.73333333333333,,,1.5386458333333335,,7.705208333333334,,,1.1305301,0.027349321,0.31566003,1.4735394509999966,3.5454707030000208,0,
2019-05-31,27.340625,47.01458333333333,30.5125,,,1.5102083333333332,,7.732291666666666,,,8.275918,1.1305301,0.027349321,9.433797420999998,11.346557003000022,0,0.4216372072696686
2019-06-01,26.238541666666663,48.919895833333335,31.925,,,1.616458333333333,,7.796875,,,13.597737,8.275918,1.1305301,23.0041851,24.920333791000022,0,2.287120819091797
2019-06-02,26.165625,50.24,32.889583333333334,,,1.6886458333333334,,7.834375,,,1.3888817,13.597737,8.275918,23.2625367,24.967490291000022,0,2.124667167663574
2019-06-03,26.401041666666668,49.98947916666666,32.7,,,1.6675000000000002,,7.829166666666667,,,1.5999641,1.3888817,13.597737,16.586582799999995,26.33604025100002,0,1.0242180824279783
2019-06-04,26.238541666666663,50.64625,33.18541666666667,,,1.7047916666666667,,7.869791666666667,,,0.25340092,1.5999641,1.3888817,3.2422467199999963,26.273781141000022,0,3.041307210922241
2019-06-05,25.186666666666667,49.88666666666667,32.66222222222222,,,1.5484444444444443,,7.826666666666666,16.784313725490197,,4.4065366,0.25340092,1.5999641,6.259901619999996,30.652968420000022,0,0.1038638949394226
2019-06-06,,,,,,,,,14.479166666666666,,9.496236,4.4065366,0.25340092,14.156173519999996,39.018674320000024,0,
2019-06-07,,,,,,,,,9.510416666666666,,15.044918,9.496236,4.4065366,28.947690599999994,45.78767432000002,0,0.0469447337090969
2019-06-08,,,,,,,,,8.104166666666666,,26.063297,15.044918,9.496236,50.60445099999999,58.25323432000002,1,
2019-06-09,,,,,,,,,8.885416666666666,,7.393131,26.063297,15.044918,48.501346,64.25748362000002,0,1.4667085409164429
2019-06-10,,,,,,,,,7.760416666666667,,4.749062,7.393131,26.063297,38.20548999999999,67.40658152000002,0,0.1444363445043563
2019-06-11,,,,,,,,,7.9375,,6.2519145,4.749062,7.393131,18.394107499999993,73.40509510000001,0,0.0490899719297885
2019-06-12,,,,,,,,,6.40625,,8.866199,6.2519145,4.749062,19.867175499999995,77.86475750000002,0,
2019-06-13,,,,,,,,,8.760416666666666,,8.899378,8.866199,6.2519145,24.01749149999999,77.26789950000001,0,
2019-06-14,,,,,,,,,8.385416666666666,,3.8419983,8.899378,8.866199,21.607575299999993,66.06497980000002,0,2.949249505996704
2019-06-15,,,,,,,,,6.885416666666667,,0.28840008,3.8419983,8.899378,13.029776379999994,40.29008288000003,0,1.1739119291305542
2019-06-16,,,,,,,,,6.0227272727272725,,0.026146261,0.28840008,3.8419983,4.156544640999993,32.923098141000025,0,1.113196849822998
2019-06-17,,,,,,,,,,,0.5427494,0.026146261,0.28840008,0.857295740999993,28.71678554100002,0,1.0742627382278442
2019-06-18,,,,,,,,,,,2.6392252,0.5427494,0.026146261,3.2081208609999927,25.104096241000022,0,0.729796826839447
2019-06-19,,,,,,,,,,,8.950274,2.6392252,0.5427494,12.132248599999993,25.18817124100002,0,2.533618688583374
2019-06-20,,,,,,,,,,,3.3211362,8.950274,2.6392252,14.910635399999993,19.609929441000023,0,
2019-06-21,,,,,,,,,,,5.0174174,3.3211362,8.950274,17.288827599999994,20.785348541000022,0,0.9135520458221436
2019-06-22,,,,,,,,,,,0.82031167,5.0174174,3.3211362,9.158865269999994,21.317260131000022,0,
2019-06-23,,,,,,,,,,,0.51378554,0.82031167,5.0174174,6.351514609999994,21.804899410000022,0,2.5443220138549805
2019-06-24,,,,,,,,,,,0.0,0.51378554,0.82031167,1.3340972099999928,21.26215001000002,0,1.7203748226165771
2019-06-25,,,,,,,,,,,0.08628197,0.0,0.51378554,0.6000675099999929,18.709206780000024,0,1.4508371353149414
2019-06-26,,,,,,,,,,,0.09872617,0.08628197,0.0,0.18500813999999288,9.857658950000022,0,1.0098891258239746
2019-06-27,,,,,,,,,,,0.46779796,0.09872617,0.08628197,0.652806099999993,7.004320710000022,0,0.5366511940956116
2019-06-28,,,,,,,,,,,0.19320315,0.46779796,0.09872617,0.7597272799999928,2.1801064600000215,0,0.9305140972137452
2019-06-29,,,,,,,,,,,0.16828614,0.19320315,0.46779796,0.8292872499999929,1.528080930000021,0,2.26257872581482
2019-06-30,,,,,,,,,,,1.4154551,0.16828614,0.19320315,1.7769443899999928,2.4297504900000213,0,0.4016212821006775
2019-07-01,,,,,,,,,,,1.4526975,1.4154551,0.16828614,3.036438739999993,3.8824479900000215,0,
2019-07-02,29.35254237288136,52.58186440677966,34.53559322033898,,,1.763050847457627,,,8.491525423728813,4.150847457627119,0.0,1.4526975,1.4154551,2.8681525999999926,3.7961660200000216,0,1.727553129196167
2019-07-03,28.28333333333333,51.92479166666666,34.075,,,1.651145833333333,,,10.177083333333334,4.53125,4.6481214,0.0,1.4526975,6.100818899999993,8.34556125000002,0,1.3451210260391235
2019-07-04,28.432291666666668,52.378125,34.395833333333336,,,1.6609375,,,9.291666666666666,4.751041666666667,9.685117,4.6481214,0.0,14.333238399999992,17.562880290000024,0,1.2474312782287598
2019-07-05,27.25625,52.1690625,34.2875,,,1.684791666666667,,,11.3125,5.091666666666667,11.784648,9.685117,4.6481214,26.117886399999996,29.154325140000026,0,0.5682536959648132
2019-07-06,27.769791666666663,52.1271875,34.2375,,,1.6505208333333332,,,9.864583333333334,5.004166666666666,3.0747826,11.784648,9.685117,24.544547599999994,32.060821600000025,0,
2019-07-07,28.175,52.325520833333336,34.37083333333333,,,1.6055208333333333,,,9.28125,6.548958333333334,10.061738,3.0747826,11.784648,24.921168599999994,40.70710450000003,0,2.2812092304229736
2019-07-08,27.95833333333333,51.7096875,33.928125,,,1.5819791666666667,,,9.242105263157894,7.31875,19.88156,10.061738,3.0747826,33.01808059999999,59.13596700000002,1,
2019-07-09,27.57604166666667,51.84010416666666,34.03125,,,1.6705208333333337,,,8.260416666666666,5.645833333333333,13.543966,19.88156,10.061738,43.487263999999996,72.67993300000002,0,4.114645481109619
2019-07-10,27.99895833333333,52.40614583333333,34.43958333333333,,,1.6108333333333331,,,8.208333333333334,4.840625,4.5874834,13.543966,19.88156,38.01300939999999,72.61929500000004,0,6.890810489654541
2019-07-11,28.441666666666663,51.3290625,33.626041666666666,,,1.5111458333333332,,,9.239583333333334,6.275,0.93618506,4.5874834,13.543966,19.067634459999994,63.870363060000024,0,1.8393267393112185
2019-07-12,28.37291666666667,50.4021875,32.952083333333334,,,1.465,,,11.305263157894736,7.926041666666666,13.992629,0.93618506,4.5874834,19.516297459999993,66.07834406000003,0,
2019-07-13,28.308333333333334,49.912395833333335,32.592708333333334,,,1.5159375,,,12.073684210526316,7.359375,6.1019125,13.992629,0.93618506,21.030726559999994,69.10547396000003,0,1.0476830005645752
2019-07-14,28.008333333333336,50.154270833333335,32.784375000000004,,,1.5530208333333333,,,10.326315789473684,6.144791666666666,5.0333943,6.1019125,13.992629,25.127935799999996,64.07713026000002,0,1.0298643112182615
2019-07-15,29.289583333333336,50.958958333333335,33.334375,,,1.5934375,,,8.302083333333334,6.041666666666667,0.35859075,5.0333943,6.1019125,11.493897549999993,44.55416101000002,0,1.6531238555908203
2019-07-16,29.68645833333333,51.6115625,33.795833333333334,,,1.6416666666666666,,,7.708333333333333,5.523958333333333,3.9689546,0.35859075,5.0333943,9.360939649999994,34.97914961000003,0,0.3113186657428741
2019-07-17,29.67708333333333,51.62354166666666,33.803125,,,1.6523958333333333,,,8.520833333333334,4.9625,3.4565618,3.9689546,0.35859075,7.7841071499999925,33.84822801000002,0,1.8589941263198853
2019-07-18,29.80208333333333,50.99114583333333,33.33541666666667,,,1.5646875,,,10.354166666666666,5.8031250000000005,3.1518424,3.4565618,3.9689546,10.577358799999992,36.06388535000002,0,1.380854606628418
2019-07-19,29.563541666666666,50.20041666666666,32.770833333333336,,,1.5233333333333334,,,11.385416666666666,6.49375,3.8026152,3.1518424,3.4565618,10.411019399999992,25.873871550000022,0,1.197138786315918
2019-07-20,30.032291666666666,49.782916666666665,32.446875,,,1.524166666666667,,,11.697916666666666,7.363541666666666,1.0167359,3.8026152,3.1518424,7.971193499999993,20.788694950000025,0,2.182828903198242
2019-07-21,30.23333333333333,48.95677083333334,31.835416666666664,,,1.4896874999999998,,,16.177083333333332,8.792708333333334,0.0,1.0167359,3.8026152,4.819351099999993,15.755300650000024,0,0.7817144989967346
2019-07-22,30.254166666666663,47.43625,30.729166666666668,,,1.4897916666666668,,,13.239583333333334,8.748958333333333,0.12016126,0.0,1.0167359,1.1368971599999929,15.516871160000026,0,
2019-07-23,29.74895833333333,45.68083333333333,29.472916666666663,,,1.4574999999999998,,,13.791666666666666,8.549999999999999,10.543336,0.12016126,0.0,10.663497259999993,22.091252560000026,0,1.675127625465393
2019-07-24,28.032631578947367,46.81252631578947,30.351578947368424,,,1.5356842105263155,,,10.83157894736842,8.42,9.2075405,10.543336,0.12016126,19.871037759999993,27.842231260000027,0,
2019-07-25,27.16875,50.5503125,33.1,,,1.7770833333333331,,,7.5625,6.267708333333334,1.7195424,9.2075405,10.543336,21.47041889999999,26.40993126000003,0,2.148033380508423
2019-07-26,27.304166666666664,51.66875,33.91458333333333,,,1.8211458333333332,,,7.916666666666667,5.45,0.70960647,1.7195424,9.2075405,11.636689369999994,23.316922530000024,0,1.4404098987579346
2019-07-27,27.2125,52.21895833333334,34.31979166666667,,,1.7471875,,,8.770833333333334,4.6375,0.61164486,0.70960647,1.7195424,3.0407937299999928,22.911831490000026,0,4.032632350921631
2019-07-28,27.589583333333334,52.26645833333333,34.34791666666667,,,1.6639583333333334,,,9.833333333333334,4.559375,0.0026483876,0.61164486,0.70960647,1.323899717599993,22.914479877600026,0,2.14241099357605
2019-07-29,27.98958333333333,52.447291666666665,34.471875000000004,,,1.6465625,,,9.78125,4.3375,0.0,0.0026483876,0.61164486,0.6142932475999928,22.794318617600027,0,2.6448631286621094
2019-07-30,28.402083333333334,52.80166666666667,34.717708333333334,,,1.6557291666666665,,,10.0,4.294791666666667,0.014951732,0.0,0.0026483876,0.017600119599992893,12.265934349600025,0,0.362896978855133
2019-07-31,28.78333333333333,52.83489583333333,34.72708333333333,,,1.7005208333333333,,,9.083333333333334,4.294791666666667,2.0822809,0.014951732,0.0,2.097232631999993,5.140674749600025,0,1.2836648225784302
2019-08-01,29.15625,52.94114583333334,34.78958333333333,,,1.7134375000000002,,,9.385416666666666,4.6375,3.8368819,2.0822809,0.014951732,5.9341145319999935,7.258014249600025,0,0.9734637141227722
2019-08-02,28.105208333333334,53.2165625,35.036458333333336,,,1.7313541666666667,,,9.375,4.239583333333333,15.867755,3.8368819,2.0822809,21.786917799999994,22.416162779600025,0,
2019-08-03,27.660416666666663,53.27010416666667,35.0875,,,1.68625,,,9.645833333333334,3.6916666666666655,16.785633,15.867755,3.8368819,36.490269899999994,38.59015091960003,0,
2019-08-04,28.501041666666666,53.45739583333333,35.202083333333334,,,1.65125,,,8.885416666666666,3.841666666666667,3.1433182,16.785633,15.867755,35.796706199999996,41.73082073200003,0,2.590168237686157
2019-08-05,28.56145833333333,53.35635416666667,35.11666666666667,,,1.6288541666666667,,,7.729166666666667,4.094791666666667,6.5490627,3.1433182,16.785633,26.478013899999993,48.279883432000034,0,0.6684325933456421
2019-08-06,28.838541666666668,53.21125,35.00208333333333,,,1.5626041666666666,,,8.322916666666666,4.116666666666666,7.167609,6.5490627,3.1433182,16.85998989999999,55.43254070000003,0,1.1851205825805664
2019-08-07,29.237894736842104,52.87726315789474,34.741052631578945,89.61777777777777,5.604444444444444,1.533578947368421,,7.822222222222222,9.06315789473684,4.611578947368422,4.0166574,7.167609,6.5490627,17.73332909999999,57.36691720000003,0,
2019-08-08,29.620833333333334,51.84333333333333,33.971875000000004,79.77395833333334,5.029166666666667,1.4983333333333333,,7.752083333333334,9.15625,5.009375,6.4224186,4.0166574,7.167609,17.60668499999999,59.95245390000003,0,1.863688349723816
2019-08-09,29.96770833333333,52.07958333333334,34.135416666666664,74.72500000000001,4.689583333333333,1.5582291666666668,,7.717708333333333,8.625,4.8500000000000005,0.29838437,6.4224186,4.0166574,10.737460369999994,44.383083270000036,0,2.0963754653930664
2019-08-10,30.222916666666663,51.99156249999999,34.05833333333333,71.65729166666667,4.48125,1.5514583333333334,,7.684375,8.645833333333334,4.730208333333334,1.9101453,0.29838437,6.4224186,8.630948269999994,29.507595570000028,0,0.1850487291812896
2019-08-11,30.00520833333333,52.13395833333333,34.172916666666666,74.04479166666667,4.638541666666667,1.6325,,7.679166666666667,7.739583333333333,4.304166666666666,1.2914665,1.9101453,0.29838437,3.499996169999993,27.655743870000027,0,1.1084585189819336
2019-08-12,29.65520833333333,52.71114583333334,34.60520833333333,78.31041666666667,4.922916666666667,1.658958333333333,,7.719791666666667,7.510416666666667,3.954166666666667,0.021474877,1.2914665,1.9101453,3.223086676999993,21.12815604700003,0,3.0656003952026367
2019-08-13,30.0625,52.98489583333333,34.79895833333333,77.63229166666666,4.84375,1.635625,,7.73125,8.03125,3.411458333333333,2.9394825,0.021474877,1.2914665,4.252423876999993,16.90002954700003,0,0.9875873923301696
2019-08-14,30.089583333333334,52.4096875,34.37083333333333,75.18541666666667,4.694791666666666,1.5488541666666666,,7.69375,8.46875,3.803125,9.372481,2.9394825,0.021474877,12.333438376999993,22.255853147000032,0,0.2648438215255737
2019-08-15,29.429166666666664,50.789375,33.2125,69.01041666666667,4.389583333333333,1.5582291666666668,,7.681249999999999,12.75,4.40625,7.2398953,9.372481,2.9394825,19.551858799999994,23.07332984700003,0,0.4166790246963501
2019-08-16,28.647916666666664,48.78854166666667,31.771875,65.76979166666666,4.272916666666666,1.5604166666666668,,7.636458333333334,12.322916666666666,4.25,19.876839,7.2398953,9.372481,36.4892153,42.65178447700003,1,
2019-08-17,28.06041666666667,46.4640625,30.09583333333333,67.721875,4.478125,1.5889583333333333,,7.638541666666666,12.395833333333334,4.3,18.91938,19.876839,7.2398953,46.036114299999994,59.66101917700003,1,0.1230846866965293
2019-08-18,28.148958333333336,44.22239583333334,28.48229166666667,76.40104166666667,5.086458333333334,1.6760416666666669,,7.676041666666666,10.354166666666666,4.335416666666666,13.930875,18.91938,19.876839,52.727093999999994,72.30042767700003,0,6.568860054016113
2019-08-19,29.490625,45.06916666666667,29.034375,81.89895833333334,5.297916666666667,1.6351041666666666,,7.697916666666667,9.927083333333334,7.4375,2.742177,13.930875,18.91938,35.59243199999999,75.02112980000003,0,2.46608304977417
2019-08-20,30.35729166666667,44.5778125,28.659375,83.984375,5.366666666666667,1.4879166666666668,,7.705208333333334,11.875,9.039583333333333,2.716902,2.742177,13.930875,19.389953999999992,74.79854930000003,0,1.0994696617126465
2019-08-21,30.41875,44.40645833333334,28.540625,71.97368421052632,4.649122807017544,1.4408333333333332,,7.670175438596491,12.5625,7.872916666666666,2.912792,2.716902,2.742177,8.371870999999993,68.33886030000004,0,1.3278807401657104
2019-08-22,30.284375,42.97593749999999,27.522916666666664,,,1.408125,,,14.673684210526316,8.678125,2.6780336,2.912792,2.716902,8.307727599999993,63.77699860000003,0,0.833096444606781
2019-08-23,30.01354166666667,43.120000000000005,27.634375,,,1.4546875,,,13.71875,8.386458333333334,8.627171,2.6780336,2.912792,14.217996599999992,52.52733060000003,0,0.3595889210700989
2019-08-24,29.297916666666666,45.208020833333336,29.15625,,,1.5532291666666669,,,11.302083333333334,7.942708333333333,14.369982,8.627171,2.6780336,25.675186599999993,47.977932600000024,0,1.994494915008545
2019-08-25,27.41145833333333,50.10333333333333,32.766666666666666,,,1.7958333333333334,,,8.389473684210527,6.273958333333333,1.8013234,14.369982,8.627171,24.798476399999995,35.84838100000003,0,
2019-08-26,26.79375,51.801875,34.028125,,,1.8547916666666664,,,8.291666666666666,5.604166666666667,0.0447644,1.8013234,14.369982,16.216069799999993,33.150968400000025,0,0.835860550403595
2019-08-27,27.33125,52.29125,34.37291666666667,,,1.8307291666666667,,,8.260416666666666,5.308333333333334,0.5956608,0.0447644,1.8013234,2.441748599999991,31.02972720000003,0,2.0102264881134038
2019-08-28,28.24791666666667,52.654270833333335,34.61666666666667,,,1.7935416666666668,,,7.520833333333333,4.997916666666667,0.06625942,0.5956608,0.0447644,0.7066846199999911,28.18319462000003,0,1.7317930459976196
2019-08-29,28.391666666666666,52.99666666666667,34.86145833333333,,,1.7966666666666666,,,7.604166666666667,4.980208333333334,0.33986777,0.06625942,0.5956608,1.001787989999991,25.84502879000003,0,2.0987939834594727
2019-08-30,28.68958333333333,53.34437500000001,35.114583333333336,,,1.7857291666666668,,,8.677083333333334,4.90625,0.0426027,0.33986777,0.06625942,0.44872988999999114,17.260460490000032,0,2.94331431388855
2019-08-31,28.058333333333334,53.568333333333335,35.296875,,,1.8098958333333333,,,8.645833333333334,4.458333333333333,2.4767776,0.0426027,0.33986777,2.859248069999991,5.367256090000028,0,0.162111148238182
2019-09-01,27.48958333333333,53.75229166666667,35.452083333333334,,,1.8660416666666668,,,8.34375,4.5875,3.7690735,2.4767776,0.0426027,6.288453799999991,7.335006190000028,0,2.700605154037476
2019-09-02,27.40625,53.0121875,34.905208333333334,,,1.7980208333333334,,,9.052083333333334,5.076041666666667,9.925735,3.7690735,2.4767776,16.171586099999992,17.215976790000028,0,
2019-09-03,28.096875,53.10093749999999,34.94583333333333,,,1.7669791666666663,,,7.578947368421052,4.8031250000000005,2.5238569,9.925735,3.7690735,16.218665399999992,19.14417289000003,0,4.648027420043945
2019-09-04,27.651041666666668,52.8240625,34.759375,,,1.734375,,,7.708333333333333,4.663541666666666,8.236632,2.5238569,9.925735,20.68622389999999,27.314545470000027,0,
2019-09-05,26.54583333333333,51.153645833333336,33.55416666666667,,,1.9130208333333332,,,13.302083333333334,4.80625,25.067259,8.236632,2.5238569,35.82774789999999,52.04193670000002,1,
2019-09-06,25.721875,44.949375,29.055208333333336,,,1.3283333333333334,,,20.14583333333333,5.86875,17.100605,25.067259,8.236632,50.404495999999995,69.09993900000003,0,1.0009958744049072
2019-09-07,27.28020833333333,46.36197916666666,30.046875,,,1.76375,,,9.15625,5.238541666666666,0.048084002,17.100605,25.067259,42.215948002,66.67124540200003,0,1.586846947669983
2019-09-08,28.3375,46.414479166666666,30.05208333333333,,,1.8004166666666668,,,7.5625,7.483333333333333,0.83911556,0.048084002,17.100605,17.987804561999994,63.74128746200003,0,0.5796623229980469
2019-09-09,28.676041666666663,44.748125,28.844791666666666,,,1.7335416666666663,,,8.677083333333334,8.303125,7.4282928,0.83911556,0.048084002,8.315492361999993,61.24384526200002,0,0.5948035717010498
2019-09-10,28.754166666666663,44.32770833333333,28.539583333333336,,,1.6952083333333334,,,8.547368421052632,7.780208333333333,4.838644,7.4282928,0.83911556,13.106052359999994,63.558632362000026,0,1.1692368984222412
2019-09-11,28.847916666666663,46.14364583333333,29.839583333333334,92.56842105263158,5.989473684210526,1.7227083333333333,,,7.635416666666667,6.28125,0.00029508836,4.838644,7.4282928,12.267231888359994,55.32229545036003,0,2.8677148818969727
2019-09-12,29.226041666666664,46.63625,30.1875,83.12604166666667,5.380208333333333,1.6539583333333334,,,8.229166666666666,5.672916666666667,0.6170854,0.00029508836,4.838644,5.4560244883599935,30.872121850360028,0,0.7486887574195862
2019-09-13,29.36458333333333,47.1046875,30.52083333333333,80.43541666666667,5.185416666666667,1.6270833333333332,,,9.177083333333334,5.658333333333334,4.2183495,0.6170854,0.00029508836,4.835729988359994,17.989866350360025,0,0.5089145302772522
2019-09-14,28.547916666666666,49.492916666666666,32.27916666666667,86.346875,5.592708333333333,1.7715625,,,8.020833333333334,4.560416666666667,1.8659624,4.2183495,0.6170854,6.701397299999994,19.807744748360026,0,0.769019603729248
2019-09-15,29.04375,50.080000000000005,32.69375,85.54479166666665,5.480208333333334,1.709375,,,7.989583333333333,4.479166666666667,0.8568708,1.8659624,4.2183495,6.9411826999999935,19.825499988360026,0,2.1466259956359863
2019-09-16,28.81770833333333,49.96052083333333,32.615625,84.66979166666667,5.454166666666667,1.6946875,,,7.541666666666667,4.542708333333334,2.7161148,0.8568708,1.8659624,5.438947999999993,15.113321988360026,0,
2019-09-17,28.52083333333333,50.38583333333333,32.93333333333333,87.52291666666667,5.648958333333333,1.7323958333333334,,,7.770833333333333,4.297916666666667,1.9636993,2.7161148,0.8568708,5.536684899999993,12.238377288360025,0,4.249495029449463
2019-09-18,26.964583333333334,51.15208333333334,33.54375,89.075,5.888541666666666,1.8536458333333328,,,8.84375,4.60625,0.40322918,1.9636993,2.7161148,5.083043279999993,12.641311380000026,0,4.020687580108643
2019-09-19,25.160416666666663,51.905,34.14270833333333,90.42291666666668,6.136458333333334,1.9409375,,,7.885416666666667,4.259375,0.0,0.40322918,1.9636993,2.366928479999993,12.024225980000026,0,4.454081535339356
2019-09-20,24.995833333333334,52.16854166666667,34.33229166666667,91.340625,6.202083333333333,1.8963541666666668,,,8.270833333333334,3.9583333333333335,0.0,0.0,0.40322918,0.4032291799999929,7.805876480000025,0,2.4904744625091557
2019-09-21,25.525,51.766041666666666,34.0375,87.61666666666667,5.903125,1.719375,,,7.354166666666667,4.39375,0.0,0.0,0.0,0.0,5.939914080000025,0,1.8194409608840945
2019-09-22,25.778125,50.650312500000005,33.197916666666664,82.76770833333333,5.572916666666667,1.5989583333333333,,,8.135416666666666,5.0843750000000005,0.0,0.0,0.0,0.0,5.083043280000025,0,2.7885334491729736
2019-09-23,26.00208333333333,50.1384375,32.82395833333333,79.86562500000001,5.367708333333333,1.61125,,,7.75,4.929166666666666,0.0,0.0,0.0,0.0,2.3669284800000248,0,2.210813045501709
2019-09-24,26.24791666666667,49.223958333333336,32.15208333333333,77.559375,5.221875,1.5941666666666665,,,8.458333333333334,5.613541666666666,0.0,0.0,0.0,0.0,0.4032291800000249,0,2.1349213123321533
2019-09-25,26.836458333333336,49.825520833333336,32.567708333333336,77.26666666666667,5.144791666666666,1.6693749999999998,,,8.302083333333334,5.152083333333334,0.0,0.0,0.0,0.0,0.0,0,2.525895118713379
2019-09-26,27.194791666666664,50.04958333333334,32.73020833333333,77.23958333333333,5.109375,1.62,,,9.833333333333334,5.201041666666667,0.0,0.0,0.0,0.0,0.0,0,1.5459588766098022
2019-09-27,27.46666666666667,50.384375,32.965625,76.59375,5.035416666666666,1.6546875,,,10.052083333333334,4.970833333333333,0.4957412,0.0,0.0,0.4957411999999929,0.49574120000002486,0,1.4269121885299685
2019-09-28,27.88958333333333,51.27614583333334,33.604166666666664,78.48541666666667,5.09375,1.720625,,,8.385416666666666,4.394791666666666,2.2097406,0.4957412,0.0,2.7054817999999927,2.7054818000000247,0,1.628260612487793
2019-09-29,28.0625,51.8940625,34.061458333333334,80.81458333333333,5.214583333333334,1.6935416666666667,,,8.666666666666666,4.616666666666666,0.059051942,2.2097406,0.4957412,2.7645337419999927,2.7645337420000247,0,2.004968881607056
2019-09-30,27.95208333333333,52.473125,34.49375,85.44895833333334,5.519791666666666,1.7798958333333337,,,7.645833333333333,3.867708333333333,0.5233919,0.059051942,2.2097406,2.792184441999993,3.2879256420000247,0,
2019-10-01,27.46666666666667,52.7275,34.688541666666666,86.39166666666667,5.621875,1.7955208333333337,,,7.28125,3.609375,0.18326779,0.5233919,0.059051942,0.7657116319999929,3.4711934320000246,0,2.370187997817993
2019-10-02,27.5625,52.5984375,34.594791666666666,84.859375,5.514583333333333,1.6914583333333333,,,8.375,3.73125,0.0,0.18326779,0.5233919,0.706659689999993,3.4711934320000246,0,1.080512523651123
2019-10-03,27.957291666666663,51.993541666666665,34.13229166666667,83.02291666666666,5.370833333333334,1.5817708333333331,,,8.5625,4.382291666666666,0.0,0.0,0.18326779,0.1832677899999929,3.4711934320000246,0,2.0265374183654785
2019-10-04,28.165625,51.5959375,33.8375,84.159375,5.4375,1.658958333333333,,,8.15625,5.180208333333334,0.0,0.0,0.0,0.0,2.9754522320000247,0,0.7758528590202332
2019-10-05,25.21666666666667,52.91739583333333,34.895833333333336,88.21458333333334,5.95,1.9807291666666669,,,7.635416666666667,4.4750000000000005,0.7412601,0.0,0.0,0.7412600999999929,1.5069717320000249,0,0.321073979139328
2019-10-06,24.253125,53.1059375,35.05625,84.60625,5.8031250000000005,1.9415625,,,7.177083333333333,4.11875,0.6554922,0.7412601,0.0,1.3967522999999928,2.103411990000025,0,4.763805389404297
2019-10-07,24.211458333333336,52.8253125,34.84375,83.65520833333333,5.74375,1.8189583333333332,,,7.40625,4.55,0.3637394,0.6554922,0.7412601,1.7604916999999929,1.9437594900000248,0,1.6203874349594116
2019-10-08,24.180208333333336,52.724895833333335,34.770833333333336,82.35312499999999,5.666666666666667,1.7988541666666666,,,7.802083333333333,4.790625,11.004385,0.3637394,0.6554922,12.023616599999992,12.764876700000023,0,
2019-10-09,23.297916666666666,53.28854166666667,35.209375,86.14999999999999,6.001041666666667,1.9273958333333332,,,7.03125,3.719791666666667,0.69530606,11.004385,0.3637394,12.063430459999992,13.460182760000023,0,
2019-10-10,22.605208333333334,53.583020833333336,35.43125,86.08749999999999,6.063541666666667,2.0058333333333334,,,6.375,3.35625,1.9954896,0.69530606,11.004385,13.695180659999991,15.455672360000023,0,1.479882836341858
2019-10-11,22.54895833333333,53.6703125,35.49166666666667,86.66979166666665,6.109375,2.075,,,5.90625,3.145833333333333,0.0,1.9954896,0.69530606,2.690795659999993,15.455672360000023,0,3.050323486328125
2019-10-12,23.09166666666667,53.7328125,35.53333333333333,85.996875,6.004166666666666,2.0776041666666667,,,5.427083333333333,3.204166666666667,0.38789585,0.0,1.9954896,2.383385449999993,15.102308110000024,0,1.9807441234588623
2019-10-13,23.860416666666666,53.7265625,35.518750000000004,83.715625,5.766666666666667,1.9861458333333333,,,5.96875,3.375,3.3841202,0.38789585,0.0,3.772016049999993,17.830936110000025,0,1.5628435611724854
2019-10-14,24.67083333333333,52.34520833333334,34.479166666666664,83.38541666666667,5.7,1.7929166666666667,,,7.802083333333333,3.5395833333333333,28.393782,3.3841202,0.38789585,32.16579804999999,45.860978710000026,1,2.752275228500366
2019-10-15,23.995833333333334,51.642500000000005,33.97604166666667,82.00104166666667,5.682291666666667,1.733125,,,7.479166666666667,3.945833333333333,1.6327409,28.393782,3.3841202,33.410643099999994,36.48933461000003,0,2.913567066192627
2019-10-16,23.475,51.28010416666667,33.71666666666667,81.91666666666667,5.742708333333333,1.604479166666667,,,8.916666666666666,3.8854166666666665,29.946814,1.6327409,28.393782,59.97333689999999,65.74084255000002,1,
2019-10-17,21.714583333333334,50.726979166666666,33.340625,88.68333333333334,6.421875,1.5482291666666663,,,9.395833333333334,3.9645833333333336,1.6401234,29.946814,1.6327409,33.21967829999999,65.38547635000002,0,1.978618025779724
2019-10-18,21.003125,51.4559375,33.884375,91.72395833333331,6.702083333333333,1.6079166666666669,,,6.625,3.4927083333333333,0.0,1.6401234,29.946814,31.586937399999993,65.38547635000002,0,1.4562859535217283
2019-10-19,20.445833333333333,51.588125,33.98020833333333,88.54270833333334,6.525,1.5728125000000002,,,6.364583333333333,3.8166666666666655,5.6225324,0.0,1.6401234,7.2626557999999966,70.62011290000002,0,3.5276434421539307
2019-10-20,21.394791666666663,48.15302083333333,31.447916666666668,89.32187499999999,6.577083333333333,1.5460416666666663,,,12.208333333333334,4.707291666666666,18.152025,5.6225324,0.0,23.774557399999996,85.38801770000002,1,3.8184430599212646
2019-10-21,21.35,48.6303125,31.80208333333333,88.11354166666666,6.46875,1.5672916666666667,,,9.372549019607844,4.354166666666667,0.00012524746,18.152025,5.6225324,23.774682647459997,56.99436094746002,0,3.23342514038086
2019-10-22,22.390625,50.665416666666665,33.28333333333333,87.77291666666667,6.282291666666667,1.7647916666666663,,,,4.08125,1.182842,0.00012524746,18.152025,19.334992247459994,56.54446204746002,0,1.029789924621582
2019-10-23,21.667708333333334,50.67541666666667,33.296875,86.88229166666667,6.294791666666666,1.6988541666666668,,,6.7105263157894735,4.040625,0.21454671,1.182842,0.00012524746,1.3975139574599964,26.81219475746002,0,1.7078434228897097
2019-10-24,21.241666666666667,51.80770833333333,34.13333333333333,88.00937499999999,6.3968750000000005,1.7984375,,,7.020833333333333,4.0375000000000005,0.0017630771,0.21454671,1.182842,1.3991517870999963,25.17383443456002,0,3.186018466949463
2019-10-25,21.8625,52.262708333333336,34.467708333333334,89.22083333333335,6.40625,1.7269791666666665,,,7.0,4.088541666666667,1.1065826,0.0017630771,0.21454671,1.3228923870999965,26.28041703456002,0,1.666858792304993
2019-10-26,22.47083333333333,52.54635416666667,34.6625,89.08749999999999,6.314583333333334,1.7275,,,7.114583333333333,3.820833333333333,0.48859647,1.1065826,0.0017630771,1.5969421470999965,21.14648110456002,0,1.3548651933670044
2019-10-27,23.503125,52.455000000000005,34.58020833333333,88.76666666666667,6.18125,1.6375,,,10.375,4.2,2.51571,0.48859647,1.1065826,4.110889069999996,5.510166104560021,0,1.7790132761001587
2019-10-28,23.42083333333333,52.40916666666666,34.55104166666667,87.22916666666667,6.088541666666667,1.6615624999999998,,,9.760416666666666,3.9322916666666665,0.19768617,2.51571,0.48859647,3.2019926399999963,5.707727027100021,0,1.9914538860321045
2019-10-29,22.81770833333333,52.76854166666666,34.828125,87.54895833333335,6.164583333333333,1.7491666666666663,,,7.572916666666667,3.939583333333333,1.1552014,0.19768617,2.51571,3.868597569999997,5.680086427100021,0,0.7522841691970825
2019-10-30,23.375,52.87020833333333,34.89375,89.33749999999999,6.2250000000000005,1.772708333333333,,,6.854166666666667,3.6833333333333336,5.1723127,1.1552014,0.19768617,6.525200269999997,10.63785241710002,0,0.3041917979717254
2019-10-31,23.95104166666667,52.591875,34.66770833333333,89.128125,6.158333333333334,1.6838541666666669,,,7.895833333333333,4.203125,3.707236,5.1723127,1.1552014,10.034750099999997,14.343325340000021,0,1.9135620594024656
2019-11-01,21.99375,51.91302083333333,34.202083333333334,93.19166666666666,6.689583333333334,1.6221875,,,10.427083333333334,4.441666666666666,5.178715,3.707236,5.1723127,14.058263699999998,18.415457740000022,0,4.0576348304748535
2019-11-02,19.566666666666663,52.33041666666667,34.52708333333333,91.70208333333332,6.85625,1.6772916666666668,,,6.135416666666667,3.65625,0.0,5.178715,3.707236,8.885950999999997,17.92686127000002,0,4.78125
2019-11-03,18.21770833333333,52.380833333333335,34.550000000000004,93.66458333333333,7.179166666666667,1.688229166666667,,,5.15625,3.3197916666666667,0.043550193,0.0,5.178715,5.222265192999997,15.454701463000022,0,1.4411273002624512
2019-11-04,17.884375000000002,52.653333333333336,34.75416666666667,95.71666666666664,7.372916666666666,1.7936458333333334,,,3.8958333333333335,3.3375,0.00953722,0.043550193,0.0,0.05308741299999645,15.266552513000022,0,3.6334848403930655
2019-11-05,19.165625,51.91395833333333,34.223958333333336,91.56875,6.917708333333334,1.7567708333333334,,,3.8854166666666665,3.815625,5.5125246,0.00953722,0.043550193,5.565612012999996,19.62387571300002,0,
2019-11-06,19.495833333333334,51.5975,33.987500000000004,90.33020833333336,6.778125,1.8422916666666664,,,4.510416666666667,3.845833333333333,2.1407707,5.5125246,0.00953722,7.662832519999997,16.592333713000023,0,1.9127622842788696
2019-11-07,19.363541666666663,52.340625,34.536458333333336,90.68125,6.807291666666667,1.8645833333333333,,,4.0,3.4791666666666665,0.026084388,2.1407707,5.5125246,7.6793796879999965,12.911182101000021,0,2.532761335372925
2019-11-08,18.558333333333334,51.5734375,33.96875,89.30416666666667,6.832291666666666,1.859375,,,5.5,3.484375,14.351235,0.026084388,2.1407707,16.518090087999997,22.08370210100002,0,60.38399887084961
2019-11-09,15.905208333333334,52.57125,34.675000000000004,92.75833333333333,7.4375,1.987291666666667,,,4.0,2.9406250000000003,5.6002154,14.351235,0.026084388,19.977534787999996,27.68391750100002,0,3.526289939880371
2019-11-10,15.567708333333334,52.39541666666667,34.534375000000004,92.059375,7.432291666666667,1.8122916666666664,,,3.8125,2.497916666666667,0.0,5.6002154,14.351235,19.9514504,27.64036730800002,0,2.2992501258850098
2019-11-11,16.207291666666666,52.13208333333333,34.35729166666667,92.80625,7.403125,1.7391666666666667,,,5.46875,2.6479166666666667,0.1036777,0.0,5.6002154,5.703893099999997,27.73450778800002,0,0.7461794018745422
2019-11-12,17.102083333333333,52.02104166666667,34.28854166666667,92.67708333333331,7.267708333333334,1.6996874999999998,,7.910869565217392,5.791666666666667,5.453125,4.820668,0.1036777,0.0,4.924345699999997,27.042651188000022,0,
2019-11-13,14.570833333333333,52.735729166666665,34.7625,95.80104166666666,7.882291666666667,1.9710416666666664,,7.964583333333334,4.729166666666667,6.427083333333333,5.0582776,4.820668,0.1036777,9.982623299999997,29.96015808800002,0,3.929633378982544
2019-11-14,13.546875,53.27281249999999,35.11770833333333,95.94479166666667,8.038541666666667,1.979375,,7.978124999999999,3.7291666666666665,5.526041666666667,2.175975,5.0582776,4.820668,12.054920599999997,32.11004870000002,0,0.2474091500043869
2019-11-15,14.034375,52.5125,34.577083333333334,93.19375,7.758333333333333,1.862083333333333,,7.947916666666667,3.7395833333333335,5.733333333333333,18.678307,2.175975,5.0582776,25.912559599999998,36.43712070000002,1,
2019-11-16,13.55,52.36864583333334,34.454166666666666,94.24166666666667,7.926041666666666,1.97,,7.954166666666667,6.489583333333333,6.311458333333333,7.46039,18.678307,2.175975,28.314671999999998,38.29729530000002,0,
2019-11-17,13.044791666666669,52.415625,34.471875000000004,97.334375,8.265625,2.0405208333333333,,7.983333333333333,10.0,2.353125,8.214537,7.46039,18.678307,34.353234,46.51183230000002,0,
2019-11-18,13.088541666666666,52.4190625,34.478125,94.378125,8.011458333333334,1.9922916666666663,,7.95,6.833333333333333,1.6270833333333332,0.20891745,8.214537,7.46039,15.883844449999996,46.617072050000026,0,
2019-11-19,13.194791666666667,52.32916666666667,34.407291666666666,93.00625,7.879166666666666,1.8726041666666668,,7.936458333333333,5.0,1.25,1.1969289,0.20891745,8.214537,9.620383349999997,42.99333295000002,0,
2019-11-20,13.308333333333332,52.24604166666666,34.362500000000004,94.11458333333331,7.955208333333334,1.7563541666666664,,7.939583333333334,3.8645833333333335,1.078125,0.12686779,1.1969289,0.20891745,1.5327141399999964,38.061923140000026,0,2.481281518936157
2019-11-21,13.414583333333333,52.5065625,34.55520833333333,94.18229166666669,7.9375,1.806145833333333,,7.957291666666666,3.7083333333333335,1.0510416666666669,0.001018859,0.12686779,1.1969289,1.3248155489999964,35.88696699900002,0,1.5762598514556885
2019-11-22,13.895833333333334,52.33604166666667,34.44583333333333,93.51979166666666,7.809375,1.663125,,7.948958333333334,3.6979166666666665,1.325,0.3715006,0.001018859,0.12686779,0.4993872489999965,17.58016059900002,0,0.4434007406234741
2019-11-23,14.766666666666666,52.10666666666666,34.30520833333333,92.74375,7.617708333333333,1.6482291666666666,,7.946874999999999,3.9270833333333335,1.7041666666666666,3.5172641,0.3715006,0.001018859,3.889783558999996,13.637034699000022,0,1.810227870941162
2019-11-24,15.054166666666667,51.04739583333333,33.53854166666667,94.01041666666669,7.707291666666666,1.4182291666666669,,7.932291666666667,5.854166666666667,1.9083333333333328,9.862829,3.5172641,0.3715006,13.751593699999995,15.28532669900002,0,4.6013288497924805
2019-11-25,14.714583333333332,51.46197916666667,33.829166666666666,93.65104166666669,7.716666666666666,1.5484375,,7.961458333333333,5.291666666666667,1.8541666666666667,0.0,9.862829,3.5172641,13.380093099999996,15.07640924900002,0,1.924329161643982
2019-11-26,15.10625,51.52739583333334,33.88333333333333,94.68125,7.735416666666667,1.5338541666666667,,7.967708333333333,4.239583333333333,1.6427083333333332,0.0061351485,0.0,9.862829,9.868964148499996,13.88561549750002,0,1.846928954124451
2019-11-27,15.914583333333333,51.16510416666667,33.6375,94.925,7.636458333333334,1.4418749999999998,,7.969791666666667,4.958333333333333,1.7739583333333335,2.8107152,0.0061351485,0.0,2.8168503484999965,16.56946290750002,0,0.4239853024482727
2019-11-28,15.651041666666666,50.34885416666666,33.04270833333333,95.12604166666668,7.736458333333334,1.3236458333333332,,7.971875,6.197916666666667,2.071875,0.5945774,2.8107152,0.0061351485,3.4114277484999964,17.163021448500018,0,1.7649859189987185
2019-11-29,14.080208333333331,51.55864583333334,33.878125000000004,96.81458333333336,8.076041666666667,1.5959375,,8.015625,3.9583333333333335,1.8125,0.0,0.5945774,2.8107152,3.4052925999999966,16.79152084850002,0,4.860881328582764
2019-11-30,14.084375,51.82114583333333,34.07083333333333,95.60416666666669,7.969791666666667,1.5961458333333332,,8.008333333333333,3.1354166666666665,1.9645833333333331,0.048317183,0.0,0.5945774,0.6428945829999965,13.322573931500019,0,
2019-12-01,14.842708333333334,51.185,33.635416666666664,93.134375,7.673958333333334,1.5753125,,7.983333333333333,3.625,2.2125,8.663395,0.048317183,0.0,8.711712182999996,12.12313993150002,0,
2019-12-02,13.709375,48.33135416666667,31.51770833333333,92.66354166666667,7.910416666666666,1.3626041666666666,,7.95,4.770833333333333,1.865625,0.3217706,8.663395,0.048317183,9.033482782999997,12.444910531500021,0,2.586749792098999
2019-12-03,12.120833333333332,49.39572916666666,32.223958333333336,94.69583333333333,8.317708333333334,1.5545833333333334,,7.992708333333333,3.364583333333333,1.5020833333333332,0.0024533218,0.3217706,8.663395,8.987618921799996,12.44122870480002,0,2.963806390762329
2019-12-04,11.975,49.03385416666666,31.957291666666663,96.18333333333334,8.485416666666667,1.6052083333333331,,8.020833333333334,2.395833333333333,1.4385416666666666,1.260122,0.0024533218,0.3217706,1.5843459217999964,10.890635504800022,0,2.5196988582611084
2019-12-05,11.308333333333332,47.64364583333333,30.926041666666663,96.23020833333334,8.666666666666666,1.5694791666666663,,8.011458333333334,2.46875,1.3697916666666667,0.0,1.260122,0.0024533218,1.2625753217999964,10.296058104800021,0,1.5706361532211304
2019-12-06,11.713541666666666,47.71895833333334,30.99791666666667,95.37395833333332,8.518749999999999,1.63125,,8.011458333333334,2.208333333333333,1.3770833333333332,0.073128656,0.0,1.260122,1.3332506559999964,10.369186760800021,0,0.6296396851539612
2019-12-07,12.446875,48.055416666666666,31.27083333333333,96.228125,8.445833333333333,1.6461458333333334,,8.014583333333333,2.40625,1.4895833333333333,2.3295643,0.073128656,0.0,2.4026929559999965,12.65043387780002,0,4.606151103973389
2019-12-08,11.580208333333331,50.17989583333334,32.77395833333333,95.18541666666664,8.429166666666667,1.7575,,8.020833333333334,2.4375,1.8833333333333333,0.0,2.3295643,0.073128656,2.402692955999996,3.987038877800021,0,2.7462868690490723
2019-12-09,12.054166666666667,48.80104166666666,31.796875,94.92916666666667,8.377083333333333,1.5621875,,7.985416666666667,2.677083333333333,1.4770833333333335,4.837819,0.0,2.3295643,7.167383299999996,8.50308727780002,0,
2019-12-10,14.633333333333333,47.8721875,31.20520833333333,97.55416666666667,8.174999999999999,1.495,,7.975,3.9791666666666665,1.565625,1.5575918,4.837819,0.0,6.395410799999996,10.05822575600002,0,2.0456175804138184
2019-12-11,14.605208333333332,47.9440625,31.260416666666668,95.68958333333336,8.030208333333333,1.4990625,,8.008333333333333,7.3125,3.4416666666666664,1.290956,1.5575918,4.837819,7.686366799999995,10.08905975600002,0,
2019-12-12,11.941666666666668,51.1734375,33.51354166666667,97.13020833333331,8.485416666666667,1.7369791666666667,,8.139583333333333,5.6875,3.0656250000000003,0.352852,1.290956,1.5575918,3.2013997999999955,10.441911756000021,0,
2019-12-13,11.672916666666666,52.11666666666667,34.192708333333336,97.18229166666669,8.50625,1.6290625,,8.155208333333333,4.333333333333333,2.844791666666667,11.74022,0.352852,1.290956,13.384027999999997,22.109003100000024,0,
2019-12-14,13.077083333333334,50.60916666666666,33.15416666666667,97.375,8.325,1.3922916666666667,,8.126041666666666,4.229166666666667,2.042708333333333,19.815752,11.74022,0.352852,31.908823999999996,39.59519080000002,1,2.9072959423065186
2019-12-15,12.788541666666667,49.79541666666666,32.547916666666666,99.83854166666669,8.611458333333333,1.4161458333333332,,8.139583333333333,5.322916666666667,2.316666666666667,0.0,19.815752,11.74022,31.555971999999997,39.59519080000002,0,1.913368582725525
2019-12-16,13.298958333333331,49.79197916666666,32.563541666666666,101.92083333333332,8.696875,1.4158333333333333,,8.164583333333333,4.104166666666667,2.0229166666666667,0.0,0.0,19.815752,19.815751999999996,34.75737180000002,0,2.0802669525146484
2019-12-17,14.640625,49.1,32.098958333333336,100.228125,8.363541666666666,1.3251041666666663,,8.143749999999999,3.90625,2.3604166666666666,3.0589335,0.0,0.0,3.0589335,36.25871350000002,0,0.4726325571537018
2019-12-18,13.364583333333334,49.25510416666666,32.177083333333336,97.10625,8.314583333333333,1.4747916666666667,,8.141666666666666,4.75,2.75625,6.802635,3.0589335,0.0,9.8615685,41.770392500000014,0,1.8792732954025269
2019-12-19,10.936458333333334,51.313229166666666,33.55625,96.875,8.648958333333333,1.6176041666666665,,8.176041666666666,3.40625,2.5656250000000003,0.0,6.802635,3.0589335,9.8615685,41.417540500000015,0,6.360652923583984
2019-12-20,10.001041666666667,51.42885416666667,33.578125,97.03229166666668,8.84375,1.5588541666666669,,8.183333333333332,2.851063829787234,2.559375,0.0,0.0,6.802635,6.802635,29.677320500000018,0,2.4504287242889404
2019-12-21,9.883333333333333,51.380833333333335,33.5375,96.87083333333334,8.854166666666666,1.5677083333333333,,8.178125,3.0625,2.41875,3.2236333,0.0,0.0,3.2236333,13.085201800000021,0,
2019-12-22,10.032291666666667,51.97145833333334,33.979166666666664,96.64166666666668,8.780208333333333,1.608645833333333,,8.188541666666666,2.7916666666666665,2.6041666666666665,3.6361337,3.2236333,0.0,6.859767,16.721335500000023,0,
2019-12-23,11.159375,51.746875,33.88854166666667,95.60208333333333,8.487499999999999,1.6819791666666666,,8.145833333333334,4.072916666666667,3.052083333333333,42.504745,3.6361337,3.2236333,49.364512,59.22608050000002,1,
2019-12-24,12.484375,51.6340625,33.86875,98.75729166666667,8.515625,1.713645833333333,,8.129166666666666,6.1875,3.0552083333333333,4.8481145,42.504745,3.6361337,50.988993199999996,61.01526150000002,0,3.811621904373169
2019-12-25,12.23125,51.81364583333333,33.99270833333333,98.77395833333333,8.553125,1.7084374999999998,,8.127083333333333,5.104166666666667,2.7427083333333333,0.0055683856,4.8481145,42.504745,47.3584278856,54.21819488560003,0,3.7522010803222656
2019-12-26,13.104166666666666,51.5515625,33.83958333333333,100.01979166666666,8.504166666666666,1.630104166666667,,8.128124999999999,4.5625,2.392708333333333,0.0,0.0055683856,4.8481145,4.8536828856000005,54.21819488560003,0,0.9684197902679444
2019-12-27,13.6,51.14270833333333,33.55625,99.890625,8.432291666666666,1.6216666666666668,,8.122916666666667,3.625,2.1479166666666667,0.0612254,0.0,0.0055683856,0.0667937856,54.279420285600025,0,0.5561872124671936
2019-12-28,14.140625,50.6465625,33.21145833333333,99.84479166666668,8.351041666666667,1.6254166666666665,,8.126041666666666,2.9479166666666665,2.0343750000000003,0.1692028,0.0612254,0.0,0.23042819999999997,51.22498978560002,0,0.1414521932601928
2019-12-29,14.880208333333334,50.01541666666666,32.780208333333334,98.76666666666668,8.168750000000001,1.5859375,,8.10625,2.84375,2.203125,0.5051556,0.1692028,0.0612254,0.7355838,48.09401168560002,0,0.2424003183841705
2019-12-30,16.492708333333333,46.17739583333333,30.022916666666664,95.46458333333334,7.778125,1.4310416666666663,,8.078125,4.572916666666667,2.955208333333333,3.0385654,0.5051556,0.1692028,3.7129238,8.627832085600023,0,
2019-12-31,14.626041666666666,43.3596875,27.96770833333333,96.37916666666666,8.241666666666667,1.3734375,,8.125,4.052083333333333,2.9260416666666664,0.1453685,3.0385654,0.5051556,3.6890895,3.9250860856000216,0,2.002061128616333
2020-01-01,12.847916666666668,43.96666666666667,28.35625,99.78333333333336,8.834375,1.499270833333333,,8.171875,2.739583333333333,2.5947916666666666,0.0031852655,0.1453685,3.0385654,3.1871191655,3.9227029655000214,0,1.520729422569275
2020-01-02,12.464583333333332,43.8753125,28.276041666666668,100.275,8.966666666666667,1.5703125,,8.188541666666666,1.84375,2.497916666666667,0.0,0.0031852655,0.1453685,0.14855376550000002,3.9227029655000214,0,3.450047492980957
2020-01-03,14.923958333333331,40.10135416666667,25.65416666666667,98.08333333333331,8.476041666666667,1.4910416666666666,,8.166666666666666,3.1979166666666665,2.990526315789474,0.11555617,0.0,0.0031852655,0.1187414355,3.977033735500022,0,1.966268539428711
2020-01-04,17.558333333333334,36.548229166666665,23.16875,90.634375,7.538541666666667,1.3305208333333334,,8.052083333333334,6.072916666666667,3.782291666666667,1.9195896,0.11555617,0.0,2.0351457699999997,5.727420535500022,0,
2020-01-05,13.321875,38.82541666666666,24.722916666666663,91.0375,8.170833333333333,1.2895833333333333,,8.1,5.104166666666667,4.165625,0.0,1.9195896,0.11555617,2.0351457699999997,5.2222649355000215,0,2.651785135269165
2020-01-06,12.555208333333333,44.57208333333333,28.78125,95.04895833333336,8.456249999999999,1.4994791666666665,,8.178125,3.3125,3.967708333333333,0.0,0.0,1.9195896,1.9195896,2.183699535500022,0,1.3077914714813232
2020-01-07,12.832291666666668,43.40895833333334,27.977083333333336,96.06770833333331,8.527083333333334,1.3966666666666667,,8.185416666666667,3.0416666666666665,3.208333333333333,0.022061441,0.0,0.0,0.022061441,2.060392476500022,0,2.3882408142089844
2020-01-08,12.594791666666666,44.470416666666665,28.715625,97.409375,8.651041666666666,1.4642708333333332,,8.205208333333333,3.40625,4.004166666666666,0.0,0.022061441,0.0,0.022061441,2.057207211000022,0,1.0439821481704712
2020-01-09,12.4375,47.3784375,30.796875,98.69166666666666,8.666666666666666,1.625,,8.232291666666667,3.9375,6.010416666666667,0.0,0.0,0.022061441,0.022061441,2.057207211000022,0,1.8909817934036253
2020-01-10,13.009375,50.13218749999999,32.795833333333334,100.14375,8.594791666666667,1.6235416666666669,,8.217708333333333,3.458333333333333,4.453125,0.095372215,0.0,0.0,0.095372215,2.0370232560000217,0,0.1867997348308563
2020-01-11,14.485416666666666,49.44104166666667,32.346875000000004,99.68020833333333,8.31875,1.4797916666666666,,8.189583333333333,4.114583333333333,3.61875,0.43379906,0.095372215,0.0,0.529171275,0.5512327160000218,0,1.0563125610351562
2020-01-12,16.326041666666665,47.34354166666666,30.859375,99.3625,8.071875,1.3729166666666668,,8.140625,7.416666666666667,4.622916666666667,12.084308,0.43379906,0.095372215,12.613479275,12.635540716000023,0,
2020-01-13,16.744791666666668,47.014270833333335,30.62708333333333,93.27916666666664,7.521875,1.3864583333333331,,8.111458333333333,6.21875,4.076041666666667,19.016901,12.084308,0.43379906,31.535008060000003,31.652441716000023,1,
2020-01-14,16.946875000000002,47.415,30.916666666666668,95.72083333333336,7.677083333333333,1.3786458333333331,,8.132291666666665,5.614583333333333,5.403157894736841,8.538402,19.016901,12.084308,39.639610999999995,40.16878227500002,0,1.0859408378601074
2020-01-15,16.414736842105263,48.2778947368421,31.54315789473684,92.87578947368422,7.501052631578948,1.5037894736842103,,8.103157894736842,4.336842105263158,4.536666666666667,13.6837225,8.538402,19.016901,41.2390255,53.85250477500002,0,1.689932942390442
2020-01-16,16.177083333333332,48.43739583333333,31.65520833333333,94.08854166666669,7.636458333333334,1.5146875,,8.060416666666667,3.7083333333333335,4.174468085106383,6.5620794,13.6837225,8.538402,28.7842039,60.41458417500002,0,0.6861664652824402
2020-01-17,13.033333333333331,49.90270833333333,32.63229166666667,95.9625,8.245833333333334,1.6788541666666663,,8.115625,3.0,1.3260416666666666,0.38573653,6.5620794,13.6837225,20.631538430000003,60.70494849000002,0,2.504512071609497
2020-01-18,11.872916666666669,51.076770833333335,33.43958333333333,97.33854166666669,8.526041666666666,1.6915625,,8.13125,2.4791666666666665,1.34375,1.1416619,0.38573653,6.5620794,8.08947783,61.412811330000025,0,
2020-01-19,13.21875,45.83510416666667,29.70625,95.95104166666664,8.363541666666666,1.372083333333333,,8.051041666666666,4.479166666666667,1.9489583333333331,8.327617,1.1416619,0.38573653,9.85501543,57.65612033000002,0,
2020-01-20,10.777083333333332,48.95010416666667,31.836458333333336,95.73854166666666,8.682291666666666,1.6554166666666663,,8.096874999999999,4.40625,6.325263157894737,0.49062732,8.327617,1.1416619,9.959906219999999,39.12984665000002,0,
2020-01-21,9.230208333333334,51.70697916666666,33.72291666666667,97.03958333333333,8.992708333333333,1.7983333333333331,,8.141666666666666,3.65625,2.3354166666666667,0.06616314,0.49062732,8.327617,8.88440746,30.65760779000002,0,4.768283367156982
2020-01-22,8.714583333333334,53.000729166666666,34.615625,98.98645833333336,9.21875,1.9353125,,8.15,4.416666666666667,2.7687500000000003,0.34915218,0.06616314,0.49062732,0.9059426399999999,17.32303747000002,0,3.2221899032592773
2020-01-23,9.197916666666666,53.20729166666666,34.809375,100.52708333333334,9.241666666666664,1.7930208333333333,,8.119791666666666,3.1041666666666665,1.8177083333333333,1.8538884,0.34915218,0.06616314,2.26920372,12.614846470000021,0,0.1589453071355819
2020-01-24,10.644791666666666,52.71572916666667,34.56041666666667,100.60104166666667,8.983333333333333,1.6501041666666667,,8.107291666666667,3.052083333333333,1.7739583333333335,0.2435329,1.8538884,0.34915218,2.44657348,12.47264284000002,0,0.2089199721813202
2020-01-25,12.764583333333334,50.09125,32.75729166666667,102.12604166666668,8.807291666666666,1.4086458333333332,,8.086458333333333,4.104166666666667,1.8395833333333331,9.925536,0.2435329,1.8538884,12.0229573,21.25651694000002,0,2.06215238571167
2020-01-26,12.225,49.48500000000001,32.303125,98.94895833333334,8.652083333333334,1.4136458333333335,,8.077083333333333,3.8958333333333335,2.38125,0.007257888,9.925536,0.2435329,10.176326787999999,12.93615782800002,0,2.209263324737549
2020-01-27,12.084375,49.46395833333333,32.28333333333333,99.38541666666669,8.716666666666667,1.4430208333333334,,8.095833333333333,2.875,2.325,1.622564,0.007257888,9.925536,11.555357888,14.068094508000021,0,3.659928321838379
2020-01-28,11.920833333333334,49.203125,32.084375,100.73854166666666,8.882291666666667,1.4845833333333334,,8.1,2.21875,2.3000000000000003,0.013585179,1.622564,0.007257888,1.6434070669999998,14.01551654700002,0,2.1288046836853027
2020-01-29,11.65,48.80602272727273,31.777272727272727,102.1625,9.070454545454544,1.4768181818181818,,8.112499999999999,1.7840909090909092,1.6045454545454545,0.00088857353,0.013585179,1.622564,1.63703775253,13.667252940530021,0,1.6712985038757324
2020-01-30,11.155208333333334,50.3103125,32.84583333333333,101.41979166666664,9.053125,1.65625,,8.119791666666666,1.7473684210526317,2.254166666666667,0.8007271,0.00088857353,0.013585179,0.8152008525300001,12.61409164053002,0,7.856363773345947
2020-01-31,10.114583333333334,50.6071875,32.99583333333333,99.39166666666668,9.069791666666667,1.6449999999999998,,8.126041666666666,1.5625,3.717708333333333,3.5497718,0.8007271,0.00088857353,4.35138747353,15.92033054053002,0,
2020-02-01,10.286458333333334,50.45916666666667,32.89791666666667,97.87916666666666,8.907291666666667,1.6382291666666668,,8.097916666666666,1.78125,1.7333333333333334,7.5821285,3.5497718,0.8007271,11.9326274,13.576923040530021,0,
2020-02-02,10.2375,48.33114583333333,31.355208333333334,97.528125,8.963541666666666,1.47,,8.105208333333332,2.083333333333333,1.4552083333333332,1.3957825,7.5821285,3.5497718,12.5276828,14.96544765253002,0,1.4468570947647097
2020-02-03,10.980208333333332,42.648854166666666,27.336458333333336,98.97708333333333,9.18125,1.4271874999999998,,8.104166666666666,2.4375,1.865625,0.091485664,1.3957825,7.5821285,9.069396664,13.43436931653002,0,0.8461416363716125
2020-02-04,12.5,39.953125,25.501041666666666,96.86041666666668,8.803125,1.4207291666666666,,8.065624999999999,3.8541666666666665,3.580232558139535,0.43470702,0.091485664,1.3957825,1.921975184,13.855491157530022,0,1.977657675743103
2020-02-05,13.827083333333334,39.113958333333336,24.944791666666664,95.865625,8.501041666666667,1.3986458333333334,,8.045833333333333,3.842105263157895,4.858510638297872,1.2293172,0.43470702,0.091485664,1.755509884,15.08391978400002,0,
2020-02-06,14.679166666666667,42.48010416666667,27.355208333333334,93.39166666666668,8.023958333333335,1.468020833333333,,8.022916666666667,4.020833333333333,3.5875,22.917488,1.2293172,0.43470702,24.58151222,37.20068068400002,1,
2020-02-07,14.458333333333334,40.156875,25.676041666666663,92.25520833333331,8.040625,1.202395833333333,,7.991666666666667,14.40625,4.781914893617022,25.29563,22.917488,1.2293172,49.4424352,58.94653888400002,1,3.307453155517578
2020-02-08,11.891666666666666,44.9153125,29.001041666666666,93.62083333333334,8.398958333333333,1.479270833333333,,8.06875,10.78125,4.653125,0.005456179,25.29563,22.917488,48.218574179,51.36986656300002,0,0.9124727845191956
2020-02-09,12.452083333333334,46.12166666666667,29.884375,98.6625,8.686458333333333,1.53625,,8.098958333333334,5.645833333333333,3.154166666666667,0.0,0.005456179,25.29563,25.301086179,49.97408406300002,0,1.8083956241607664
2020-02-10,13.160416666666668,47.2471875,30.713541666666668,100.09791666666666,8.638541666666667,1.5004166666666665,,8.116666666666665,4.354166666666667,2.4854166666666666,0.33667955,0.0,0.005456179,0.342135729,50.21927794900002,0,1.1781822443008425
2020-02-11,14.94375,46.57864583333333,30.28333333333333,98.275,8.228125,1.4432291666666668,,8.105208333333334,5.583333333333333,3.853125,5.046988,0.33667955,0.0,5.38366755,54.83155892900002,0,1.0072699785232544
2020-02-12,15.217894736842103,45.41294736842105,29.46315789473684,95.6421052631579,8.014736842105263,1.4684210526315788,,8.017894736842104,6.168421052631579,4.4126315789473685,0.56619054,5.046988,0.33667955,5.94985809,54.16843226900002,0,
2020-02-13,16.491666666666667,44.813854166666665,29.038541666666664,92.30520833333333,7.572916666666667,1.375,,7.962499999999999,9.427083333333334,5.476041666666667,0.4558764,0.56619054,5.046988,6.06905494,31.70682066900002,0,0.981650173664093
2020-02-14,14.80625,44.477916666666665,28.773958333333336,97.6875,8.289583333333333,1.51375,,7.976041666666667,6.96875,6.1000000000000005,4.3804955,0.4558764,0.56619054,5.4025624400000005,10.791686169000021,0,6.59279203414917
2020-02-15,12.160416666666668,46.75302083333333,30.323958333333334,100.63541666666669,8.93125,1.6816666666666666,,8.0375,3.9270833333333335,4.651041666666667,0.0,4.3804955,0.4558764,4.8363719000000005,10.786229990000022,0,3.145692825317383
2020-02-16,11.980208333333332,46.25479166666667,29.965625,97.225,8.68125,1.5791666666666666,,8.018749999999999,2.8125,3.965625,6.488895,0.0,4.3804955,10.869390500000002,17.275124990000023,0,
2020-02-17,12.807291666666666,45.13875,29.18958333333333,98.08854166666669,8.652083333333334,1.6115625,,8.012500000000001,2.614583333333333,3.8635416666666655,12.3959465,6.488895,0.0,18.8848415,29.334391940000025,0,3.073729515075684
2020-02-18,13.411458333333334,44.334270833333335,28.63125,96.4,8.433333333333334,1.6280208333333333,,7.984375,2.59375,4.058333333333334,1.7609788,12.3959465,6.488895,20.6458203,26.048382740000026,0,
2020-02-19,13.575,44.017604166666665,28.417708333333334,93.1125,8.121875000000001,1.680625,,7.944791666666667,2.9166666666666665,4.491578947368421,5.5126567,1.7609788,12.3959465,19.669582000000002,30.994848900000026,0,
2020-02-20,11.421875,47.443125,30.788541666666664,94.29791666666668,8.483333333333333,1.868645833333333,,7.960416666666667,4.03125,6.404210526315789,12.826703,5.5126567,1.7609788,20.100338500000003,43.36567550000002,0,
2020-02-21,9.255208333333334,49.42614583333333,32.078125,99.11041666666668,9.279166666666669,1.9094791666666664,,8.0,5.96875,4.0531250000000005,6.8618045,12.826703,5.5126567,25.2011642,45.84698450000002,0,
2020-02-22,8.772916666666667,49.77739583333334,32.28541666666667,102.81875,9.697916666666666,1.760520833333333,,8.021875,4.5,3.1510416666666665,0.0,6.8618045,12.826703,19.6885075,45.84698450000002,0,2.3692312240600586
2020-02-23,10.286458333333334,48.34197916666667,31.355208333333334,105.40625,9.65,1.5822916666666669,,8.035416666666666,3.375,2.857291666666667,0.0,0.0,6.8618045,6.861804500000003,39.35808950000002,0,1.1347652673721311
2020-02-24,11.119791666666666,46.3740625,30.01354166666667,98.671875,8.971874999999999,1.5551041666666665,,8.016666666666667,3.15625,3.2843750000000003,1.8622919,0.0,0.0,1.8622919000000036,28.82443490000002,0,
2020-02-25,12.388541666666669,44.4846875,28.714583333333334,98.40208333333334,8.765625,1.5164583333333337,,8.011458333333334,3.53125,4.545833333333333,15.431616,1.8622919,0.0,17.293907900000004,42.49507210000002,0,1.5738521814346311
2020-02-26,13.782291666666666,41.80052083333333,26.84270833333333,97.63333333333333,8.554166666666667,1.5269791666666668,,7.985416666666667,3.9583333333333335,3.8177083333333335,8.864283,15.431616,1.8622919,26.158190900000005,45.84669840000002,0,0.2427380234003067
2020-02-27,13.50625,40.62166666666666,26.00208333333333,101.53541666666666,8.988541666666666,1.4621875,,8.023958333333333,5.333333333333333,4.927083333333333,8.17579,8.864283,15.431616,32.471689000000005,41.19578540000003,0,2.118557929992676
2020-02-28,12.44375,41.570729166666666,26.640625,102.24270833333333,9.202083333333333,1.508125,,8.083333333333334,4.010416666666667,6.613186813186813,0.0,8.17579,8.864283,17.040073000000003,34.33398090000002,0,1.1381689310073853
2020-02-29,11.684375,37.08541666666667,23.465625,101.04479166666664,9.442708333333334,1.3505208333333334,,8.113541666666666,6.239583333333333,5.787234042553192,0.056243446,0.0,8.17579,8.232033446000003,34.39022434600002,0,1.239848017692566
2020-03-01,11.2625,39.1390625,24.883333333333336,104.609375,9.764583333333333,1.5066666666666666,,8.145833333333334,3.21875,5.17741935483871,0.0,0.056243446,0.0,0.056243446000003555,34.39022434600002,0,2.4759249687194824
2020-03-02,12.58125,38.17458333333334,24.25208333333333,105.253125,9.592708333333333,1.476875,,8.153125000000001,2.958333333333333,11.795652173913044,0.117895715,0.0,0.056243446,0.17413916100000354,32.645828161000026,0,3.124940633773804
2020-03-03,14.927083333333334,32.408125,20.307291666666668,94.34791666666666,8.421875,1.3317708333333331,,8.041666666666666,4.229166666666667,10.589583333333334,9.493151,0.117895715,0.0,9.611046715000002,26.707363161000018,0,
2020-03-04,14.919791666666669,34.00791666666667,21.409375,88.47916666666667,7.836458333333333,1.4109375,,7.959375,6.293478260869565,14.450617283950615,5.7888327,9.493151,0.117895715,15.399879415000003,23.631912861000018,0,0.1322925835847854
2020-03-05,13.723958333333334,37.99895833333333,24.16875,87.671875,7.830208333333334,1.4871875,,7.958333333333333,5.083333333333333,10.085714285714284,12.540192,5.7888327,9.493151,27.822175700000003,27.99631486100002,0,
2020-03-06,12.910416666666668,40.72635416666667,26.072916666666668,99.03645833333331,8.863541666666666,1.3892708333333337,,8.0625,4.552083333333333,4.613684210526316,0.6142649,12.540192,5.7888327,18.943289600000004,28.610579761000018,0,1.598652958869934
2020-03-07,11.76875,44.02239583333333,28.371875,97.83958333333334,8.852083333333333,1.499270833333333,,8.088541666666666,6.0,8.917894736842106,0.06734622,0.6142649,12.540192,13.221803120000002,28.62168253500002,0,2.640305280685425
2020-03-08,12.497916666666669,48.607708333333335,31.66979166666667,103.6,9.020833333333334,1.7790625,,8.128124999999999,5.020833333333333,8.936842105263159,0.0,0.06734622,0.6142649,0.6816111200000036,28.62168253500002,0,1.644457459449768
2020-03-09,13.535416666666668,48.970729166666665,31.96875,104.340625,8.875,1.7219791666666666,,8.120833333333334,4.197916666666667,4.380851063829788,0.009399077,0.0,0.06734622,0.07674529700000356,28.51318589700002,0,2.549345731735229
2020-03-10,14.336458333333333,49.1015625,32.094791666666666,97.934375,8.209375,1.5265625,,8.090625,4.239583333333333,8.32842105263158,3.6347291,0.009399077,0.0,3.6441281770000034,22.654763997000025,0,
2020-03-11,15.513541666666669,48.69197916666667,31.81145833333333,98.04895833333336,8.017708333333333,1.431875,,8.071875,7.677083333333333,11.64516129032258,1.869427,3.6347291,0.009399077,5.513555177000003,18.735358297000023,0,0.8697317838668823
2020-03-12,16.148958333333333,48.991875,32.045833333333334,98.7375,7.966666666666666,1.4795833333333333,,8.092708333333333,6.385416666666667,17.027272727272727,7.0000076,1.869427,3.6347291,12.504163700000003,13.195173897000021,0,1.9706205129623413
2020-03-13,17.114583333333332,48.35958333333334,31.590625,100.93854166666668,8.012500000000001,1.4585416666666668,,8.101041666666667,6.96875,8.176041666666666,13.0212755,7.0000076,1.869427,21.890710100000003,25.60218449700002,0,1.0170937776565552
2020-03-14,16.452083333333334,48.87145833333333,31.969791666666666,99.109375,7.959375,1.555416666666667,,8.085416666666665,4.872340425531915,4.430526315789473,2.0087514,13.0212755,7.0000076,22.030034500000006,27.54358967700002,0,2.506488800048828
2020-03-15,14.917708333333332,50.091875,32.83020833333333,91.48958333333331,7.565625,1.644375,,8.060416666666667,3.96875,4.142708333333333,3.9755464,2.0087514,13.0212755,19.005573300000002,31.51913607700002,0,
2020-03-16,14.69375,50.64052083333333,33.22604166666667,101.24375,8.358333333333333,1.7169791666666667,,8.09375,3.1666666666666665,3.098958333333333,0.48253638,3.9755464,2.0087514,6.466834180000003,31.99227338000002,0,2.256722211837769
2020-03-17,15.519791666666668,49.28677083333333,32.260416666666664,93.28125,7.641666666666667,1.6170833333333334,,8.048958333333333,3.0,3.2,2.040408,0.48253638,3.9755464,6.4984907800000045,30.39795228000002,0,
2020-03-18,16.480208333333334,47.96520833333333,31.309375,96.59166666666664,7.802083333333333,1.658125,,8.046875,3.5,3.6479166666666663,0.1443796,2.040408,0.48253638,2.667323980000004,28.67290488000002,0,2.009365558624268
2020-03-19,18.226041666666667,47.03,30.646875,94.721875,7.438541666666667,1.6123958333333333,,8.007291666666667,5.229166666666667,4.763541666666667,0.69519323,0.1443796,2.040408,2.8799808300000036,22.368090510000023,0,3.9094626903533936
2020-03-20,20.1625,43.3409375,27.984375,92.02083333333331,7.060416666666666,1.465833333333333,,7.8589473684210525,5.65625,4.935416666666667,0.008900763,0.69519323,0.1443796,0.8484735930000036,9.355715773000021,0,2.49283766746521
2020-03-21,20.104166666666668,42.34354166666667,27.275,93.403125,7.196875,1.4139583333333334,,7.667708333333334,6.760416666666667,5.484375,0.59764296,0.008900763,0.69519323,1.3017369530000036,7.944607333000022,0,1.2512603998184204
2020-03-22,16.4375,47.77604166666666,31.180208333333336,94.17708333333331,7.633333333333333,1.7030208333333334,,7.771875,4.947916666666667,5.777083333333334,1.9070971,0.59764296,0.008900763,2.513640823000004,5.876158033000022,0,
2020-03-23,15.940625,49.635,32.515625,100.87395833333332,8.155208333333333,1.5948958333333334,,7.820833333333333,3.7604166666666665,3.547916666666667,20.589323,1.9070971,0.59764296,23.094063060000003,25.982944653000022,1,
2020-03-24,16.097916666666666,49.421875,32.36666666666667,94.825,7.676041666666666,1.6280208333333333,,7.79375,3.46875,3.0968750000000003,11.242682,20.589323,1.9070971,33.739102100000004,35.18521865300002,0,
2020-03-25,16.626041666666666,48.164791666666666,31.45625,98.76770833333336,7.933333333333334,1.5829166666666667,,7.816666666666666,3.96875,2.891666666666667,15.774079,11.242682,20.589323,47.606084,50.81491805300002,0,0.2435002028942108
2020-03-26,16.495833333333334,49.189375000000005,32.203125,101.78958333333333,8.153125000000001,1.7033333333333334,,7.834375,3.364583333333333,2.43125,0.0,15.774079,11.242682,27.016761000000002,50.11972482300002,0,4.520428657531738
2020-03-27,18.126041666666666,48.83166666666667,31.947916666666668,104.209375,8.092708333333333,1.590625,,7.825,3.4166666666666665,2.858333333333333,0.0,0.0,15.774079,15.774079000000004,50.11082406000002,0,1.7101919651031494
2020-03-28,20.289583333333333,47.14822916666666,30.725,99.28958333333333,7.462499999999999,1.5591666666666668,,7.763541666666666,5.75,4.423157894736842,0.24822412,0.0,0.0,0.24822412000000355,49.76140522000002,0,2.2260067462921143
2020-03-29,21.972916666666663,43.26291666666666,27.910416666666663,94.86770833333333,7.034375,1.4941666666666666,,7.689583333333334,7.708333333333333,3.9885416666666655,0.35284153,0.24822412,0.0,0.6010656500000036,48.20714965000003,0,0.294878602027893
2020-03-30,21.682291666666668,41.2321875,26.4625,91.575,6.876041666666667,1.460208333333333,,7.675,6.260416666666667,4.080208333333333,0.66509956,0.35284153,0.24822412,1.2661652100000036,28.28292621000002,0,3.702045440673828
2020-03-31,18.61875,46.23697916666666,30.075,87.63333333333333,6.854166666666667,1.6546875,,7.758333333333333,4.75,3.469791666666667,7.958771,0.66509956,0.35284153,8.976712090000003,24.999015210000017,0,
2020-04-01,15.966666666666669,48.66458333333333,31.809375,94.22604166666667,7.676041666666666,1.6900000000000002,,7.832291666666666,4.864583333333333,16.79468085106383,6.7900157,7.958771,0.66509956,15.413886260000004,16.014951910000022,0,0.5625269412994385
2020-04-02,15.790625,49.71729166666666,32.572916666666664,99.25520833333331,8.065624999999999,1.7447916666666667,,7.869791666666667,3.2916666666666665,5.557291666666667,0.0,6.7900157,7.958771,14.748786700000002,16.014951910000022,0,1.900649070739746
2020-04-03,16.1125,49.47,32.39895833333333,98.88333333333333,7.994791666666667,1.6239583333333334,,7.857291666666668,3.1979166666666665,3.0197916666666664,0.0,0.0,6.7900157,6.790015700000003,16.014951910000022,0,0.8859947323799133
2020-04-04,16.548958333333335,50.548750000000005,33.203125,96.91666666666669,7.734375,1.7479166666666668,,7.860416666666667,3.4479166666666665,2.644791666666667,0.0,0.0,0.0,0.0,15.76672779000002,0,1.6813154220581057
2020-04-05,17.138541666666665,50.997395833333336,33.534375000000004,97.63020833333331,7.685416666666666,1.8613541666666664,,7.854166666666667,3.489583333333333,2.369473684210526,0.004195752,0.0,0.0,0.004195752000003552,15.418082012000019,0,3.884378433227539
2020-04-06,18.31770833333333,51.08531249999999,33.60729166666667,97.21770833333332,7.467708333333333,1.786145833333333,,7.832291666666666,4.6875,3.008421052631579,0.017144796,0.004195752,0.0,0.021340548000003554,14.77012724800002,0,2.053984880447388
2020-04-07,19.18645833333333,50.91354166666667,33.47604166666667,94.60729166666664,7.139583333333333,1.6820833333333332,,7.8,5.21875,2.634736842105263,0.88762945,0.017144796,0.004195752,0.9089699980000036,7.698985698000021,0,1.930047631263733
2020-04-08,20.054166666666667,51.00062500000001,33.534375000000004,96.63020833333331,7.165625,1.5357291666666668,,7.803125,6.34375,2.970833333333333,0.7548837,0.88762945,0.017144796,1.6596579460000036,1.6638536980000214,0,1.9456278085708616
2020-04-09,20.310416666666665,50.9125,33.46666666666667,94.434375,6.982291666666666,1.4991666666666663,,7.797916666666667,5.96875,2.796875,4.3368773,0.7548837,0.88762945,5.979390450000004,6.000730998000021,0,1.5974905490875244
2020-04-10,18.909375,51.24427083333333,33.728125,91.92708333333331,6.986458333333334,1.5351041666666667,,7.819791666666667,6.1875,3.0041666666666664,0.22362494,4.3368773,0.7548837,5.315385940000003,6.224355938000022,0,1.7703779935836792
2020-04-11,17.860416666666666,51.5209375,33.922916666666666,93.93541666666664,7.251041666666667,1.5704166666666666,,7.852083333333334,4.989583333333333,2.2427083333333333,0.0,0.22362494,4.3368773,4.5605022400000035,6.224355938000022,0,2.290501356124878
2020-04-12,19.214583333333334,50.64010416666667,33.275,92.73125,6.998958333333333,1.5303125,,7.829166666666667,5.645833333333333,2.4947916666666665,0.20425913,0.0,0.22362494,0.42788407000000356,6.424419316000022,0,
2020-04-13,20.484375,46.38677083333334,30.183333333333334,86.97395833333333,6.564583333333334,1.4140625,,7.727083333333333,22.875,5.648958333333333,39.108753,0.20425913,0.0,39.313012130000004,45.51602752000002,1,4.828304290771484
2020-04-14,20.721875,46.039791666666666,29.921875,82.17604166666666,6.163541666666667,1.4254166666666668,,7.673958333333334,12.322916666666666,4.0,0.17707057,39.108753,0.20425913,39.4900827,44.80546864000002,0,1.7833614349365234
2020-04-15,18.897916666666667,48.056666666666665,31.398958333333336,87.38958333333333,6.742708333333333,1.6001041666666664,,7.730208333333334,9.9375,3.720833333333333,3.4845302,0.17707057,39.108753,42.77035377000001,47.53511514000002,0,
2020-04-16,17.690625,49.32041666666667,32.30833333333333,90.24895833333332,7.083333333333333,1.6641666666666666,,7.796875,5.84375,2.2125,0.16424917,3.4845302,0.17707057,3.8258499400000074,43.36248701000002,0,1.4126843214035034
2020-04-17,18.535416666666663,47.62145833333333,31.07604166666667,89.16562499999999,6.934375,1.512708333333333,,7.730208333333334,7.083333333333333,6.282291666666667,0.0,0.16424917,3.4845302,3.6487793700000073,43.13886207000002,0,1.7860921621322632
2020-04-18,19.84375,44.512708333333336,28.828125,84.4875,6.496875,1.395625,,7.680208333333333,9.833333333333334,6.305813953488372,3.58171,0.0,0.16424917,3.7459591700000074,46.720572070000024,0,0.9283021092414856
2020-04-19,19.511458333333334,46.12645833333334,29.99791666666667,83.7375,6.435416666666666,1.5234375,,7.697916666666667,8.104166666666666,6.410638297872341,2.2451813,3.58171,0.0,5.826891300000007,48.76149424000002,0,0.7489997744560242
2020-04-20,19.346875,45.32354166666667,29.415625,78.653125,6.086458333333333,1.4721875000000002,,7.658333333333334,7.978947368421053,6.238297872340425,20.01308,2.2451813,3.58171,25.839971300000006,29.66582124000002,1,0.1284238249063491
2020-04-21,19.64375,46.387708333333336,30.178125,87.88437499999999,6.713541666666667,1.555625,,7.723958333333333,9.510416666666666,7.662195121951218,0.0,20.01308,2.2451813,22.258261300000004,29.48875067000002,0,2.757248640060425
2020-04-22,19.529166666666665,46.12885416666666,29.996875,87.809375,6.739583333333333,1.5294791666666667,,7.721875,9.041666666666666,4.617708333333334,0.017954646,0.0,20.01308,20.031034646000005,26.02217511600002,0,1.495748519897461
2020-04-23,18.763541666666665,46.09458333333333,29.97395833333333,82.82083333333334,6.45625,1.4990625,,7.711458333333333,10.104166666666666,5.597916666666666,11.392523,0.017954646,0.0,11.410477646000007,37.25044894600002,0,
2020-04-24,19.83020833333333,43.84729166666667,28.347916666666663,87.17395833333335,6.719791666666667,1.3910416666666665,,7.712499999999999,15.239583333333334,5.354166666666667,30.08188,11.392523,0.017954646,41.49235764600001,67.33232894600002,1,
2020-04-25,19.7375,47.201875,30.78020833333333,85.10729166666667,6.485416666666667,1.6177083333333335,,7.734375,9.802083333333334,13.242708333333333,0.9928334,30.08188,11.392523,42.46723640000001,64.74345234600003,0,0.2599947452545166
2020-04-26,20.963541666666668,47.88458333333333,31.261458333333334,90.78541666666666,6.736458333333334,1.4859375,,7.75,11.854166666666666,5.83125,2.8954954,0.9928334,30.08188,33.97020880000001,65.39376644600003,0,1.436259150505066
2020-04-27,20.285416666666663,47.052708333333335,30.66145833333333,90.79583333333332,6.821875,1.4229166666666666,,7.739583333333333,12.010416666666666,6.883157894736842,0.007157724,2.8954954,0.9928334,3.895486524000007,45.38784417000002,0,1.8083590269088743
2020-04-28,20.707291666666663,48.39354166666666,31.63125,90.38645833333334,6.70625,1.5570833333333332,,7.795833333333333,11.15625,5.161052631578947,0.0,0.007157724,2.8954954,2.902653124000007,45.38784417000002,0,0.9547046422958374
2020-04-29,21.741666666666664,45.96020833333333,29.85833333333333,88.50833333333333,6.516666666666667,1.5071875,,7.790624999999999,9.895833333333334,3.985416666666667,0.0011567791,0.0,0.007157724,0.008314503100007106,45.37104630310002,0,0.6150338649749756
2020-04-30,20.896875,43.60458333333333,28.17083333333333,86.59166666666665,6.564583333333334,1.5238541666666665,,7.75,11.5625,4.812631578947368,8.018602,0.0011567791,0.0,8.019758779100007,41.99712530310002,0,
2020-05-01,19.884375,44.28864583333333,28.6625,86.63645833333334,6.666666666666667,1.3811458333333333,,7.738541666666666,10.822916666666666,3.9166666666666665,4.806295,8.018602,0.0011567791,12.826053779100008,16.72154030310002,0,1.462415337562561
2020-05-02,19.648958333333333,47.18770833333334,30.761458333333334,88.13020833333333,6.728125,1.580833333333333,,7.776041666666667,9.729166666666666,4.003157894736842,0.047991093,4.806295,8.018602,12.872888093000007,15.77669799610002,0,1.455305814743042
2020-05-03,21.113541666666663,47.494375,30.972916666666663,90.94375,6.752083333333334,1.5179166666666666,,7.755208333333333,10.291666666666666,4.489583333333333,0.00041807033,0.047991093,4.806295,4.854704163330007,12.88162066643002,0,2.095687866210937
2020-05-04,22.1375,46.65864583333333,30.360416666666666,89.04895833333335,6.507291666666667,1.4080208333333333,,7.742708333333333,11.395833333333334,4.552083333333333,0.51192284,0.00041807033,0.047991093,0.5603320033300071,13.38638578243002,0,1.2817820310592651
2020-05-05,21.821875,48.64208333333334,31.807291666666668,86.925,6.342708333333333,1.6266666666666667,,7.769791666666666,8.25,3.4250000000000003,4.810714,0.51192284,0.00041807033,5.323054910330007,18.19709978243002,0,
2020-05-06,21.941666666666663,49.56583333333333,32.47604166666667,87.47291666666666,6.346875,1.625625,,7.784375,7.489583333333333,2.983333333333333,13.054256,4.810714,0.51192284,18.376892840000007,31.25019900333002,0,4.238344192504883
2020-05-07,20.48645833333333,50.162708333333335,32.921875,92.11041666666668,6.820833333333333,1.614270833333333,,7.81875,8.354166666666666,3.048958333333333,0.99046886,13.054256,4.810714,18.855438860000007,24.222065863330023,0,4.115510940551758
2020-05-08,20.03333333333333,50.08677083333333,32.873958333333334,89.52291666666667,6.689583333333334,1.5354166666666669,,7.847916666666666,12.270833333333334,4.366666666666666,3.854297,0.99046886,13.054256,17.89902186000001,23.270067863330024,0,0.1938464641571045
2020-05-09,20.051041666666663,49.25541666666667,32.265625,93.46041666666667,6.995833333333334,1.5054166666666668,,7.837499999999999,9.03125,2.919791666666667,4.3432875,3.854297,0.99046886,9.188053360000007,27.565364270330022,0,1.975186944007873
2020-05-10,20.385416666666668,49.78989583333333,32.646875,94.609375,7.016666666666667,1.5809375,,7.858333333333333,6.557894736842106,2.486458333333333,0.62100804,4.3432875,3.854297,8.818592540000006,28.185954240000022,0,3.406266689300537
2020-05-11,21.1375,48.8453125,31.95520833333333,90.39270833333336,6.653125,1.4008333333333332,,7.844791666666667,7.989583333333333,3.1354166666666665,0.09686927,0.62100804,4.3432875,5.061164810000006,27.770900670000024,0,0.7797712087631226
2020-05-12,19.75625,49.00177083333333,32.078125,91.00104166666668,6.851041666666667,1.5192708333333331,,7.866666666666667,6.854166666666667,2.009375,0.19667666,0.09686927,0.62100804,0.9145539700000072,23.15686333000002,0,3.070632219314575
2020-05-13,20.292708333333334,47.6978125,31.12708333333333,89.37395833333333,6.703125,1.5435416666666668,,7.886458333333334,7.947916666666667,2.285416666666667,0.2381237,0.19667666,0.09686927,0.5316696300000071,10.34073103000002,0,0.2711052596569061
2020-05-14,21.471875,46.24489583333334,30.0625,85.87916666666666,6.360416666666667,1.5502083333333332,,7.911458333333333,9.572916666666666,2.8625000000000003,0.012140175,0.2381237,0.19667666,0.4469405350000071,9.36240234500002,0,6.603333950042725
2020-05-15,23.082291666666663,44.29020833333333,28.63125,85.41041666666666,6.2,1.5112500000000002,,7.890625,9.589473684210526,3.438541666666667,0.19948937,0.012140175,0.2381237,0.44975324500000713,5.707594715000021,0,1.0273209810256958
2020-05-16,24.30208333333333,44.07239583333333,28.45,81.49583333333334,5.804166666666667,1.4977083333333334,,7.825,9.364583333333334,4.1468750000000005,0.046142586,0.19948937,0.012140175,0.2577721310000071,1.4104498010000213,0,1.4417623281478882
2020-05-17,24.29895833333333,45.876666666666665,29.761458333333334,85.828125,6.0687500000000005,1.6219791666666667,,7.833333333333333,9.96875,4.621875,1.8755149,0.046142586,0.19948937,2.1211468560000073,2.664956661000021,0,4.071028709411621
2020-05-18,23.917708333333334,48.56635416666666,31.71666666666667,85.74374999999999,6.032291666666667,1.6077083333333333,,7.853124999999999,12.104166666666666,4.397916666666666,13.581951,1.8755149,0.046142586,15.503608486000008,16.15003839100002,0,0.4022888541221618
2020-05-19,22.772916666666664,48.981770833333336,32.03958333333333,85.98958333333333,6.163541666666667,1.80875,,7.876041666666667,12.427083333333334,3.998958333333333,11.936487,13.581951,1.8755149,27.39395290000001,27.889848731000022,0,
2020-05-20,22.11458333333333,49.91614583333333,32.73229166666667,90.359375,6.523958333333333,1.8939583333333327,,7.913541666666667,10.010416666666666,3.720833333333333,7.9923725,11.936487,13.581951,33.510810500000005,35.64409753100002,0,0.0359427630901336
2020-05-21,22.64583333333333,47.31302083333333,30.829166666666666,89.25416666666666,6.453125,1.908125,,7.868749999999999,9.71875,4.0,27.70914,7.9923725,11.936487,47.63799950000001,63.34109735600002,1,
2020-05-22,24.272916666666664,45.009687500000005,29.13020833333333,88.6375,6.2718750000000005,1.6272916666666666,,7.798958333333334,10.4375,4.6156250000000005,10.485469,27.70914,7.9923725,46.18698150000001,73.62707698600002,0,2.624764919281006
2020-05-23,25.128125,45.290937500000005,29.307291666666668,87.09895833333333,6.046875,1.5158333333333334,,7.784375,9.822916666666666,4.791666666666667,4.276269,10.485469,27.70914,42.470878000000006,77.85720340000002,0,2.9768435955047607
2020-05-24,25.801041666666663,46.16177083333333,29.925,85.26041666666667,5.838541666666667,1.5854166666666665,,7.777083333333334,10.3125,4.302083333333333,0.4924256,4.276269,10.485469,15.25416360000001,76.47411410000002,0,1.8137768507003784
2020-05-25,24.671875,47.87114583333334,31.195833333333336,89.32291666666667,6.203125,1.7213541666666667,,7.838541666666667,8.604166666666666,3.935416666666667,0.37081856,0.4924256,4.276269,5.139513160000011,63.262981660000015,0,0.8894714117050171
2020-05-26,23.523958333333336,48.67552083333334,31.805208333333336,85.81458333333335,6.078125,1.7619791666666669,,7.848958333333333,7.145833333333333,4.086458333333334,1.1579388,0.37081856,0.4924256,2.0211829600000106,52.48443346000003,0,2.1493704319000244
2020-05-27,23.69375,48.71145833333333,31.82708333333333,86.25937499999999,6.083333333333333,1.786145833333333,,7.85625,7.614583333333333,4.0125,1.3641641,1.1579388,0.37081856,2.892921460000011,45.85622506000002,0,0.4633580148220062
2020-05-28,25.401041666666668,45.12885416666666,29.197916666666668,86.8125,6.01875,1.6994791666666669,,7.791666666666667,7.78125,4.230208333333334,6.3276677,1.3641641,1.1579388,8.84977060000001,24.47475276000002,0,0.1369014829397201
2020-05-29,26.275,41.646770833333335,26.691666666666663,80.58020833333333,5.595833333333334,1.5905208333333334,,7.761458333333334,8.770833333333334,4.810416666666667,11.740492,6.3276677,1.3641641,19.43232380000001,25.729775760000017,0,3.8960366249084473
2020-05-30,25.626041666666666,40.86197916666666,26.15625,75.44270833333333,5.314583333333333,1.571041666666667,,7.771875,8.15625,4.720833333333333,12.335048,11.740492,6.3276677,30.40320770000001,33.78855476000002,0,3.40051531791687
2020-05-31,24.84375,43.4590625,28.03125,82.43645833333333,5.820833333333333,1.684583333333333,,7.845833333333334,7.947916666666667,4.461458333333334,2.7826087,12.335048,11.740492,26.85814870000001,36.07873786000002,0,1.9071420431137085
2020-06-01,24.18645833333333,46.6578125,30.33020833333333,87.503125,6.171875,1.7882291666666668,,7.909375,6.5,3.8958333333333335,0.0,2.7826087,12.335048,15.117656700000012,35.70791930000002,0,0.9882948398590088
2020-06-02,24.397916666666664,46.09822916666667,29.91875,88.30624999999999,6.208333333333333,1.6895833333333332,,7.915624999999999,7.125,3.91875,0.07085619,0.0,2.7826087,2.853464890000011,34.62083669000002,0,0.9713912010192872
2020-06-03,24.659375,43.3584375,27.954166666666666,88.31666666666666,6.246875,1.4840625,,7.899999999999999,9.5625,4.753125,0.00051449524,0.07085619,0.0,0.07137068524001065,33.25718708524002,0,1.0900694131851196
2020-06-04,24.67083333333333,43.14572916666666,27.81458333333333,85.04895833333333,6.019791666666666,1.5489583333333332,,7.902083333333334,8.697916666666666,5.119791666666667,0.12530793,0.00051449524,0.07085619,0.19667861524001068,27.05482731524002,0,1.7011204957962036
2020-06-05,25.403125,44.41760416666667,28.70104166666667,86.05416666666667,5.977083333333333,1.6078125,,7.921875,8.177083333333334,4.65,5.0555177,0.12530793,0.00051449524,5.181340125240011,20.369853015240018,0,3.211038827896118
2020-06-06,26.032291666666666,43.9853125,28.379166666666663,85.6375,5.898958333333333,1.5046875,,7.885416666666667,8.84375,5.126041666666667,4.3073487,5.0555177,0.12530793,9.48817433000001,12.34215371524002,0,0.2687578201293945
2020-06-07,26.352083333333336,44.80166666666667,28.95625,87.16145833333333,5.939583333333334,1.540625,,7.884374999999999,7.958333333333333,4.91875,7.163076,4.3073487,5.0555177,16.525942400000012,16.72262101524002,0,5.6002373695373535
2020-06-08,26.38958333333333,45.70604166666666,29.603125,86.6375,5.8875,1.71125,,7.9125,6.416666666666667,4.588541666666667,0.0131762875,7.163076,4.3073487,11.483600987500012,16.735797302740018,0,17.190141677856445
2020-06-09,27.070833333333336,44.81427083333333,28.934375,89.2625,6.023958333333333,1.6920833333333334,,7.897916666666667,6.34375,4.535416666666666,3.4621637,0.0131762875,7.163076,10.63841598750001,20.12710481274002,0,1.1440807580947876
2020-06-10,27.096875,41.390625,26.48958333333333,85.72395833333333,5.870833333333334,1.7101041666666663,,7.848958333333333,7.166666666666667,5.335416666666667,0.17689937,3.4621637,0.0131762875,3.6522393575000107,20.303489687500022,0,0.2132783681154251
2020-06-11,25.922916666666666,37.09,23.47395833333333,81.078125,5.770833333333333,1.695,,7.792708333333334,8.53125,5.80625,1.9721185,0.17689937,3.4621637,5.611181570000011,22.15030025750002,0,0.4422950148582458
2020-06-12,24.81041666666667,35.22958333333333,22.2125,76.73020833333334,5.6125,1.6714583333333335,,7.752083333333334,8.927083333333334,4.832291666666666,4.3262396,1.9721185,0.17689937,6.475257470000011,21.42102215750002,0,0.0683820396661758
2020-06-13,23.585416666666664,38.591770833333335,24.594791666666666,78.91354166666666,5.814583333333334,1.7263541666666666,,7.819791666666667,7.541666666666667,4.125,2.1191413,4.3262396,1.9721185,8.417499400000011,19.232814757500023,0,0.0674976631999015
2020-06-14,22.87708333333333,42.555104166666666,27.396875,84.33958333333334,6.197916666666667,1.725625,,7.872916666666666,7.447916666666667,3.9270833333333335,4.2986755,2.1191413,4.3262396,10.744056400000009,16.36841425750002,0,
2020-06-15,22.47083333333333,45.1784375,29.28645833333333,86.81875000000001,6.346875,1.7679166666666666,,7.909375,6.84375,3.970833333333333,27.236385,4.2986755,2.1191413,33.65420180000001,43.59162297000002,1,
2020-06-16,22.17708333333333,46.7359375,30.413541666666664,88.921875,6.502083333333334,1.7895833333333335,,7.934375,5.864583333333333,4.296875,31.184374,27.236385,4.2986755,62.719434500000006,71.31383327000002,1,0.0852540284395217
2020-06-17,22.43645833333333,46.142604166666665,29.979166666666668,88.22083333333335,6.430208333333333,1.6391666666666669,,7.896875,5.885416666666667,4.7562500000000005,9.407878,31.184374,27.236385,67.82863700000001,80.54481190000001,0,1.412784218788147
2020-06-18,23.744791666666668,45.24166666666667,29.31458333333333,90.075,6.429166666666667,1.6082291666666666,,7.886458333333334,6.40625,5.338541666666667,0.12964684,9.407878,31.184374,40.72189884000001,78.70234024000003,0,1.2385839223861694
2020-06-19,25.501041666666666,44.75104166666667,28.92395833333333,88.47708333333333,6.135416666666667,1.612291666666667,,7.863541666666666,6.0,4.489583333333333,3.94676,0.12964684,9.407878,13.484284840000011,78.32286064000002,0,0.8298742771148682
2020-06-20,26.157291666666666,44.37625,28.651041666666668,83.29270833333334,5.720833333333334,1.5819791666666667,,7.81875,6.4526315789473685,4.04,11.5397625,3.94676,0.12964684,15.61616934000001,87.74348184000002,0,1.0541237592697144
2020-06-21,26.792708333333334,44.797604166666666,28.93645833333333,86.27708333333334,5.836458333333333,1.58625,,7.826041666666666,6.541666666666667,4.182291666666667,5.391662,11.5397625,3.94676,20.87818450000001,88.83646834000001,0,0.5644535422325134
2020-06-22,27.52083333333333,44.92510416666667,29.010416666666668,89.1875,5.946875,1.5801041666666666,,7.840625,7.03125,5.122916666666667,2.600491,5.391662,11.5397625,19.53191550000001,64.20057434000002,0,0.1962659507989883
2020-06-23,27.617582417582412,44.08406593406593,28.407692307692308,88.54175824175825,5.9252747252747255,1.5212087912087913,,7.835164835164835,6.813186813186813,6.07032967032967,2.9640849,2.600491,5.391662,10.95623790000001,35.98028524000002,0,0.4725467264652252
2020-06-24,27.344791666666666,43.7721875,28.18541666666667,89.82604166666665,6.055208333333333,1.5494791666666667,,7.815625,5.822916666666667,4.863541666666666,0.99346334,2.9640849,2.600491,6.558039240000011,27.56587058000002,0,1.9773155450820925
2020-06-25,26.553125,44.63104166666667,28.820833333333336,80.29791666666667,5.482291666666666,1.6284375000000002,,7.778125,5.041666666666667,4.064583333333333,3.8660212,0.99346334,2.9640849,7.823569440000011,31.302244940000023,0,0.2183569967746734
2020-06-26,26.95,45.55833333333334,29.471875,88.11770833333333,5.923958333333334,1.6303124999999998,,7.802083333333333,4.927083333333333,3.373958333333333,0.28495836,3.8660212,0.99346334,5.144442900000011,27.64044330000002,0,1.6063042879104614
2020-06-27,27.297916666666666,45.78375,29.63020833333333,88.18229166666667,5.903125,1.6084375,,7.784375,4.5625,4.141666666666667,0.017796073,0.28495836,3.8660212,4.16877563300001,16.11847687300002,0,1.8450676202774048
2020-06-28,27.14375,46.75,30.33125,88.203125,5.901041666666667,1.5952083333333331,,7.804166666666667,5.083333333333333,4.416666666666667,0.7538652,0.017796073,0.28495836,1.0566196330000106,11.480680073000022,0,
2020-06-29,27.29583333333333,47.02239583333333,30.528125,85.05,5.685416666666666,1.6207291666666668,,7.790624999999999,4.614583333333333,4.230208333333334,2.822315,0.7538652,0.017796073,3.5939762730000107,11.702504073000021,0,1.4732345342636108
2020-06-30,27.429166666666664,47.486041666666665,30.85625,78.21979166666667,5.205208333333333,1.6295833333333334,,7.763541666666666,4.604166666666667,3.4447916666666667,3.9641726,2.822315,0.7538652,7.540352800000011,12.702591773000021,0,0.1285129487514495
2020-07-01,27.096875,47.18020833333333,30.64583333333333,75.25833333333334,5.038541666666666,1.6071875,,7.732291666666666,5.09375,2.5842105263157893,2.9533541,3.9641726,2.822315,9.73984170000001,14.662482533000022,0,
2020-07-02,28.09166666666667,47.8525,31.10625,81.91145833333333,5.380208333333333,1.6241666666666663,,7.779166666666666,4.583333333333333,2.7763440860215054,6.273998,2.9533541,3.9641726,13.191524700000011,17.07045933300002,0,2.018047332763672
2020-07-03,28.776041666666668,48.7690625,31.74791666666667,87.66770833333334,5.669791666666666,1.6605208333333332,,7.811458333333333,4.53125,2.7447916666666665,0.0,6.273998,2.9533541,9.227352100000012,16.78550097300002,0,0.6040436625480652
2020-07-04,28.88958333333333,49.3278125,32.153125,86.06875000000001,5.542708333333334,1.666875,,7.790624999999999,4.1875,2.728125,0.5709097,0.0,6.273998,6.844907700000011,17.33861460000002,0,0.8379455208778381
2020-07-05,29.039583333333336,49.83125,32.509375,87.19166666666666,5.580208333333334,1.6860416666666669,,7.797916666666667,4.427083333333333,3.025,2.5569339,0.5709097,0.0,3.127843600000011,19.14168330000002,0,0.305635541677475
2020-07-06,29.61145833333333,49.74572916666667,32.43541666666667,87.059375,5.522916666666667,1.6141666666666667,,7.796875,5.28125,3.8395833333333336,1.1674021,2.5569339,0.5709097,4.295245700000011,17.486770400000022,0,0.8894660472869873
2020-07-07,28.2625,49.09458333333333,31.99895833333333,74.40520833333333,4.85625,1.5452083333333333,,7.757291666666667,5.708333333333333,4.619791666666667,6.2774634,1.1674021,2.5569339,10.001799400000012,19.800061200000023,0,0.3353531658649444
2020-07-08,28.34270833333333,47.56708333333333,30.8875,87.921875,5.732291666666666,1.5802083333333332,,7.791666666666667,5.802083333333333,4.436458333333333,7.156509,6.2774634,1.1674021,14.601374500000011,24.003216100000024,0,
2020-07-09,28.254166666666663,48.381145833333335,31.48333333333333,84.3,5.513541666666666,1.6410416666666665,,7.798958333333334,4.515789473684211,4.564583333333333,7.2793245,7.156509,6.2774634,20.71329690000001,25.00854260000002,0,0.2678961157798767
2020-07-10,29.209375,48.24770833333333,31.34895833333333,90.83020833333336,5.829166666666667,1.6696875,,7.807291666666667,4.375,3.8322916666666655,2.3719735,7.2793245,7.156509,16.80780700000001,27.380516100000023,0,1.3273135423660278
2020-07-11,29.805208333333336,47.19145833333334,30.56770833333333,86.19791666666667,5.520833333333333,1.6698958333333334,,7.776041666666667,4.46875,3.951041666666667,0.8360458,2.3719735,7.2793245,10.487343800000012,27.645652200000022,0,2.49739670753479
2020-07-12,30.15625,45.3815625,29.244791666666668,78.04270833333334,5.00625,1.5901041666666669,,7.695833333333333,5.65625,4.994791666666667,1.7233434,0.8360458,2.3719735,4.931362700000012,26.812061700000022,0,1.0056370496749878
2020-07-13,29.8625,41.81552083333333,26.709375,75.20833333333333,4.914583333333334,1.5747916666666668,,7.642708333333334,6.833333333333333,6.301041666666666,3.6372862,1.7233434,0.8360458,6.196675400000012,29.281945800000024,0,3.1843931674957275
2020-07-14,29.632291666666664,42.21681818181818,27.00454545454545,78.13333333333334,5.153125,1.6416666666666666,,7.717708333333333,6.135416666666667,5.54375,2.8325157,3.6372862,1.7233434,8.193145300000012,25.83699810000002,0,0.992946982383728
2020-07-15,30.273958333333336,,,79.06875000000001,5.266666666666667,1.6670833333333333,,7.739583333333333,6.1875,4.498958333333333,1.536782,2.8325157,3.6372862,8.006583900000011,20.217271100000023,0,2.123722076416016
2020-07-16,30.336458333333336,,,77.16458333333334,3.875,1.36,,7.725,5.854166666666667,3.545833333333333,0.007885333,1.536782,2.8325157,4.377183033000012,12.945831933000022,0,2.886324644088745
2020-07-17,30.683333333333334,,,78.59375,,,,7.7375,5.65625,3.442708333333333,0.5515141,0.007885333,1.536782,2.0961814330000115,11.125372533000023,0,4.879185199737549
2020-07-18,30.79375,,,79.07291666666667,,,,7.738541666666666,5.8125,3.290625,5.270347,0.5515141,0.007885333,5.829746433000011,15.559673733000022,0,1.7761282920837402
2020-07-19,30.54895833333333,,,78.09375,,,,7.721875,6.447916666666667,4.833333333333333,2.1940663,5.270347,0.5515141,8.015927400000011,16.03039663300002,0,1.450655221939087
2020-07-20,30.31145833333333,,,79.33229166666666,,,,7.745833333333334,7.364583333333333,5.872916666666666,0.098736405,2.1940663,5.270347,7.563149705000011,12.491846838000022,0,1.800208330154419
2020-07-21,30.116666666666664,,,79.38125000000001,,,,7.788541666666667,6.458333333333333,5.1937500000000005,1.5176885,0.098736405,2.1940663,3.8104912050000115,11.17701963800002,0,1.4069269895553589
2020-07-22,29.995833333333334,,,79.21145833333334,,,,7.819791666666667,6.541666666666667,4.5062500000000005,0.5150699,1.5176885,0.098736405,2.1314948050000115,10.155307538000022,0,2.1321401596069336
2020-07-23,30.26770833333333,,,81.71249999999999,,,,7.829166666666667,7.177083333333333,4.289583333333334,5.5480795,0.5150699,1.5176885,7.580837900000011,15.69550170500002,0,1.5669786930084229
2020-07-24,29.272916666666664,,,70.72083333333333,,,,7.782291666666667,7.614583333333333,4.246875,7.851388,5.5480795,0.5150699,13.914537400000011,22.99537560500002,0,
2020-07-25,28.88854166666667,,,74.48854166666666,,,,7.796875,6.510416666666667,4.5,5.661773,7.851388,5.5480795,19.06124050000001,23.38680160500002,0,1.8524593114852903
2020-07-26,29.390625,,,79.18854166666667,,,,7.820833333333333,6.09375,3.6197916666666665,2.5003016,5.661773,7.851388,16.01346260000001,23.69303690500002,0,1.5401204824447632
2020-07-27,29.55,51.531621621621625,33.71351351351352,77.45416666666667,5.445945945945946,1.5324324324324323,,7.75625,6.635416666666667,4.136458333333334,0.00948874,2.5003016,5.661773,8.171563340000011,23.60378924000002,0,1.4921737909317017
2020-07-28,29.54479166666667,50.76010416666667,33.17604166666667,73.59270833333333,4.661458333333333,1.5806250000000002,,7.63125,8.729166666666666,5.579166666666667,6.12657,0.00948874,2.5003016,8.63636034000001,28.21267074000002,0,2.566363573074341
2020-07-29,29.259375,50.76135416666667,33.18958333333333,69.03125,4.398958333333334,1.7178125,,7.618749999999999,9.15625,5.982291666666666,21.851696,6.12657,0.00948874,27.98775474000001,49.549296840000025,1,2.4131228923797607
2020-07-30,29.11891891891892,50.61891891891892,33.086486486486486,68.24324324324324,4.364864864864865,1.72,,7.627027027027027,9.513513513513514,5.4905405405405405,3.005412,21.851696,6.12657,30.983678000000012,47.006629340000025,0,2.613286256790161
2020-07-31,29.03636363636364,48.99939393939394,31.90606060606061,62.10303030303031,4.003030303030303,1.3524242424242423,,7.53030303030303,13.484848484848484,5.83030303030303,4.5930586,3.005412,21.851696,29.45016660000001,43.748299940000024,0,1.0204204320907593
2020-08-01,,,,,,,,,,,16.429672,4.5930586,3.005412,24.028142600000013,54.516198940000024,0,0.9564037919044496
2020-08-02,,,,,,,,,,,7.130899,16.429672,4.5930586,28.153629600000013,59.14679634000002,0,4.514393329620361
2020-08-03,,,,,,,,,,,7.708502,7.130899,16.429672,31.269073000000013,66.84580960000002,0,
2020-08-04,,,,,,,,,,,8.875962,7.708502,7.130899,23.715363000000014,69.59520160000002,0,2.799103021621704
2020-08-05,,,,,,,,,,,4.7671304,8.875962,7.708502,21.351594400000014,52.51063600000002,0,0.5017476677894592
2020-08-06,,,,,,,,,,,13.4836855,4.7671304,8.875962,27.126777900000015,62.98890950000002,0,5.710844993591309
2020-08-07,,,,,,,,,,,8.082919,13.4836855,4.7671304,26.33373490000001,66.47876990000002,0,0.4646849036216736
2020-08-08,,,,,,,,,,,14.518667,8.082919,13.4836855,36.08527150000001,64.56776490000001,0,2.493050098419189
2020-08-09,,,,,,,,,,,7.656865,14.518667,8.082919,30.258451000000015,65.09373090000003,0,2.3329970836639404
2020-08-10,,,,,,,,,,,5.5924635,7.656865,14.518667,27.767995500000012,62.97769240000002,0,1.5487252473831177
2020-08-11,,,,,,,,,,,3.190403,5.5924635,7.656865,16.43973150000001,57.292133400000026,0,1.5724979639053345
2020-08-12,,,,,,,,,,,0.6563076,3.190403,5.5924635,9.439174100000013,53.18131060000002,0,1.7607355117797852
2020-08-13,,,,,,,,,,,6.9804974,0.6563076,3.190403,10.827208000000013,46.67812250000003,0,0.6692712306976318
2020-08-14,,,,,,,,,,,8.569426,6.9804974,0.6563076,16.206231000000013,47.16462950000002,0,1.2574001550674438
2020-08-15,,,,,,,,,,,11.595236,8.569426,6.9804974,27.14515940000001,44.241198500000024,0,0.3034401535987854
2020-08-16,,,,,,,,,,,19.60505,11.595236,8.569426,39.76971200000001,56.18938350000002,1,0.3964884579181671
2020-08-17,,,,,,,,,,,0.84314257,19.60505,11.595236,32.04342857000001,51.44006257000002,0,1.8808797597885127
2020-08-18,,,,,,,,,,,1.5828425,0.84314257,19.60505,22.03103507000001,49.83250207000002,0,1.6062039136886597
2020-08-19,,,,,,,,,,,9.062979,1.5828425,0.84314257,11.48896407000001,58.23917347000002,0,1.8750613927841189
2020-08-20,,,,,,,,,,,6.8031793,9.062979,1.5828425,17.44900080000001,58.061855370000025,0,0.9120097756385804
2020-08-21,,,,,,,,,,,4.684042,6.8031793,9.062979,20.55020030000001,54.17647137000002,0,1.0457205772399902
2020-08-22,,,,,,,,,,,8.1644945,4.684042,6.8031793,19.651715800000012,50.74572987000002,0,1.1225594282150269
2020-08-23,,,,,,,,,,,6.5516095,8.1644945,4.684042,19.40014600000001,37.69228937000002,0,0.7687512636184692
2020-08-24,,,,,,,,,,,8.322315,6.5516095,8.1644945,23.03841900000001,45.171461800000024,0,0.054201453924179
2020-08-25,,,,,,,,,,,2.8328583,8.322315,6.5516095,17.70678280000001,46.42147760000002,0,0.5877723097801208
2020-08-26,,,,,,,,,,,0.02348199,2.8328583,8.322315,11.17865529000001,37.38198059000002,0,2.7726662158966064
2020-08-27,,,,,,,,,,,0.029120212,0.02348199,2.8328583,2.8854605020000106,30.60792150200002,0,0.7268402576446533
2020-08-28,,,,,,,,,,,3.579243,0.029120212,0.02348199,3.6318452020000107,29.50312250200002,0,1.7202988862991333
2020-08-29,,,,,,,,,,,1.6022546,3.579243,0.029120212,5.21061781200001,22.94088260200002,0,0.6136093139648438
2020-08-30,,,,,,,,,,,3.9499786,1.6022546,3.579243,9.131476200000012,20.33925170200002,0,2.0192103385925293
2020-08-31,,,,,,,,,,,1.1063601,3.9499786,1.6022546,6.658593300000011,13.123296802000022,0,1.1757261753082275
2020-09-01,,,,,,,,,,,4.000108,1.1063601,3.9499786,9.056446700000011,14.290546502000021,0,2.173739194869995
2020-09-02,,,,,,,,,,,0.87470317,4.000108,1.1063601,5.981171270000011,15.14176768200002,0,
2020-09-03,,,,,,,,,,,0.12708639,0.87470317,4.000108,5.00189756000001,15.239733860000023,0,2.5994131565093994
2020-09-04,,,,,,,,,,,0.0,0.12708639,0.87470317,1.0017895600000106,11.66049086000002,0,1.7960797548294067
2020-09-05,,,,,,,,,,,0.3730776,0.0,0.12708639,0.5001639900000107,10.43131386000002,0,1.230205535888672
2020-09-06,,,,,,,,,,,2.196845,0.3730776,0.0,2.5699226000000106,8.67818026000002,0,1.384062647819519
2020-09-07,,,,,,,,,,,3.4175904,2.196845,0.3730776,5.9875130000000105,10.989410560000021,0,0.2006927728652954
2020-09-08,,,,,,,,,,,12.753386,3.4175904,2.196845,18.36782140000001,19.742688560000023,0,
2020-09-09,,,,,,,,,,,17.712849,12.753386,3.4175904,33.883825400000006,36.58083439000002,1,0.7397818565368652
2020-09-10,,,,,,,,,,,17.513182,17.712849,12.753386,47.97941700000001,53.96693000000002,0,0.1830413937568664
2020-09-11,,,,,,,,,,,7.1700315,17.513182,17.712849,42.39606250000001,61.13696150000002,0,0.1910366863012313
2020-09-12,,,,,,,,,,,7.890877,7.1700315,17.513182,32.57409050000001,68.65476090000003,0,
2020-09-13,,,,,,,,,,,3.1695828,7.890877,7.1700315,18.23049130000001,69.62749870000003,0,1.804780960083008
2020-09-14,,,,,,,,,,,1.2977699,3.1695828,7.890877,12.35822970000001,67.50767820000002,0,0.9247776865959167
2020-09-15,,,,,,,,,,,0.10277954,1.2977699,3.1695828,4.570132240000011,54.85707174000002,0,3.8481698036193848
2020-09-16,,,,,,,,,,,0.19817057,0.10277954,1.2977699,1.5987200100000107,37.34239331000002,0,
2020-09-17,,,,,,,,,,,27.88046,0.19817057,0.10277954,28.18141011000001,47.70967131000002,1,
2020-09-18,,,,,,,,,,,9.45345,27.88046,0.19817057,37.532080570000005,49.99308981000002,0,
2020-09-19,,,,,,,,,,,5.0720716,9.45345,27.88046,42.405981600000004,47.17428441000003,0,
2020-09-20,,,,,,,,,,,5.919364,5.0720716,9.45345,20.44488560000001,49.92406561000003,0,2.1289172172546387
2020-09-21,,,,,,,,,,,0.0,5.919364,5.0720716,10.99143560000001,48.62629571000002,0,3.4992945194244385
2020-09-22,,,,,,,,,,,0.0,0.0,5.919364,5.9193640000000105,48.52351617000002,0,4.161171436309815
2020-09-23,,,,,,,,,,,1.8730019,0.0,0.0,1.8730019000000107,50.198347500000025,0,0.7319631576538086
2020-09-24,,,,,,,,,,,4.3242536,1.8730019,0.0,6.1972555000000105,26.64214110000002,0,1.405171036720276
2020-09-25,,,,,,,,,,,7.029653,4.3242536,1.8730019,13.226908500000011,24.21834410000002,0,0.0737613886594772
2020-09-26,,,,,,,,,,,8.706831,7.029653,4.3242536,20.06073760000001,27.853103500000017,0,1.845859408378601
2020-09-27,,,,,,,,,,,2.2513456,8.706831,7.029653,17.98782960000001,24.18508510000002,0,3.082738876342773
2020-09-28,,,,,,,,,,,14.636613,2.2513456,8.706831,25.594789600000013,38.82169810000002,0,4.344448089599609
2020-09-29,,,,,,,,,,,7.0312853,14.636613,2.2513456,23.919243900000012,45.85298340000002,0,
2020-09-30,,,,,,,,,,,12.339152,7.0312853,14.636613,34.00705030000001,56.31913350000002,0,1.3446394205093384
2020-10-01,,,,,,,,,,,0.14040944,12.339152,7.0312853,19.51084674000001,52.13528934000002,0,2.0958168506622314
2020-10-02,,,,,,,,,,,2.671803,0.14040944,12.339152,15.151364440000009,47.77743934000002,0,0.1352565586566925
2020-10-03,,,,,,,,,,,7.8715777,2.671803,0.14040944,10.683790140000008,46.942186040000024,0,21.21418571472168
2020-10-04,,,,,,,,,,,40.61035,7.8715777,2.671803,51.153730700000004,85.30119044000003,1,
2020-10-05,,,,,,,,,,,9.911506,40.61035,7.8715777,58.3934337,80.57608344000002,0,7.1273064613342285
2020-10-06,,,,,,,,,,,1.1373559,9.911506,40.61035,51.6592119,74.68215404000001,0,2.374257802963257
2020-10-07,,,,,,,,,,,0.029512633,1.1373559,9.911506,11.078374533000007,62.37251467300002,0,2.233736276626587
2020-10-08,,,,,,,,,,,0.0,0.029512633,1.1373559,1.166868533000007,62.23210523300002,0,2.5248796939849854
2020-10-09,,,,,,,,,,,1.8473951,0.0,0.029512633,1.876907733000007,61.40769733300002,0,0.0597078762948513
2020-10-10,,,,,,,,,,,6.6384816,1.8473951,0.0,8.485876700000007,60.174601233000026,0,0.1321821957826614
2020-10-11,,,,,,,,,,,13.465291,6.6384816,1.8473951,21.951167700000006,33.02954223300003,0,0.3281060755252838
2020-10-12,,,,,,,,,,,2.5698333,13.465291,6.6384816,22.67360590000001,25.68786953300003,0,0.8309798240661621
2020-10-13,,,,,,,,,,,0.00040032918,2.5698333,13.465291,16.035524629180006,24.55091396218003,0,5.240563869476318
2020-10-14,,,,,,,,,,,0.0,0.00040032918,2.5698333,2.570233629180007,24.52140132918003,0,2.0212507247924805
2020-10-15,,,,,,,,,,,0.05977959,0.0,0.00040032918,0.060179919180007105,24.58118091918003,0,2.053940296173096
2020-10-16,,,,,,,,,,,0.7879814,0.05977959,0.0,0.8477609900000072,23.52176721918003,0,0.7412979006767273
2020-10-17,,,,,,,,,,,0.7647014,0.7879814,0.05977959,1.6124623900000072,17.64798701918003,0,2.4463374614715576
2020-10-18,,,,,,,,,,,0.0,0.7647014,0.7879814,1.552682800000007,4.182696019180028,0,3.0348963737487797
2020-10-19,,,,,,,,,,,0.21294779,0.0,0.7647014,0.977649190000007,1.8258105091800285,0,1.3146964311599731
2020-10-20,,,,,,,,,,,0.22762111,0.21294779,0.0,0.4405689000000071,2.0530312900000283,0,
2020-10-21,24.182222222222222,51.58222222222222,33.922222222222224,100.85555555555555,6.973333333333334,,,7.7844444444444445,3.577777777777778,2.375555555555555,3.1708643,0.22762111,0.21294779,3.611433200000007,5.223895590000028,0,3.4347798824310303
2020-10-22,23.797916666666666,51.22427083333333,33.66979166666667,91.69895833333334,6.383333333333333,,,7.730208333333334,3.208333333333333,1.7947916666666668,2.8987937,3.1708643,0.22762111,6.297279110000007,8.062909700000029,0,1.470793604850769
2020-10-23,24.009375,50.2396875,32.942708333333336,89.0125,6.204166666666667,,,7.692708333333333,3.8125,2.208333333333333,0.6689324,2.8987937,3.1708643,6.738590400000007,7.943860700000028,0,1.0725915431976318
2020-10-24,24.11145833333333,48.7784375,31.87291666666667,85.57291666666667,5.984375,,,7.6375,4.4375,2.489583333333333,0.00013935808,0.6689324,2.8987937,3.567865458080007,7.179298658080028,0,2.816256046295166
2020-10-25,23.996875,46.646875,30.323958333333334,81.75208333333333,5.780208333333333,,,7.591666666666666,5.302083333333333,2.767708333333333,17.669485,0.00013935808,0.6689324,18.33855675808001,24.84878365808003,0,
2020-10-26,22.99895833333333,47.67854166666667,31.09270833333333,83.796875,6.0,,,7.633333333333333,4.427083333333333,2.1104166666666666,1.3246328,17.669485,0.00013935808,18.99425715808001,25.96046866808003,0,2.5679259300231934
2020-10-27,23.19270833333333,48.997395833333336,32.045833333333334,85.31770833333333,6.0625,,,7.6625,4.385416666666667,2.154166666666667,0.0,1.3246328,17.669485,18.99411780000001,25.73284755808003,0,7.832578659057617
2020-10-28,23.56145833333333,49.38218749999999,32.32395833333333,84.32291666666667,5.9437500000000005,,,7.646875,4.15625,2.2333333333333334,0.6267478,0.0,1.3246328,1.9513806000000071,23.18873105808003,0,1.785655498504639
2020-10-29,24.004166666666663,47.35833333333333,30.839583333333334,84.08645833333334,5.932291666666667,,,7.573958333333334,11.447916666666666,3.357291666666667,19.294939,0.6267478,0.0,19.921686800000007,39.58487635808003,1,
2020-10-30,23.3125,42.68770833333334,27.484375,89.7375,6.538541666666667,,,7.608333333333333,22.90625,5.880208333333333,1.4273013,19.294939,0.6267478,21.348988100000007,40.34324525808003,0,2.631239652633667
2020-10-31,21.117708333333333,48.8746875,31.99791666666667,92.21666666666664,6.8031250000000005,,,7.75,7.631578947368421,6.524731182795699,0.48468283,1.4273013,19.294939,21.206923130000007,40.82778873000003,0,2.455735206604004
2020-11-01,20.917708333333334,49.223958333333336,32.24791666666667,93.10729166666664,6.8812500000000005,,,7.745833333333334,27.83333333333333,7.552747252747253,4.5958447,0.48468283,1.4273013,6.507828830000007,27.75414843000003,0,1.9721145629882808
2020-11-02,18.460416666666667,48.020625,31.38958333333333,94.0,7.322916666666667,,,7.714583333333334,14.333333333333334,10.177380952380952,0.07477379,4.5958447,0.48468283,5.1553013200000075,26.504289420000028,0,1.4932180643081665
2020-11-03,17.277083333333334,50.0334375,32.831250000000004,95.371875,7.523958333333333,,,7.76875,4.870967741935484,5.835106382978723,0.01866651,0.07477379,4.5958447,4.689285000000007,26.522955930000027,0,3.438206672668457
2020-11-04,17.52340425531915,47.68148936170213,31.13617021276596,97.1244680851064,7.694680851063829,,,7.757446808510639,5.623655913978495,6.186956521739131,0.0,0.01866651,0.07477379,0.09344030000000711,25.896208130000026,0,3.6089775562286377
2020-11-05,18.501052631578947,48.70863157894737,31.87263157894737,95.96736842105264,7.428421052631579,,,7.794736842105263,2.691489361702128,3.256842105263157,0.0,0.0,0.01866651,0.018666510000007106,6.601269130000029,0,3.963259220123291
2020-11-06,19.448958333333334,48.2746875,31.557291666666668,94.43333333333334,7.204166666666667,,,7.870833333333334,2.0,4.057291666666667,0.59200704,0.0,0.0,0.5920070400000071,5.765974870000029,0,0.3935302495956421
2020-11-07,20.24895833333333,47.82770833333333,31.22395833333333,95.44270833333331,7.179166666666667,,,7.837499999999999,2.494736842105264,3.71875,0.18845505,0.59200704,0.0,0.7804620900000072,5.469747090000029,0,1.9298434257507324
2020-11-08,21.09270833333333,48.818333333333335,31.938541666666666,94.49375,6.9750000000000005,,,7.817708333333333,2.7916666666666665,3.4020833333333336,0.0,0.18845505,0.59200704,0.7804620900000072,0.8739023900000285,0,5.030203819274902
2020-11-09,21.34166666666667,49.46083333333333,32.40625,91.91145833333331,6.735416666666667,,,7.806249999999999,3.333333333333333,3.3197916666666667,1.3700622,0.0,0.18845505,1.558517250000007,2.1691908000000284,0,2.7785325050354004
2020-11-10,21.792708333333334,48.9434375,32.030208333333334,88.49062500000001,6.448958333333334,,,7.771875,3.7708333333333335,3.5395833333333333,0.0,1.3700622,0.0,1.3700622000000071,2.1505242900000283,0,2.275851964950561
2020-11-11,22.214583333333334,48.45614583333333,31.663541666666664,85.315625,6.186458333333333,,,7.747916666666666,5.552083333333333,4.038541666666666,3.082032,0.0,1.3700622,4.4520942000000066,5.232556290000028,0,1.4367173910140991
2020-11-12,22.19375,47.21010416666667,30.758333333333336,85.38229166666667,6.227083333333333,,,7.751041666666667,8.291666666666666,4.091666666666667,40.60359,3.082032,0.0,43.685622,45.83614629000002,1,
2020-11-13,21.55625,46.35427083333334,30.15625,87.74166666666667,6.492708333333333,,,7.795833333333333,7.375,3.4947916666666665,16.694246,40.60359,3.082032,60.379868,61.938385250000024,0,1.1883835792541504
2020-11-14,21.1875,48.63916666666666,31.81770833333333,88.63333333333333,6.535416666666666,,,7.846875,4.84375,3.348958333333333,0.15716253,16.694246,40.60359,57.454998530000005,61.90709273000002,0,2.5459392070770264
2020-11-15,20.934375,49.21052083333333,32.23020833333333,88.69270833333333,6.555208333333333,,,7.845833333333334,5.0625,4.019791666666666,0.0,0.15716253,16.694246,16.851408530000008,61.90709273000002,0,0.6194922924041748
2020-11-16,20.644791666666663,48.106458333333336,31.434375,92.63645833333334,6.911458333333333,,,7.848958333333333,5.854166666666667,4.577083333333333,0.06562512,0.0,0.15716253,0.2227876500000071,60.602655650000024,0,1.3863561153411863
2020-11-17,18.821875,47.49937499999999,30.99895833333333,93.453125,7.233333333333333,,,7.884374999999999,3.4375,4.258333333333334,0.0,0.06562512,0.0,0.0656251200000071,60.602655650000024,0,2.0013835430145264
2020-11-18,16.523958333333333,46.716875,30.415625,95.97291666666666,7.790624999999999,,,7.91875,2.347368421052632,4.7250000000000005,2.2730886e-05,0.0,0.06562512,0.0656478508860071,57.52064638088603,0,2.7934529781341557
2020-11-19,15.719791666666666,47.3840625,30.879166666666663,98.015625,8.06875,,,7.947916666666667,0.5164835164835165,3.904166666666667,0.0,2.2730886e-05,0.0,2.273088600710543e-05,16.917056380886027,0,4.148736476898193
2020-11-20,16.391666666666666,44.7075,28.97083333333333,96.928125,7.946874999999999,,,7.893750000000001,0.5189873417721519,4.023958333333334,0.0,0.0,2.2730886e-05,2.273088600710543e-05,0.22281038088602842,0,3.269918203353882
2020-11-21,17.070833333333333,40.392604166666665,25.90833333333333,91.24166666666667,7.520833333333333,,,7.816666666666666,0.6941176470588235,4.625,0.0,0.0,0.0,0.0,0.06564785088602841,0,4.165582656860352
2020-11-22,17.882291666666667,37.5725,23.91979166666667,86.40729166666667,7.095833333333334,,,7.720833333333334,1.5326086956521738,5.177083333333333,0.01454125,0.0,0.0,0.014541250000007106,0.08018910088602842,0,0.7262065410614014
2020-11-23,18.2,36.85583333333333,23.41875,85.378125,6.989583333333333,,,7.709375,2.0760869565217392,5.05625,12.120109,0.01454125,0.0,12.134650250000007,12.134672980886029,0,3.841943264007568
2020-11-24,16.501041666666666,43.51822916666666,28.12291666666667,89.13020833333333,7.339583333333334,,,7.85,1.0786516853932584,4.020833333333333,0.017946763,12.120109,0.01454125,12.152597013000006,12.152619743886028,0,4.559126377105713
2020-11-25,16.08125,43.681875,28.22395833333333,88.98333333333333,7.3875,,,7.833333333333333,0.5443037974683544,3.6760416666666655,1.0154835,0.017946763,12.120109,13.153539263000006,13.168080513000028,0,0.275166392326355
2020-11-26,17.672916666666666,38.626041666666666,24.651041666666668,88.91979166666665,7.308333333333334,,,7.723958333333333,2.127659574468085,4.313541666666667,8.324942,1.0154835,0.017946763,9.358372263000007,21.493022513000028,0,8.893390655517578
2020-11-27,18.910416666666663,39.052395833333335,24.964583333333334,85.76041666666667,6.863541666666666,,,7.713541666666667,3.625,4.7125,1.2205709,8.324942,1.0154835,10.560996400000008,22.713593413000027,0,1.609158992767334
2020-11-28,18.354166666666668,42.0859375,27.113541666666663,80.57708333333333,6.436458333333333,,,7.735416666666667,2.2127659574468086,4.295833333333333,12.17837,1.2205709,8.324942,21.723882900000007,34.89196341300003,0,
2020-11-29,17.888541666666665,44.72979166666667,29.007291666666664,85.64895833333333,6.826041666666666,,,7.796875,1.9891304347826089,3.6510416666666665,1.4237949,12.17837,1.2205709,14.822735800000007,36.301217063000024,0,4.753920078277588
2020-11-30,18.68958333333333,39.5128125,25.275,90.54583333333332,7.270833333333333,,,7.740625,11.270833333333334,4.492708333333334,26.08368,1.4237949,12.17837,39.685844900000006,50.264788063000026,1,4.814262390136719
2020-12-01,15.173958333333331,37.455,23.81041666666667,93.47916666666669,8.127083333333333,,,7.836458333333334,8.583333333333334,4.9750000000000005,0.025003608,26.08368,1.4237949,27.532478508000004,50.271844908000034,0,5.404147148132324
2020-12-02,13.2625,38.619479166666665,24.610416666666666,94.74791666666664,8.513541666666667,,,7.88125,4.489583333333333,4.798958333333333,0.0,0.025003608,26.08368,26.108683608000007,49.25636140800003,0,2.50713324546814
2020-12-03,13.377083333333331,40.79291666666666,26.1375,96.70104166666664,8.578125,,,7.926041666666666,1.9583333333333333,4.15,0.0,0.0,0.025003608,0.025003608000007106,40.93141940800003,0,1.942340970039368
2020-12-04,14.322916666666666,41.456875,26.625,96.159375,8.334375,,,7.921875,1.768421052631579,3.9635416666666665,1.5197014,0.0,0.0,1.519701400000007,41.23054990800003,0,0.5089611411094666
2020-12-05,15.169791666666669,39.505833333333335,25.254166666666663,97.80416666666667,8.420833333333333,,,7.884374999999999,6.673684210526316,4.644791666666666,10.893183,1.5197014,0.0,12.412884400000008,39.94536290800003,0,1.6957483291625977
2020-12-06,14.403125,42.2371875,27.178125,96.58229166666666,8.336458333333333,,,7.929166666666667,2.458333333333333,3.996875,0.0022135095,10.893183,1.5197014,12.415097909500009,38.52378151750003,0,2.4182069301605225
2020-12-07,14.5,43.863125,28.3375,92.38020833333331,7.910416666666666,,,7.919791666666668,1.8645833333333333,3.9479166666666665,16.030611,0.0022135095,10.893183,26.92600750950001,28.47071251750003,0,
2020-12-08,12.55625,44.19072916666667,28.508333333333336,92.48958333333331,8.239583333333334,,,7.945833333333334,1.1770833333333333,3.5343750000000003,0.26670104,16.030611,0.0022135095,16.29952554950001,28.71240994950003,0,3.4813320636749268
2020-12-09,11.791666666666666,44.70947916666666,28.84583333333333,93.325,8.435416666666667,,,7.953125,0.5348837209302325,3.1750000000000003,1.8414991,0.26670104,16.030611,18.138811140000012,30.55390904950003,0,2.931887149810791
2020-12-10,12.409375,44.5821875,28.789583333333336,93.82083333333333,8.370833333333334,,,7.942708333333333,1.2526315789473683,3.1802083333333333,0.0,1.8414991,0.26670104,2.1082001400000108,30.55390904950003,0,3.440086126327514
2020-12-11,14.005208333333334,46.61489583333333,30.296875,93.25208333333336,7.979166666666667,,,7.927083333333333,1.6041666666666667,3.178125,0.0012087655,0.0,1.8414991,1.8427078655000106,29.03541641500003,0,0.8466401696205139
2020-12-12,15.126041666666666,47.09916666666666,30.66875,92.00520833333331,7.666666666666667,,,7.892708333333334,2.294736842105263,3.827083333333333,0.27880678,0.0012087655,0.0,0.2800155455000106,18.421040195000028,0,2.720589637756348
2020-12-13,16.107291666666665,47.59270833333333,31.040625,90.55520833333333,7.380208333333333,,,7.873958333333333,2.747368421052632,3.297916666666667,2.6148176,0.27880678,0.0012087655,2.8948331455000105,21.033644285500028,0,2.5454249382019043
2020-12-14,16.421875,47.409062500000005,30.915625,88.43854166666667,7.170833333333333,,,7.839583333333334,7.25531914893617,3.966666666666667,4.301416,2.6148176,0.27880678,7.195040380000011,9.304449285500027,0,
2020-12-15,14.366666666666667,49.281666666666666,32.23229166666667,94.66354166666667,7.9375,,,7.935416666666666,6.4526315789473685,5.148958333333334,0.29619467,4.301416,2.6148176,7.212428270000011,9.333942915500028,0,7.845301628112793
2020-12-16,13.665625,50.020833333333336,32.74791666666667,94.02916666666664,7.973958333333333,,,7.934375,5.645161290322581,4.239325842696629,14.439203,0.29619467,4.301416,19.036813670000008,21.931646815500027,0,
2020-12-17,13.260416666666666,50.35885416666667,32.97708333333333,97.07291666666669,8.279166666666667,,,7.905208333333333,4.395833333333333,2.7114583333333333,7.5214376,14.439203,0.29619467,22.25683527000001,29.453084415500026,0,4.5579118728637695
2020-12-18,12.720833333333331,50.29010416666667,32.90208333333333,99.565625,8.603125,,,7.898958333333334,3.1789473684210527,1.5541666666666665,0.0,7.5214376,14.439203,21.960640600000012,29.451875650000026,0,4.590936660766602
2020-12-19,12.082291666666668,50.735104166666666,33.197916666666664,100.53125,8.783333333333333,,,7.941666666666666,2.177083333333333,1.5333333333333332,0.0,0.0,7.5214376,7.52143760000001,29.173068870000026,0,4.644563674926758
2020-12-20,12.179166666666667,49.413125,32.244791666666664,97.13645833333334,8.519791666666666,,,7.913541666666667,1.1875,1.7270833333333335,6.070379,0.0,0.0,6.070379000000011,32.62863027000003,0,
2020-12-21,12.047916666666666,46.860104166666666,30.398958333333336,96.37395833333332,8.576041666666667,,,7.884374999999999,1.1875,1.7645833333333334,5.72158,6.070379,0.0,11.791959000000011,34.04879427000002,0,0.2087296843528747
2020-12-22,11.194791666666667,41.381145833333335,26.454166666666666,97.21979166666668,9.027083333333334,,,7.866666666666667,1.946808510638298,1.7427083333333335,0.0,5.72158,6.070379,11.791959000000011,33.752599600000025,0,1.92584228515625
2020-12-23,11.603125,42.45604166666667,27.23645833333333,98.37708333333336,9.013541666666669,,,7.880208333333333,1.6354166666666667,2.88125,0.00087270513,0.0,5.72158,5.722452705130011,19.31426930513003,0,0.9300874471664428
2020-12-24,13.214583333333332,40.012708333333336,25.573958333333334,96.73333333333332,8.658333333333333,,,7.832291666666666,3.15625,2.2572916666666667,11.4180155,0.00087270513,0.0,11.41888820513001,23.21084720513003,0,0.2131618559360504
2020-12-25,11.842708333333334,34.943020833333335,21.96875,93.13020833333331,8.797916666666667,,,7.780208333333333,11.1875,3.2458333333333336,48.793465,11.4180155,0.00087270513,60.21235320513001,72.00431220513002,1,4.260729789733887
2020-12-26,9.241666666666667,36.5059375,22.9875,92.86979166666669,9.216666666666669,,,7.846875,6.75,3.296875,0.013598343,48.793465,11.4180155,60.225078843000006,72.01791054813003,0,2.555392980575561
2020-12-27,10.098958333333334,40.073125,25.51875,94.940625,9.086458333333336,,,7.883333333333334,4.40625,2.844791666666667,0.0,0.013598343,48.793465,48.80706334300001,65.94753154813003,0,2.5103530883789062
2020-12-28,11.0875,40.582708333333336,25.903125,96.95520833333336,9.054166666666667,,,7.880208333333333,3.7395833333333335,2.3739583333333334,0.2309858,0.0,0.013598343,0.24458414300001421,60.456937348130026,0,0.6594394445419312
2020-12-29,12.015625,42.248645833333335,27.12708333333333,96.790625,8.785416666666666,,,7.880208333333333,4.03125,2.771875,0.0,0.2309858,0.0,0.2309858000000142,60.456937348130026,0,3.1631627082824707
2020-12-30,11.520833333333334,46.13677083333334,29.86145833333333,99.11354166666666,8.942708333333334,,,7.886458333333334,5.230769230769231,7.679545454545454,0.000714457,0.0,0.2309858,0.2317002570000142,60.45677910000003,0,2.8751471042633057
2020-12-31,13.160416666666668,44.60552083333334,28.815625,100.89375,8.847916666666666,,,7.869791666666667,5.2631578947368425,5.554444444444445,0.94467914,0.000714457,0.0,0.9453935970000142,49.98344274000003,0,1.634387731552124
2021-01-01,13.992708333333333,41.216875,26.464583333333334,95.11979166666669,8.321875,,,7.816666666666666,16.357894736842105,,12.575491,0.94467914,0.000714457,13.520884597000014,13.765468740000028,0,
2021-01-02,14.902083333333332,41.92447916666666,26.95833333333333,97.196875,8.322916666666666,,,7.801041666666666,10.96875,,22.890432,12.575491,0.94467914,36.410602140000016,36.64230239700003,1,4.961216926574707
2021-01-03,15.492708333333333,41.285,26.5125,97.80833333333334,8.299999999999999,,,7.797916666666667,7.40625,,18.73104,22.890432,12.575491,54.19696300000001,55.37334239700003,1,2.690072774887085
2021-01-04,13.876041666666666,43.7640625,28.253125,97.60416666666669,8.476041666666667,,,7.838541666666667,5.197916666666667,,0.068767495,18.73104,22.890432,41.690239495000014,55.21112409200003,0,3.2783048152923584
2021-01-05,12.432291666666666,44.935,29.04583333333333,94.990625,8.448958333333334,,,7.85625,3.273684210526316,,0.2049353,0.068767495,18.73104,19.00474279500001,55.41605939200003,0,2.5568060874938965
2021-01-06,11.376041666666666,44.56645833333334,28.740625,96.1375,8.766666666666667,,,7.863541666666666,3.395833333333333,,0.005481519,0.2049353,0.068767495,0.27918431400001065,55.42082645400003,0,
2021-01-07,11.135416666666666,46.26125,29.93645833333333,97.15,8.840625000000001,,,7.876041666666667,1.6770833333333333,,0.5918459,0.005481519,0.2049353,0.8022627190000107,55.067993214000026,0,6.535797119140625
2021-01-08,11.001041666666666,48.46322916666667,31.50625,96.81979166666667,8.751041666666667,,,7.876041666666667,2.3854166666666665,,5.60728,0.5918459,0.005481519,6.204607419000011,48.09978221400003,0,
2021-01-09,10.395833333333334,48.448125,31.454166666666666,96.08229166666666,8.796875,,,7.846875,3.15625,,2.1938767,5.60728,0.5918459,8.393002600000012,27.403226914000026,0,3.097003221511841
2021-01-10,10.127083333333331,48.170520833333335,31.241666666666664,96.990625,8.946875,,,7.846875,3.552083333333333,,0.0,2.1938767,5.60728,7.801156700000011,8.672186914000026,0,2.7761855125427246
2021-01-11,10.427083333333334,48.07989583333333,31.191666666666663,96.06145833333332,8.803125,,,7.860416666666667,2.0625,,0.205023,0.0,2.1938767,2.398899700000011,8.808442419000025,0,1.2119847536087036
2021-01-12,10.696875,48.331875,31.396875,96.51145833333334,8.783333333333333,,,7.855208333333334,2.552083333333333,,0.16991276,0.205023,0.0,0.37493576000001066,8.773419879000025,0,4.917520046234131
2021-01-13,11.044791666666669,48.165625,31.290625,99.259375,8.965625000000001,,,7.867708333333334,3.0729166666666665,,0.0,0.16991276,0.205023,0.37493576000001066,8.767938360000025,0,1.7690540552139282
2021-01-14,11.536458333333334,47.29645833333333,30.68958333333333,100.50729166666667,9.015625,,,7.869791666666667,3.2604166666666665,,8.216226,0.0,0.16991276,8.386138760000012,16.392318460000027,0,2.497865676879883
2021-01-15,11.640625,47.263958333333335,30.671875,100.76875,9.015625,,,7.876041666666667,4.768421052631579,,0.0,8.216226,0.0,8.216226000000011,10.785038460000026,0,2.7522943019866943
2021-01-16,11.304166666666667,45.75375,29.575,99.06666666666666,9.001041666666667,,,7.894791666666666,3.9166666666666665,,0.32073745,0.0,8.216226,8.53696345000001,8.911899210000024,0,3.269136428833008
2021-01-17,9.660416666666666,42.045625,26.866666666666664,99.24270833333333,9.492708333333333,,,7.886458333333334,3.052083333333333,,0.0012211867,0.32073745,0.0,0.3219586367000106,8.913120396700025,0,4.067500114440918
2021-01-18,9.740625,39.298125,24.93541666666667,100.928125,9.761458333333334,,,7.903125,3.395833333333333,,0.20826802,0.0012211867,0.32073745,0.5302266567000107,8.916365416700026,0,2.579700469970703
2021-01-19,9.908333333333331,38.58229166666667,24.447916666666668,102.55520833333333,9.908333333333331,,,7.913541666666667,2.147368421052632,,0.0,0.20826802,0.0012211867,0.20948920670001064,8.746452656700026,0,1.9892261028289795
2021-01-20,10.24842105263158,31.180736842105265,19.367368421052632,101.39894736842103,10.057894736842105,,,7.844444444444444,2.8253968253968256,,1.7758489,0.0,0.20826802,1.9841169200000106,10.522301556700025,0,3.249932050704956
2021-01-21,10.594791666666667,35.6346875,22.441666666666663,98.93541666666664,9.558333333333334,,,,,,1.8478633,1.7758489,0.0,3.6237122000000106,4.153938856700025,0,
2021-01-22,10.782291666666666,37.17010416666667,23.510416666666668,98.178125,9.375,,,,,,9.097968,1.8478633,1.7758489,12.72168020000001,13.251906856700025,0,2.598766565322876
2021-01-23,10.09375,39.72625,25.260416666666668,98.56979166666667,9.448958333333334,,,,,,0.0,9.097968,1.8478633,10.94583130000001,12.931169406700025,0,2.7091715335845947
2021-01-24,9.578125,43.560520833333335,27.921875,99.865625,9.527083333333334,,,,,,0.0,0.0,9.097968,9.09796800000001,12.929948220000025,0,3.901825666427612
2021-01-25,9.972916666666666,44.75229166666667,28.791666666666668,97.53125,9.16875,,,,,,3.69021,0.0,0.0,3.6902100000000106,16.411890200000023,0,
2021-01-26,11.183333333333332,43.66468750000001,28.070833333333336,96.21145833333333,8.851041666666667,,,,,,19.72919,3.69021,0.0,23.41940000000001,36.14108020000002,1,
2021-01-27,12.028125,44.81364583333333,28.9375,94.446875,8.488541666666666,,,,,,6.1708426,19.72919,3.69021,29.59024260000001,40.53607390000002,0,
2021-01-28,10.566666666666666,46.7815625,30.271875,98.49791666666664,9.05625,,,,,,0.42395502,6.1708426,19.72919,26.32398762000001,39.11216562000002,0,1.671486735343933
2021-01-29,8.981250000000001,49.00885416666667,31.759375,100.26979166666666,9.445833333333333,,,,,,0.0,0.42395502,6.1708426,6.594797620000011,30.014197620000022,0,2.382110595703125
2021-01-30,8.970833333333333,49.59604166666667,32.178125,102.871875,9.663541666666667,,,,,,0.02953258,0.0,0.42395502,0.45348760000001065,30.043730200000024,0,2.1973354816436768
2021-01-31,9.464583333333334,48.98083333333333,31.773958333333336,99.11145833333336,9.240625,,,,,,5.265386,0.02953258,0.0,5.294918580000011,35.30911620000002,0,
2021-02-01,9.889583333333333,46.3084375,29.89270833333333,97.321875,9.101041666666667,,,,,,10.510778,5.265386,0.02953258,15.80569658000001,42.12968420000003,0,
2021-02-02,9.095833333333331,47.102916666666665,30.40833333333333,99.66041666666666,9.457291666666666,,,,,,0.123602346,10.510778,5.265386,15.899766346000012,22.524096546000024,0,
2021-02-03,8.021875,46.10447916666666,29.619791666666668,100.12604166666668,9.777083333333334,,,,,,0.104141206,0.123602346,10.510778,10.73852155200001,16.457395152000025,0,3.4751405715942383
2021-02-04,7.901041666666667,46.60583333333333,29.961458333333336,101.76666666666668,9.942708333333334,,,,,,0.009070596,0.104141206,0.123602346,0.23681414800001244,16.042510728000025,0,2.345909118652344
2021-02-05,8.928125,42.447291666666665,27.113541666666663,95.29479166666664,9.265625,,,,,,23.759874,0.009070596,0.104141206,23.873085802000013,39.80238472800002,1,
2021-02-06,9.279166666666669,40.95583333333334,26.073958333333334,93.56666666666666,9.09375,,,,,,7.614101,23.759874,0.009070596,31.38304559600001,47.386953148000025,0,0.2046205103397369
2021-02-07,9.05,43.19479166666667,27.63854166666667,97.834375,9.457291666666666,,,,,,7.936702,7.614101,23.759874,39.31067700000001,50.05826914800002,0,
2021-02-08,9.369791666666666,44.97447916666667,28.916666666666668,101.51145833333334,9.655208333333333,,,,,,0.012717104,7.936702,7.614101,15.563520104000014,39.560208252000024,0,3.0561349391937256
2021-02-09,9.844791666666667,46.17583333333334,29.79375,101.43020833333333,9.494791666666666,,,,,,8.938441,0.012717104,7.936702,16.887860104000012,48.37504690600002,0,
2021-02-10,10.50625,46.16770833333334,29.83020833333333,101.31666666666666,9.342708333333333,,,,,,0.041395854,8.938441,0.012717104,8.992553958000013,48.31230155400002,0,0.997779905796051
2021-02-11,11.165625,47.44072916666667,30.76354166666667,104.69166666666666,9.445833333333333,,,,,,0.5967918,0.041395854,8.938441,9.576628654000013,48.90002275800003,0,0.1146656423807144
2021-02-12,10.402083333333334,47.4378125,30.730208333333334,97.04791666666668,8.93125,,,,,,9.315307,0.5967918,0.041395854,9.953494654000014,34.45545575800003,0,
2021-02-13,9.345833333333331,47.5628125,30.74895833333333,97.671875,9.198958333333334,,,,,,16.119137,9.315307,0.5967918,26.03123580000001,42.960491758000025,0,
2021-02-14,8.80625,46.85270833333333,30.204166666666666,96.86875,9.265625,,,,,,12.699953,16.119137,9.315307,38.134397000000014,47.72374275800002,0,
2021-02-15,8.873958333333333,45.545,29.282291666666666,100.0875,9.609375,,,,,,7.434669,12.699953,16.119137,36.25375900000002,55.145694654000025,0,0.107206180691719
2021-02-16,11.91263157894737,41.61,26.63157894736842,104.67473684210526,9.543157894736842,,,,3.813953488372093,,13.770632,7.434669,12.699953,33.90525400000001,59.97788565400003,0,5.437726974487305
2021-02-17,11.29375,39.63177083333333,25.2375,102.31041666666664,9.552083333333334,,,,7.372340425531915,,0.00035441006,13.770632,7.434669,21.205655410060018,59.93684421006003,0,4.668738842010498
2021-02-18,9.807291666666666,33.9934375,21.352083333333336,98.37291666666664,9.738541666666666,,,,32.325581395348834,,12.950877,0.00035441006,13.770632,26.721863410060017,72.29092941006002,0,
2021-02-19,8.859375,25.187812500000003,15.310416666666669,96.21875,10.120833333333334,,,,45.645833333333336,,17.507643,12.950877,0.00035441006,30.458874410060016,80.48326541006003,0,
2021-02-20,8.458333333333334,15.733958333333334,9.211458333333333,101.43125,11.191666666666668,,,,43.958333333333336,,4.01941,17.507643,12.950877,34.477930000000015,68.38353841006003,0,2.5568325519561768
2021-02-21,8.188541666666667,17.906875,10.764583333333334,104.06770833333331,11.445833333333333,,,,16.52173913043478,,0.0,4.01941,17.507643,21.527053000000016,55.683585410060026,0,3.438591718673706
2021-02-22,9.476041666666667,35.0953125,22.04479166666667,102.89895833333333,10.217708333333333,,,,5.546511627906977,,2.2410283,0.0,4.01941,6.260438300000014,50.48994471006002,0,2.2363440990448
2021-02-23,11.246875,17.545416666666668,10.410416666666666,98.98645833333336,10.15625,,,,6.71875,,0.35199293,2.2410283,0.0,2.593021230000014,37.071305640060025,0,1.4229780435562134
2021-02-24,12.282105263157897,23.507473684210527,14.44315789473684,101.60631578947368,9.91578947368421,,,,8.582417582417582,,0.19410701,0.35199293,2.2410283,2.787128240000014,37.26505824000003,0,2.159597873687744
2021-02-25,12.8125,35.280625,22.28125,105.15104166666669,9.63125,,,,5.127659574468085,,0.0,0.19410701,0.35199293,0.5460999400000142,24.314181240000025,0,4.752503395080566
2021-02-26,12.211458333333333,40.645833333333336,26.00208333333333,98.25208333333336,8.954166666666667,,,,6.6875,,1.4306961,0.0,0.19410701,1.6248031100000142,8.237234340000025,0,0.3228518962860107
2021-02-27,13.46875,42.009479166666665,26.975,106.28125,9.308333333333334,,,,4.28421052631579,,0.67396873,1.4306961,0.0,2.104664830000014,4.891793070000025,0,1.342548370361328
2021-02-28,14.984375,41.37197916666667,26.55625,101.9125,8.689583333333333,,,,6.126315789473685,,1.5218447,0.67396873,1.4306961,3.626509530000014,6.413637770000024,0,0.7775276899337769
2021-03-01,16.019791666666666,40.4553125,25.93125,99.25729166666667,8.362499999999999,,,,13.43956043956044,,2.918693,1.5218447,0.67396873,5.114506430000015,7.091302470000025,0,0.1751048266887664
2021-03-02,13.273958333333333,42.883229166666666,27.603125,100.56666666666666,8.882291666666667,,,,4.4526315789473685,,10.219396,2.918693,1.5218447,14.659933700000014,16.958705540000025,0,
2021-03-03,12.010416666666666,45.71270833333333,29.56458333333333,103.29583333333332,9.232291666666669,,,,2.4130434782608696,,18.209286,10.219396,2.918693,31.347375000000014,34.97388453000002,1,6.964339733123779
2021-03-04,12.730208333333332,44.330937500000005,28.59895833333333,108.125,9.557291666666666,,,,3.208333333333333,,0.0,18.209286,10.219396,28.428682000000013,34.97388453000002,0,2.6538960933685303
2021-03-05,12.579166666666666,44.2721875,28.557291666666668,108.09791666666666,9.602083333333333,,,,2.1979166666666665,,0.0,0.0,18.209286,18.209286000000013,33.54318843000003,0,2.8981847763061523
2021-03-06,11.814583333333331,44.488125,28.694791666666664,105.33333333333331,9.525,,,,1.3125,,2.1645622,0.0,0.0,2.1645622000000144,35.03378190000003,0,5.0158772468566895
2021-03-07,11.471875,43.01416666666666,27.626041666666666,104.965625,9.617708333333333,,,,2.3684210526315788,,0.6937634,2.1645622,0.0,2.8583256000000143,34.20570060000002,0,3.414992570877075
2021-03-08,11.805208333333333,41.84635416666666,26.8125,106.125,9.701041666666669,,,,1.4166666666666667,,0.0,0.6937634,2.1645622,2.8583256000000143,31.287007600000024,0,2.528749704360962
2021-03-09,12.428125,39.11510416666667,24.91145833333333,105.78125,9.646875,,,,1.945054945054945,,0.0,0.0,0.6937634,0.6937634000000142,21.067611600000024,0,2.229536533355713
2021-03-10,13.4375,38.928333333333335,24.81145833333333,107.12916666666666,9.54375,,,,1.4583333333333333,,0.11877368,0.0,0.0,0.11877368000001422,2.9770992800000253,0,2.808297872543335
2021-03-11,14.527083333333332,40.47302083333333,25.915625,107.44583333333333,9.278125,,,,1.5729166666666667,,0.0,0.11877368,0.0,0.11877368000001422,2.9770992800000253,0,2.8899357318878174
2021-03-12,15.733333333333334,41.204166666666666,26.440625,109.03541666666666,9.132291666666667,,,,1.9166666666666667,,0.060788266,0.0,0.11877368,0.1795619460000142,3.037887546000025,0,3.529003143310547
2021-03-13,14.865625,41.3684375,26.558333333333334,94.87083333333334,8.152083333333334,,,,3.2916666666666665,,2.8098955,0.060788266,0.0,2.870683766000014,3.683220846000025,0,3.3525495529174805
2021-03-14,15.207291666666668,43.18666666666667,27.851041666666664,104.478125,8.793750000000001,,,,1.59375,,0.25141463,2.8098955,0.060788266,3.1220983960000144,3.2408720760000254,0,2.890212297439575
2021-03-15,14.177083333333334,44.18645833333333,28.551041666666663,100.99479166666669,8.698958333333334,,,,1.8854166666666667,,1.3578242,0.25141463,2.8098955,4.4191343300000145,4.598696276000025,0,1.4408820867538452
2021-03-16,12.455208333333331,46.42958333333333,30.102083333333336,99.23854166666666,8.772916666666667,,,,1.6458333333333333,,9.743742,1.3578242,0.25141463,11.352980830000014,14.342438276000024,0,
2021-03-17,13.09375,45.18125,29.22395833333333,105.04375,9.191666666666666,,,,1.1979166666666667,,7.3887243,9.743742,1.3578242,18.490290500000015,21.612388896000024,0,0.1021158620715141
2021-03-18,14.639583333333334,44.46197916666667,28.751041666666666,102.009375,8.685416666666667,,,,7.094736842105263,,5.394114,7.3887243,9.743742,22.526580300000013,27.006502896000022,0,
2021-03-19,14.789583333333333,40.58552083333333,25.994791666666668,94.31145833333332,8.161458333333334,,,,2.778947368421053,,4.734849,5.394114,7.3887243,17.517687300000013,31.680563630000023,0,0.1504620015621185
2021-03-20,11.690625,46.26322916666667,29.94270833333333,100.0875,8.989583333333334,,,,1.6875,,4.9804952e-05,4.734849,5.394114,10.129012804952014,28.870717934952026,0,1.0219824314117432
2021-03-21,11.855208333333332,47.2375,30.651041666666668,100.88854166666664,8.996875000000001,,,,1.5104166666666667,,2.1672142,4.9804952e-05,4.734849,6.902113004952014,30.786517504952023,0,3.2587482929229736
2021-03-22,13.038541666666667,47.50666666666667,30.89375,100.90833333333336,8.761458333333334,,,,2.052083333333333,,3.972304,2.1672142,4.9804952e-05,6.1395680049520145,33.40099730495202,0,
2021-03-23,14.340625,47.51447916666667,30.93541666666667,100.44375,8.5,,,7.870588235294118,2.0416666666666665,,0.3363985,3.972304,2.1672142,6.475916700000014,23.993653804952025,0,4.825010776519775
2021-03-24,16.119791666666668,47.08197916666666,30.660416666666663,101.753125,8.322916666666666,,,7.835416666666667,4.302083333333333,,2.3696744,0.3363985,3.972304,6.678376900000014,18.974603904952026,0,1.8680803775787356
2021-03-25,17.3875,46.0246875,29.90416666666667,102.87395833333332,8.233333333333333,,,7.810416666666666,3.114583333333333,,1.058071,2.3696744,0.3363985,3.7641439000000143,14.638560904952024,0,0.7847044467926025
2021-03-26,18.560416666666665,44.463750000000005,28.785416666666663,97.1375,7.652083333333334,,,7.747916666666666,6.354166666666667,,11.516783,1.058071,2.3696744,14.944528400000014,21.420494904952026,0,
2021-03-27,17.908333333333335,43.7340625,28.260416666666668,96.34270833333332,7.702083333333333,,,7.746875,6.270833333333333,,2.4823332,11.516783,1.058071,15.057187200000012,23.902778300000023,0,1.2359097003936768
2021-03-28,18.41875,44.725208333333335,28.977083333333336,95.73333333333332,7.546875,,,7.757291666666667,11.46875,,11.63678,2.4823332,11.516783,25.635896200000012,33.37234410000003,0,
2021-03-29,17.150000000000002,43.60614583333333,28.19375,101.00208333333336,8.176041666666666,,,7.819791666666667,11.297872340425531,,2.3286552,11.63678,2.4823332,16.447768400000015,31.728695300000027,0,2.251919269561768
2021-03-30,17.126041666666666,45.21020833333333,29.313541666666666,104.47916666666669,8.36875,,,7.876041666666667,7.979166666666667,,0.05390401,2.3286552,11.63678,14.019339210000014,31.446200810000022,0,2.9492249488830566
2021-03-31,18.59375,46.90135416666666,30.547916666666666,101.00625,7.846875,,,7.847916666666666,5.6,,0.94409835,0.05390401,2.3286552,3.3266575600000143,30.020624760000022,0,1.019194483757019
2021-04-01,18.008333333333333,43.03520833333334,27.81041666666667,96.68854166666668,7.765625,,,7.834375,9.268817204301076,,22.669777,0.94409835,0.05390401,23.667779360000015,51.63233076000002,1,1.687514066696167
2021-04-02,14.147916666666667,47.59197916666667,30.988541666666663,99.85833333333332,8.452083333333333,,,7.901041666666667,9.260416666666666,,0.0,22.669777,0.94409835,23.613875350000015,40.11554776000003,0,2.599872589111328
2021-04-03,14.164583333333333,47.7278125,31.08333333333333,102.03229166666668,8.626041666666667,,,7.938541666666667,3.2604166666666665,,0.0,0.0,22.669777,22.669777000000014,37.63321456000002,0,2.022035598754883
2021-04-04,14.814583333333331,44.94854166666667,29.103125,101.31979166666667,8.570833333333333,,,7.927083333333333,2.84375,,0.0,0.0,0.0,0.0,25.996434560000026,0,2.8337504863739014
2021-04-05,15.871875,41.02489583333333,26.33125,100.88645833333334,8.511458333333334,,,7.911458333333333,2.7916666666666665,,0.0,0.0,0.0,0.0,23.667779360000026,0,1.527729630470276
2021-04-06,17.071875000000002,40.1359375,25.711458333333336,103.35520833333334,8.534374999999999,,,7.889583333333333,2.552083333333333,,0.0,0.0,0.0,0.0,23.613875350000026,0,2.4246952533721924
2021-04-07,17.834374999999998,40.805,26.198958333333334,103.05625,8.35,,,7.872916666666668,2.927083333333333,,0.0,0.0,0.0,0.0,22.669777000000025,0,2.401405334472656
2021-04-08,18.323958333333334,42.258854166666666,27.219791666666666,102.771875,8.190624999999999,,,7.858333333333333,3.042105263157895,,0.0,0.0,0.0,0.0,0.0,0,0.7027300596237183
2021-04-09,19.459375,42.850625,27.63958333333333,99.56041666666664,7.742708333333333,,,7.815625,4.11578947368421,,2.662995,0.0,0.0,2.662995000000014,2.662995000000025,0,2.230663061141968
2021-04-10,19.807291666666668,44.408229166666665,28.75625,93.92395833333336,7.216666666666666,,,7.774999999999999,3.5,,10.9081545,2.662995,0.0,13.571149500000015,13.571149500000026,0,1.410766363143921
2021-04-11,20.73958333333333,43.01958333333334,27.754166666666663,97.125,7.3625,,,7.748958333333333,4.395833333333333,,5.2386374,10.9081545,2.662995,18.809786900000013,18.809786900000027,0,4.095945835113525
2021-04-12,20.25,43.5053125,28.10625,99.00208333333336,7.545833333333333,,,7.777083333333334,3.65625,,1.4410843,5.2386374,10.9081545,17.587876200000018,20.250871200000027,0,0.5638525485992432
2021-04-13,19.353125,46.08208333333334,29.963541666666668,100.93125,7.741666666666667,,,7.817708333333333,3.8541666666666665,,0.0,1.4410843,5.2386374,6.679721700000014,20.250871200000027,0,2.5945963859558105
2021-04-14,20.17395833333333,46.89052083333333,30.540625,102.09375,7.7,,,7.857291666666668,3.75,,0.0,0.0,1.4410843,1.4410843000000142,20.250871200000027,0,2.066814661026001
2021-04-15,20.6625,44.21479166666666,28.617708333333336,91.97708333333333,6.98125,,,7.773958333333333,6.385416666666667,,6.6829286,0.0,0.0,6.6829286000000145,26.933799800000024,0,
2021-04-16,19.41145833333333,45.895520833333336,29.823958333333334,97.48541666666668,7.492708333333333,,,7.810416666666666,4.895833333333333,,0.0,6.6829286,0.0,6.6829286000000145,24.27080480000003,0,2.103827953338623
2021-04-17,19.320833333333333,45.13458333333333,29.275,95.871875,7.414583333333333,,,7.797916666666667,5.104166666666667,,0.03710748,0.0,6.6829286,6.720036080000015,13.399757780000025,0,0.5417746305465698
2021-04-18,20.359375,45.11656249999999,29.253125,95.69895833333334,7.247916666666666,,,7.769791666666666,5.052083333333333,,0.70073384,0.03710748,0.0,0.7378413200000142,8.861854220000025,0,1.5630308389663696
2021-04-19,20.979166666666668,45.334375,29.410416666666663,94.00416666666666,7.05,,,7.761458333333334,4.697916666666667,,0.06179792,0.70073384,0.03710748,0.7996392400000142,7.4825678400000255,0,0.1896063536405563
2021-04-20,20.63125,45.04802083333333,29.2125,92.90625,7.017708333333334,,,7.722916666666666,5.375,,0.0022739104,0.06179792,0.70073384,0.7648056704000142,7.484841750400025,0,0.5113243460655212
2021-04-21,20.938541666666666,43.521875,28.11145833333333,89.26145833333334,6.758333333333333,,,7.619791666666667,6.40625,,0.030192891,0.0022739104,0.06179792,0.09426472140001421,7.5150346414000255,0,2.0914418697357178
2021-04-22,18.019791666666663,44.1703125,28.5875,92.56145833333332,7.386458333333334,,,7.702083333333333,4.59375,,0.0,0.030192891,0.0022739104,0.032466801400014206,0.8321060414000249,0,0.5533278584480286
2021-04-23,17.483333333333334,46.11145833333333,29.98229166666667,96.14375,7.678125,,,7.725,5.854166666666667,,0.0,0.0,0.030192891,0.03019289100001421,0.8321060414000249,0,2.0654420852661133
2021-04-24,17.646874999999998,46.83822916666667,30.509375,91.73854166666666,7.28125,,,7.702083333333333,9.34375,,6.961975,0.0,0.0,6.961975000000014,7.756973561400025,0,
2021-04-25,18.617708333333333,46.99010416666667,30.62291666666667,88.86666666666667,6.922916666666667,,,7.638541666666666,9.322916666666666,,21.301933,6.961975,0.0,28.26390800000001,28.358172721400024,1,0.991779327392578
2021-04-26,19.254166666666663,48.59708333333333,31.78125,93.74895833333332,7.148958333333333,,,7.666666666666667,6.364583333333333,,0.0053857216,21.301933,6.961975,28.26929372160001,28.301760523000024,0,2.2755229473114014
2021-04-27,20.10625,49.19916666666666,32.219791666666666,92.06666666666666,6.901041666666667,,,7.66875,21.0,,0.0,0.0053857216,21.301933,21.307318721600012,28.299486612600024,0,2.161754608154297
2021-04-28,20.953125,49.071041666666666,32.115625,89.83958333333334,6.632291666666667,,,7.645833333333333,12.145833333333334,,0.5214659,0.0,0.0053857216,0.5268516216000142,28.79075962160002,0,1.9444704055786133
2021-04-29,21.59270833333333,48.31072916666667,31.557291666666668,87.69166666666666,6.427083333333333,,,7.644791666666666,20.14583333333333,,0.0133469,0.5214659,0.0,0.5348128000000143,28.804106521600023,0,2.310685873031616
2021-04-30,21.61458333333333,25.7165625,15.930208333333333,48.80416666666667,3.865625,,,7.594791666666667,47.56842105263158,,0.605677,0.0133469,0.5214659,1.1404898000000143,29.409783521600023,0,1.1066399812698364
2021-05-01,20.610416666666666,35.59130434782609,22.70434782608696,78.48695652173913,6.269565217391304,,,7.632291666666667,15.608695652173912,,0.14477372,0.605677,0.0133469,0.7637976200000143,22.592582241600024,0,7.372169017791748
2021-05-02,21.0875,,,,,,,7.533333333333334,,,0.1350477,0.14477372,0.605677,0.8854984200000142,1.425696941600025,0,1.4184975624084473
2021-05-03,22.11145833333333,,,,,,,7.430208333333333,,,7.100876,0.1350477,0.14477372,7.380697420000015,8.521187220000025,0,
2021-05-04,23.334375,,,,,,,7.047916666666667,,,4.144628,7.100876,0.1350477,11.380551700000016,12.665815220000026,0,1.0252269506454468
2021-05-05,24.20833333333333,,,,,,,7.294791666666666,,,6.0825696,4.144628,7.100876,17.328073600000018,18.226918920000024,0,0.8402267098426819
2021-05-06,22.40416666666667,,,,,,,7.572916666666667,,,1.1244482,6.0825696,4.144628,11.351645800000014,19.338020220000026,0,1.7940891981124878
2021-05-07,20.857291666666665,,,,,,,7.637499999999999,,,1.9629369,1.1244482,6.0825696,9.169954700000014,20.695280120000028,0,0.6135916113853455
2021-05-08,20.685416666666665,,,,,,,7.590625,,,0.019721575,1.9629369,1.1244482,3.1071066750000145,20.570227975000027,0,
2021-05-09,21.144791666666663,,,,,,,7.592708333333333,,,0.13061999,0.019721575,1.9629369,2.1132784650000143,20.565800265000025,0,2.0536606311798096
2021-05-10,22.557291666666668,,,,,,,7.566666666666666,,,8.311408,0.13061999,0.019721575,8.461749565000014,21.776332265000026,0,
2021-05-11,22.125,,,,,,,7.577083333333333,,,4.695127,8.311408,0.13061999,13.137154990000013,22.326831265000024,0,0.4241742193698883
2021-05-12,20.021875,,,,,,,7.591666666666666,,,13.807932,4.695127,8.311408,26.814467000000015,30.052193665000026,0,
2021-05-13,18.613541666666663,,,,,,,7.654166666666666,,,3.8874643,13.807932,4.695127,22.390523300000016,32.81520976500003,0,4.055438995361328
2021-05-14,19.232291666666665,,,,,,,7.673958333333334,,,0.00016224626,3.8874643,13.807932,17.695558546260017,30.852435111260025,0,3.2874832153320312
2021-05-15,20.185416666666665,,,,,,,7.666666666666667,,,0.07635711,0.00016224626,3.8874643,3.963983656260014,30.909070646260027,0,2.721522808074951
2021-05-16,21.480208333333334,,,,,,,7.63125,,,0.044457614,0.07635711,0.00016224626,0.12097697026001422,30.822908270260026,0,0.7849533557891846
2021-05-17,22.68125,,,,,,,7.596875,,,0.046018854,0.044457614,0.07635711,0.16683357800001422,22.557519124260025,0,
2021-05-18,23.03645833333333,,,,,,,7.6,,,0.011184214,0.046018854,0.044457614,0.10166068200001421,17.873576338260026,0,4.196491718292236
2021-05-19,23.790625,,,,,,,7.582291666666666,,,0.018902395,0.011184214,0.046018854,0.07610546300001421,4.084546733260025,0,1.7229750156402588
2021-05-20,24.43541666666667,,,,,,,7.567708333333333,,,0.0996525,0.018902395,0.011184214,0.12973910900001423,0.29673493326002487,0,1.1161478757858276
2021-05-21,23.954166666666666,,,,,,,7.607291666666666,,,0.0,0.0996525,0.018902395,0.11855489500001422,0.29657268700002487,0,1.363966941833496
2021-05-22,24.222916666666663,,,,,,,7.591666666666666,,,0.48173887,0.0,0.0996525,0.5813913700000142,0.7019544470000249,0,0.0775105357170105
2021-05-23,24.04375,,,,,,,7.54375,,,1.3249487,0.48173887,0.0,1.806687570000014,1.9824455330000248,0,0.6424549221992493
2021-05-24,24.54583333333333,50.97179487179488,33.45897435897436,96.82051282051282,6.661538461538462,,,7.621875,6.307692307692308,,0.954883,1.3249487,0.48173887,2.761570570000014,2.891309679000025,0,0.0492453798651695
2021-05-25,25.360416666666666,50.25229166666667,32.93958333333333,91.78333333333336,6.246875,,,7.755208333333333,5.979166666666667,,0.6122235,0.954883,1.3249487,2.8920552000000144,3.492348965000025,0,0.881079375743866
2021-05-26,25.7,51.123125,33.545833333333334,90.803125,6.117708333333333,,,7.761458333333334,7.536842105263158,,0.0004581765,0.6122235,0.954883,1.5675646765000144,3.473904746500025,0,
2021-05-27,25.604166666666668,51.12104166666666,33.54375,92.45729166666666,6.230208333333334,,,7.7625,9.239583333333334,,0.49730748,0.0004581765,0.6122235,1.1099891565000144,3.871559726500025,0,1.3548591136932373
2021-05-28,25.551041666666663,50.76145833333334,33.28541666666667,93.28645833333331,6.307291666666667,,,7.778125,12.208333333333334,,0.0038489087,0.49730748,0.0004581765,0.5016145652000145,3.875408635200025,0,0.8446455001831055
2021-05-29,25.485416666666666,48.30760416666666,31.5625,93.32291666666669,6.386458333333334,,,7.766666666666667,18.80208333333333,,1.4626353,0.0038489087,0.49730748,1.9637916887000144,4.856305065200025,0,0.5363355875015259
2021-05-30,23.242708333333336,40.853854166666665,26.57604166666667,86.778125,6.395833333333333,,,7.760416666666667,10.96875,,9.857799,1.4626353,0.0038489087,11.324283208700015,13.389155365200025,0,
2021-05-31,22.532291666666666,42.87260416666667,27.930208333333336,95.90416666666664,7.073958333333334,,,7.804166666666667,12.041666666666666,,1.1838394,9.857799,1.4626353,12.504273700000015,13.618111765200025,0,2.109130382537842
2021-06-01,23.1375,52.438854166666665,34.57395833333333,91.90833333333336,6.4375,,,7.767708333333334,7.414893617021277,,0.027796175,1.1838394,9.857799,11.069434575000015,13.033684440200027,0,
2021-06-02,24.619791666666668,52.21489583333334,34.371875,91.653125,6.26875,,,7.743749999999999,4.610526315789474,,3.2352915,0.027796175,1.1838394,4.446927075000015,16.268517763700025,0,
2021-06-03,25.378125,51.35552083333334,33.73125,88.16875,5.985416666666667,,,7.732291666666666,4.927083333333333,,28.335644,3.2352915,0.027796175,31.598731675000014,44.106854283700024,1,
2021-06-04,25.04895833333333,46.36656249999999,30.104166666666668,83.03333333333333,5.782291666666667,,,7.655208333333333,9.145833333333334,,24.589552,28.335644,3.2352915,56.160487500000016,68.69255737500002,1,
2021-06-05,25.75,43.81822916666667,28.24375,81.42916666666666,5.654166666666666,,,7.615625,7.368421052631579,,4.4563055,24.589552,28.335644,57.38150150000001,71.68622757500002,0,0.6982282400131226
2021-06-06,26.104166666666668,44.774166666666666,28.921875,82.86041666666667,5.7,,,7.63125,6.875,,0.8060488,4.4563055,24.589552,29.851906300000014,62.634477375000024,0,1.737295389175415
2021-06-07,26.666666666666668,45.553125,29.479166666666668,85.57083333333333,5.810416666666666,,,7.661458333333333,6.864583333333333,,2.456671,0.8060488,4.4563055,7.719025300000014,63.90730897500003,0,0.4562206864356994
2021-06-08,26.73229166666667,45.70635416666667,29.58020833333333,82.97395833333333,5.623958333333333,,,7.670833333333333,7.617021276595745,,0.70968175,2.456671,0.8060488,3.9724015500000145,64.58919455000003,0,0.2322882264852523
2021-06-09,26.84270833333333,45.4546875,29.397916666666664,84.93854166666667,5.757291666666667,,,7.680208333333333,7.083333333333333,,3.2278428,0.70968175,2.456671,6.394195550000014,64.58174585000002,0,
2021-06-10,26.84270833333333,44.84520833333334,28.960416666666664,89.22500000000001,6.05,,,7.723958333333333,8.729166666666666,,20.936268,3.2278428,0.70968175,24.87379255000001,57.18236985000002,1,
2021-06-11,27.05208333333333,45.4034375,29.35625,88.12291666666665,5.941666666666666,,,7.708333333333333,8.104166666666666,,9.390745,20.936268,3.2278428,33.55485580000001,41.98356285000003,0,1.0705164670944214
2021-06-12,26.519791666666663,44.77281249999999,28.925,81.984375,5.601041666666667,,,7.685416666666666,10.882978723404255,,8.055815,9.390745,20.936268,38.38282800000002,45.58307235000002,0,0.2876042425632477
2021-06-13,25.379166666666663,45.76854166666666,29.675,87.31354166666667,6.047916666666667,,,7.70625,7.463157894736842,,1.4267548,8.055815,9.390745,18.873314800000017,46.20377835000003,0,0.9211140275001526
2021-06-14,26.603125,46.98374999999999,30.50208333333333,91.01979166666666,6.126041666666667,,,7.690625,6.3125,,5.3266153,1.4267548,8.055815,14.809185100000015,49.07372265000003,0,3.0887792110443115
2021-06-15,26.907291666666666,44.768125,28.913541666666664,82.653125,5.6000000000000005,,,7.638541666666666,13.442105263157895,,4.932819,5.3266153,1.4267548,11.686189100000014,53.29685990000003,0,0.5905110239982605
2021-06-16,27.021875,43.837812500000005,28.230208333333334,82.31145833333333,5.575,,,7.652083333333334,9.578947368421051,,3.1402144,4.932819,5.3266153,13.399648700000016,53.20923150000003,0,0.6221795678138733
2021-06-17,27.166666666666668,43.84614583333333,28.235416666666666,86.41250000000001,5.842708333333333,,,7.677083333333333,15.694736842105264,,1.518853,3.1402144,4.932819,9.591886400000014,33.79181650000003,0,0.4512318074703216
2021-06-18,27.221875,44.69635416666667,28.87395833333333,87.28958333333333,5.877083333333334,,,7.705208333333334,7.98936170212766,,0.0,1.518853,3.1402144,4.659067400000014,24.40107150000003,0,0.5342561602592468
2021-06-19,27.475,44.835,28.95208333333333,84.796875,5.696875,,,7.681249999999999,12.08421052631579,,0.27407184,0.0,1.518853,1.7929248400000142,16.619328340000028,0,0.4728668928146362
2021-06-20,27.027083333333334,43.33770833333333,27.885416666666668,78.253125,5.325,,,7.627083333333334,14.76595744680851,,10.277468,0.27407184,0.0,10.551539840000014,25.470041540000025,0,1.0321342945098877
2021-06-21,27.027083333333334,41.813854166666665,26.81770833333333,82.14479166666666,5.621875,,,7.646875,24.50526315789474,,10.665805,10.277468,0.27407184,21.217344840000017,30.809231240000027,0,2.2589681148529053
2021-06-22,26.775,42.556875,27.34895833333333,77.08958333333334,5.298958333333333,,,7.652083333333334,28.6875,,2.8417358,10.665805,10.277468,23.785008800000014,28.718148040000024,0,0.3202138841152191
2021-06-23,25.91263157894737,46.03421052631579,29.89368421052632,87.56210526315789,5.983157894736842,,,7.771578947368421,13.680851063829786,,11.8308115,2.8417358,10.665805,25.338352300000015,37.40874514000003,0,10.34951400756836
2021-06-24,25.40833333333333,50.6265625,33.190625000000004,93.18958333333336,6.316666666666666,,,7.848958333333333,7.520833333333333,,4.237599,11.8308115,2.8417358,18.910146300000015,40.127491140000025,0,2.713759183883667
2021-06-25,25.76458333333333,51.238125,33.63333333333333,91.13541666666669,6.135416666666667,,,7.816666666666666,7.894736842105263,,3.3489661,4.237599,11.8308115,19.417376600000015,43.47645724000003,0,
2021-06-26,27.37708333333333,50.51989583333333,33.05625,91.35729166666664,5.988541666666666,,,7.779166666666666,6.822916666666667,,0.29472244,3.3489661,4.237599,7.881287540000015,43.49710784000002,0,1.1175856590270996
2021-06-27,28.305208333333336,50.56333333333333,33.067708333333336,91.76666666666668,5.922916666666667,,,7.758333333333333,6.447916666666667,,0.0,0.29472244,3.3489661,3.6436885400000145,33.21963984000002,0,1.2612816095352173
2021-06-28,28.242708333333336,50.721875,33.1875,92.1375,5.964583333333334,,,7.757291666666667,5.875,,0.33325523,0.0,0.29472244,0.6279776700000141,22.887090070000024,0,1.2095147371292114
2021-06-29,29.410416666666663,50.17447916666666,32.75729166666667,91.98020833333334,5.846875,,,7.745833333333334,8.53125,,0.25636226,0.33325523,0.0,0.5896174900000142,20.301716530000025,0,1.143138766288757
2021-06-30,29.691666666666663,49.86489583333333,32.51145833333333,87.628125,5.5625,,,7.728124999999999,6.385416666666667,,0.08289828,0.25636226,0.33325523,0.6725157700000143,8.553803310000026,0,1.180973768234253
2021-07-01,29.28125,48.325625,31.41145833333333,84.42812500000001,5.433333333333334,,,7.710416666666667,8.15625,,1.0099412,0.08289828,0.25636226,1.3492017400000145,5.326145510000025,0,1.1598188877105713
2021-07-02,28.346875,44.5875,28.730208333333334,81.42604166666666,5.397916666666667,,,7.689583333333334,11.416666666666666,,16.145435,1.0099412,0.08289828,17.238274480000015,18.122614410000025,0,
2021-07-03,27.74375,45.66958333333333,29.528125,83.453125,5.558333333333334,,,7.686458333333333,7.43010752688172,,11.583481,16.145435,1.0099412,28.73885720000002,29.411372970000023,0,
2021-07-04,27.617708333333336,47.15552083333333,30.61145833333333,85.72291666666666,5.694791666666667,,,7.682291666666667,6.020833333333333,,0.0,11.583481,16.145435,27.72891600000002,29.411372970000023,0,0.8449495434761047
2021-07-05,27.990625,46.97770833333333,30.475,83.52083333333333,5.519791666666666,,,7.649999999999999,6.25,,0.0056490987,0.0,11.583481,11.589130098700018,29.083766838700026,0,1.9590595960617063
2021-07-06,28.244791666666668,47.12802083333333,30.56770833333333,81.55312500000001,5.35625,,,7.638541666666666,6.947916666666667,,1.0170407,0.0056490987,0.0,1.0226897987000176,29.844445278700025,0,0.0399140082299709
2021-07-07,28.609375,47.92427083333333,31.134375,78.590625,5.120833333333334,,,7.630208333333333,6.34375,,1.3257098,1.0170407,0.0056490987,2.3483995987000177,31.087256798700025,0,2.24189567565918
2021-07-08,27.619791666666668,45.12489583333333,29.13958333333333,78.99270833333334,5.301041666666666,,,7.585416666666667,16.208333333333332,,28.395502,1.3257098,1.0170407,30.73825250000002,58.472817598700026,1,
2021-07-09,27.984375,44.98104166666667,29.022916666666664,85.109375,5.661458333333333,,,7.653125,14.489583333333334,,9.447743,28.395502,1.3257098,39.16895480000002,51.77512559870003,0,5.726024627685547
2021-07-10,28.746875,46.74364583333334,30.28020833333333,87.75833333333333,5.715625,,,7.673958333333334,11.833333333333334,,7.26022,9.447743,28.395502,45.10346500000002,47.45186459870003,0,1.5437957048416138
2021-07-11,29.134375,47.771770833333335,31.008333333333336,89.20520833333335,5.757291666666667,,,7.704166666666667,11.104166666666666,,5.250893,7.26022,9.447743,21.95885600000002,52.702757598700025,0,
2021-07-12,29.141666666666666,46.78677083333333,30.296875,88.08229166666666,5.705208333333334,,,7.703125,13.802083333333334,,0.90891343,5.250893,7.26022,13.420026430000018,53.60602193000002,0,1.441097378730774
2021-07-13,29.291666666666668,46.49072916666666,30.079166666666666,85.86145833333335,5.5531250000000005,,,7.733333333333333,10.76595744680851,,0.45544755,0.90891343,5.250893,6.615253980000017,53.044428780000025,0,
2021-07-14,29.228125,47.07916666666667,30.510416666666668,82.35208333333334,5.326041666666667,,,7.689583333333334,10.65625,,0.3441231,0.45544755,0.90891343,1.7084840800000178,52.06284208000003,0,1.5047719478607178
2021-07-15,29.308333333333334,47.19833333333333,30.59375,82.50416666666666,5.325,,,7.677083333333333,9.77659574468085,,1.2210602,0.3441231,0.45544755,2.0206308500000176,24.888400280000024,0,0.8201661109924316
2021-07-16,29.219791666666666,46.70875,30.241666666666664,81.82291666666667,5.3,,,7.678125,11.694736842105264,,1.983823,1.2210602,0.3441231,3.549006300000018,17.424480280000026,0,1.5581120252609253
2021-07-17,29.221875,45.8371875,29.617708333333336,82.190625,5.3343750000000005,,,7.663541666666667,15.440860215053764,,1.270937,1.983823,1.2210602,4.475820200000018,11.435197280000024,0,1.07877779006958
2021-07-18,28.760416666666668,44.9071875,28.959375,77.42291666666667,5.082291666666666,,,7.635416666666667,19.537634408602152,,5.566993,1.270937,1.983823,8.821753000000019,11.751297280000024,0,0.5581067204475403
2021-07-19,27.319791666666664,44.05583333333333,28.426041666666663,74.71354166666667,5.046875,,,7.63125,44.82105263157895,,13.843367,5.566993,1.270937,20.681297000000022,24.685750850000026,0,1.265976071357727
2021-07-20,27.148958333333336,43.47114583333333,28.00208333333333,77.64687500000001,5.270833333333333,,,7.638541666666666,59.18390804597701,,8.6195545,13.843367,5.566993,28.029914500000018,32.849857800000024,0,1.224136233329773
2021-07-21,27.72083333333333,47.526250000000005,30.8875,77.18020833333334,5.104166666666667,,,7.6625,,,3.3476944,8.6195545,13.843367,25.81061590000002,35.85342910000002,0,1.5073736906051636
2021-07-22,28.34895833333333,48.63947916666667,31.672916666666666,81.64999999999999,5.314583333333333,,,7.666666666666667,,,0.33402747,3.3476944,8.6195545,12.30127637000002,34.96639637000003,0,
2021-07-23,28.47083333333333,48.80385416666667,31.825,85.23958333333333,5.541666666666667,,,7.678125,,,0.12087324,0.33402747,3.3476944,3.8025951100000195,33.10344661000002,0,1.960783839225769
2021-07-24,28.20208333333333,50.13541666666666,32.79479166666667,84.68854166666667,5.470833333333334,,,7.227083333333333,80.29629629629629,,0.045917373,0.12087324,0.33402747,0.5008180830000195,31.878426983000022,0,1.0866540670394895
2021-07-25,28.726041666666664,50.62833333333333,33.123958333333334,75.10416666666667,4.784375,,,7.163541666666667,27.979166666666668,,0.012989232,0.045917373,0.12087324,0.17977984500001953,26.324423215000024,0,1.7454334497451782
2021-07-26,29.133684210526315,49.90273684210526,32.57684210526316,71.88736842105263,4.583157894736842,,,7.47157894736842,10.347368421052632,,1.2099799,0.012989232,0.045917373,1.2688865050000195,13.691036115000022,0,2.2413649559021
2021-07-27,29.463541666666668,49.99625,32.62708333333333,85.859375,5.4625,,,7.736458333333334,7.927083333333333,,16.158192,1.2099799,0.012989232,17.38116113200002,21.229673615000024,0,0.0527877025306224
2021-07-28,29.007291666666664,49.005625,31.9125,82.64999999999999,5.327083333333333,,,7.6875,7.635416666666667,,10.003539,16.158192,1.2099799,27.37171090000002,27.885518215000022,0,
2021-07-29,29.16979166666667,48.5921875,31.605208333333334,86.97812499999999,5.580208333333334,,,7.690625,7.875,,4.3218527,10.003539,16.158192,30.483583700000022,31.873343445000025,0,0.3633220195770263
2021-07-30,29.75,45.59270833333333,29.41979166666667,87.20833333333333,5.620833333333334,,,7.661458333333333,9.010416666666666,,0.49999344,4.3218527,10.003539,14.825385140000021,32.25246364500003,0,4.492998600006104
2021-07-31,29.94270833333333,43.15645833333334,27.66875,84.71041666666666,5.49375,,,7.640625,9.135416666666666,,2.429658,0.49999344,4.3218527,7.251504140000021,34.63620427200002,0,0.0747382417321205
2021-08-01,29.819791666666664,44.217395833333335,28.43541666666667,79.58749999999999,5.152083333333334,,,7.629166666666666,8.25,,15.869577,2.429658,0.49999344,18.79922844000002,50.49279204000002,0,
2021-08-02,29.521875,44.35104166666667,28.541666666666668,78.00729166666666,5.066666666666666,,,7.625,8.25,,10.535319,15.869577,2.429658,28.83455400000002,59.81813114000002,0,
2021-08-03,28.563541666666666,44.42124999999999,28.605208333333334,76.16875,5.036458333333333,,,7.603124999999999,8.65625,,17.511267,10.535319,15.869577,43.916163000000026,61.171206140000024,0,
2021-08-04,26.85729166666667,39.94385416666667,25.469791666666666,71.925,4.977083333333334,,,7.5125,9.354166666666666,,27.30999,17.511267,10.535319,55.35657600000002,78.47765714000002,1,
2021-08-05,26.65520833333333,42.16395833333333,27.054166666666664,73.95416666666667,5.079166666666667,,,7.553125,8.1875,,9.534133,27.30999,17.511267,54.35539000000002,83.68993744000002,0,
2021-08-06,27.254166666666663,43.911145833333336,28.28020833333333,72.77291666666666,4.923958333333333,,,7.566666666666666,7.5,,6.1453843,9.534133,27.30999,42.98950730000003,89.33532830000001,0,1.1962844133377075
2021-08-07,26.94375,41.27635416666667,26.43958333333333,73.48854166666666,5.060416666666667,,,7.538541666666667,17.791666666666668,,15.420885,6.1453843,9.534133,31.100402300000027,102.32655530000002,0,
2021-08-08,27.941666666666663,41.08604166666667,26.278125,75.78333333333333,5.113541666666666,,,7.555208333333333,11.989583333333334,,6.212327,15.420885,6.1453843,27.778596300000025,92.66930530000002,0,2.1843628883361816
2021-08-09,29.16145833333333,44.12479166666666,28.39583333333333,76.66562499999999,5.004166666666666,,,7.590625,8.729166666666666,,0.3756769,6.212327,15.420885,22.008888900000024,82.50966320000002,0,2.0370934009552
2021-08-10,29.865625,45.845104166666665,29.596875,80.50937499999999,5.164583333333334,,,7.632291666666667,9.34375,,0.6014201,0.3756769,6.212327,7.189424000000025,65.59981630000003,0,2.923435926437378
2021-08-11,30.058333333333334,46.55239583333333,30.105208333333334,83.17708333333333,5.30625,,,7.664583333333333,10.833333333333334,,1.6967473,0.6014201,0.3756769,2.6738443000000247,39.98657360000003,0,1.4420944452285769
2021-08-12,30.140625,46.734375,30.23333333333333,83.56770833333333,5.320833333333334,,,7.686458333333333,10.041666666666666,,0.386049,1.6967473,0.6014201,2.6842164000000244,30.838489600000024,0,0.3499675989151001
2021-08-13,30.00520833333333,46.665416666666665,30.18958333333333,81.73958333333333,5.215625,,,7.664583333333333,11.010416666666666,,0.15197092,0.386049,1.6967473,2.2347672200000246,24.845076220000024,0,3.1083686351776123
2021-08-14,30.153125,45.7978125,29.557291666666668,78.61666666666666,5.014583333333333,,,7.623958333333333,10.3125,,3.3371272,0.15197092,0.386049,3.8751471200000247,12.761318420000025,0,1.4240083694458008
2021-08-15,30.152083333333334,44.96104166666667,28.960416666666664,75.43958333333333,4.839583333333334,,,7.591666666666666,10.863157894736842,,16.517054,3.3371272,0.15197092,20.006152120000028,23.066045420000027,0,0.5973372459411621
2021-08-16,29.60729166666667,46.21729166666666,29.884375,72.00208333333333,4.636458333333334,,,7.608333333333333,9.239583333333334,,8.678409,16.517054,3.3371272,28.53259020000003,31.36877752000003,0,0.6045966148376465
2021-08-17,28.590625,46.039375,29.778125,72.63854166666667,4.767708333333333,,,7.579166666666667,10.052083333333334,,3.9330492,8.678409,16.517054,29.128512200000028,34.700406620000024,0,0.2550138831138611
2021-08-18,28.007291666666664,44.38552083333334,28.61458333333333,71.640625,4.784375,,,7.532291666666667,13.46875,,7.5666213,3.9330492,8.678409,20.178079500000024,40.57028062000003,0,0.3480388522148132
2021-08-19,28.801041666666663,45.254895833333336,29.227083333333336,69.43333333333334,4.5531250000000005,,,7.54375,11.520833333333334,,1.3558925,7.5666213,3.9330492,12.855563000000025,41.54012412000003,0,2.879072904586792
2021-08-20,29.051041666666663,46.664270833333326,30.230208333333334,68.53229166666667,4.458333333333333,,,7.570833333333333,11.208333333333334,,8.768396,1.3558925,7.5666213,17.690909800000025,50.15654920000002,0,1.80936062335968
2021-08-21,28.6125,45.52979166666666,29.42395833333333,75.78854166666666,4.979166666666667,,,7.589583333333334,10.083333333333334,,8.407432,8.768396,1.3558925,18.531720500000024,55.226854000000024,0,1.4347505569458008
2021-08-22,28.046875,47.217083333333335,30.652083333333334,66.60208333333334,4.388541666666667,,,7.559375,8.697916666666666,,6.287881,8.407432,8.768396,23.463709000000023,44.99768100000002,0,3.0852558612823486
2021-08-23,28.6125,47.806354166666665,31.066666666666663,76.92395833333333,5.005208333333333,,,7.628125,16.447916666666668,,5.10013,6.287881,8.407432,19.795443000000024,41.41940200000002,0,2.9289591312408447
2021-08-24,29.330526315789477,48.92505263157895,31.85052631578948,69.32786885245902,4.467213114754099,,,7.65578947368421,8.642105263157895,,3.5968544,5.10013,6.287881,14.984865400000025,41.083207200000025,0,3.270465135574341
2021-08-25,29.571875,49.038125,31.913541666666664,,,,,7.709375,9.875,,2.3958826,3.5968544,5.10013,11.092867000000027,35.912468500000024,0,1.5056796073913574
2021-08-26,29.383333333333336,49.079375,31.95208333333333,,,,,7.701041666666666,8.354166666666666,,0.8430081,2.3958826,3.5968544,6.835745100000025,35.39958410000003,0,1.4569823741912842
2021-08-27,29.722916666666663,48.56604166666667,31.563541666666666,,,,,7.695833333333333,8.197916666666666,,0.016590327,0.8430081,2.3958826,3.255481027000025,26.647778427000024,0,0.4438194930553436
2021-08-28,30.057291666666668,47.33895833333333,30.6625,,,,,7.6625,7.96875,,0.076659665,0.016590327,0.8430081,0.936258092000025,18.317006092000025,0,0.3323715925216675
2021-08-29,29.78020833333333,46.772083333333335,30.26770833333333,,,,,7.658333333333334,7.822916666666667,,2.9351053,0.076659665,0.016590327,3.028355292000025,14.964230392000024,0,3.5055348873138428
2021-08-30,29.229166666666668,46.74458333333333,30.269791666666663,,,,,7.683333333333334,6.583333333333333,,0.26214844,2.9351053,0.076659665,3.273913405000025,10.126248832000027,0,2.733186960220337
2021-08-31,29.011458333333334,45.11375,29.094791666666666,,,,,7.682291666666667,7.136842105263158,,3.7932868,0.26214844,2.9351053,6.9905405400000244,10.322681232000026,0,2.982112169265747
2021-09-01,28.297916666666666,39.97416666666667,25.438541666666666,,,,,7.659375,10.958333333333334,,1.9638917,3.7932868,0.26214844,6.019326940000025,9.890690332000025,0,4.052642345428467
2021-09-02,26.527083333333334,43.38135416666666,27.93541666666667,,,,,7.701041666666666,10.5,,4.1939387,1.9638917,3.7932868,9.951117200000025,13.241620932000025,0,0.8699508905410767
2021-09-03,25.371875,49.473645833333336,32.359375,,,,,7.789583333333333,6.302083333333333,,0.13336563,4.1939387,1.9638917,6.291196030000025,13.358396235000026,0,2.3442811965942383
2021-09-04,25.426041666666663,51.138125,33.57083333333333,,,,,7.753125,5.875,,0.013922343,0.13336563,4.1939387,4.341226673000025,13.295658913000025,0,2.8042657375335693
2021-09-05,25.898958333333336,51.561145833333335,33.86354166666667,,,,,7.689583333333334,6.322916666666667,,0.01439601,0.013922343,0.13336563,0.16168398300002487,10.374949623000026,0,0.8299388885498047
2021-09-06,26.67083333333333,51.6653125,33.93020833333333,,,,,7.665624999999999,7.489583333333333,,0.0116422875,0.01439601,0.013922343,0.03996064050002487,10.124443470500026,0,2.2205381393432617
2021-09-07,26.77916666666667,52.32364583333333,34.411458333333336,,,,,7.677083333333333,6.84375,,0.77373767,0.0116422875,0.01439601,0.7997759675000249,7.104894340500024,0,1.3767062425613403
2021-09-08,27.301041666666663,52.2475,34.338541666666664,,,,,7.689583333333334,7.757894736842105,,5.1743197,0.77373767,0.0116422875,5.959699657500025,10.315322340500025,0,0.3704565167427063
2021-09-09,26.407291666666666,52.0328125,34.206250000000004,,,,,7.6625,7.6875,,20.36939,5.1743197,0.77373767,26.317447370000025,26.490773640500024,1,0.0385486893355846
2021-09-10,25.98125,52.25625,34.37916666666667,,,,,7.719791666666667,7.03125,,3.0962405,20.36939,5.1743197,28.639950200000026,29.453648510500024,0,2.606686353683472
2021-09-11,26.15520833333333,52.571041666666666,34.61354166666667,,,,,7.754166666666666,6.489583333333333,,1.8207943,3.0962405,20.36939,25.286424800000024,31.260520467500022,0,2.810547351837158
2021-09-12,26.24895833333333,52.61177083333333,34.63229166666667,,,,,7.755208333333333,6.739583333333333,,0.009845492,1.8207943,3.0962405,4.926880292000025,31.255969949500024,0,1.5150349140167236
2021-09-13,26.54375,52.445625,34.509375,,,,,7.7375,7.083333333333333,,0.0,0.009845492,1.8207943,1.8306397920000248,31.244327662000025,0,0.2546241581439972
2021-09-14,27.152083333333334,52.51583333333334,34.53958333333333,,,,,7.717708333333333,5.8125,,0.0,0.0,0.009845492,0.00984549200002487,30.470589992000022,0,1.0719324350357056
2021-09-15,27.65416666666667,52.767604166666665,34.719791666666666,,,,,7.704166666666667,5.302083333333333,,0.26225272,0.0,0.0,0.26225272000002486,25.558523012000023,0,0.3977178335189819
2021-09-16,27.558333333333334,52.946979166666665,34.85104166666667,,,,,7.705208333333334,5.010416666666667,,7.3738565,0.26225272,0.0,7.636109220000025,12.562989512000025,0,1.026011347770691
2021-09-17,27.322916666666668,52.93239583333334,34.842708333333334,,,,,7.669791666666666,6.1875,,1.4961139,7.3738565,0.26225272,9.132223120000024,10.962862912000023,0,0.4075849652290344
2021-09-18,27.60833333333333,53.16885416666667,35.009375,,,,,7.692708333333333,5.854166666666667,,2.3155444,1.4961139,7.3738565,11.185514800000025,11.457613012000024,0,2.817035436630249
2021-09-19,27.82708333333333,53.192708333333336,35.02291666666667,,,,,7.697916666666667,4.979166666666667,,0.0,2.3155444,1.4961139,3.811658300000025,11.447767520000024,0,2.0898592472076416
2021-09-20,27.34895833333333,53.49510416666666,35.25729166666667,,,,,7.71875,5.385416666666667,,2.5004952,0.0,2.3155444,4.816039600000025,13.948262720000024,0,2.858948230743408
2021-09-21,26.119791666666668,51.451875,33.78854166666667,,,,,7.671875,11.270833333333334,,13.129441,2.5004952,0.0,15.629936200000024,27.077703720000024,0,
2021-09-22,25.369791666666668,45.18958333333333,29.24791666666667,,,,,7.628125,11.9375,,18.33572,13.129441,2.5004952,33.965656200000026,45.15117100000002,1,0.5986595153808594
2021-09-23,25.837894736842102,42.02252631578947,26.96,87.24038461538461,6.0442307692307695,,,7.608421052631578,10.76842105263158,,22.117836,18.33572,13.129441,53.58299700000002,59.89515050000002,1,2.952160120010376
2021-09-24,25.12291666666667,45.0603125,29.15833333333333,88.05104166666666,6.136458333333334,,,7.694791666666667,8.125,,4.738283,22.117836,18.33572,45.19183900000002,63.137319600000026,0,2.3892993927001958
2021-09-25,25.321875,47.401250000000005,30.840625,94.67916666666667,6.510416666666667,,,7.747916666666666,6.208333333333333,,0.011098663,4.738283,22.117836,26.867217663000027,60.832873863000025,0,2.123976230621338
2021-09-26,25.016666666666666,47.6159375,31.003125,98.49583333333334,6.809375,,,7.747916666666666,6.09375,,0.0,0.011098663,4.738283,4.749381663000025,60.832873863000025,0,1.4382939338684082
2021-09-27,25.094791666666666,47.41427083333334,30.851041666666664,99.00520833333331,6.841666666666666,,,7.766666666666667,5.53125,,0.0005442405,0.0,0.011098663,0.011642903500024868,58.33292290350002,0,1.89530611038208
2021-09-28,25.23645833333333,44.71072916666666,28.896875,94.9,6.611458333333334,,,7.728124999999999,6.239583333333333,,0.0,0.0005442405,0.0,0.000544240500024869,45.20348190350002,0,1.754116773605347
2021-09-29,25.51770833333333,43.287083333333335,27.87291666666667,90.415625,6.304166666666667,,,7.707291666666666,6.442105263157894,,0.11119903,0.0,0.0005442405,0.11174327050002487,26.978960933500026,0,1.0750690698623655
2021-09-30,25.75208333333333,45.836354166666666,29.70520833333333,88.63958333333333,6.097916666666666,,,7.719791666666667,5.989583333333333,,0.0007366949,0.11119903,0.0,0.11193572490002487,4.861861628400025,0,1.9741342067718504
2021-10-01,25.320833333333336,46.013958333333335,29.834375,84.52187500000001,5.853125,,,7.686458333333333,6.104166666666667,,0.0008444631,0.0007366949,0.11119903,0.11278018800002487,0.12442309150002487,0,2.8855621814727783
2021-10-02,25.088541666666668,47.0328125,30.582291666666663,82.128125,5.685416666666666,,,7.667708333333334,6.427083333333333,,0.0,0.0008444631,0.0007366949,0.001581158000024869,0.11332442850002487,0,2.065759897232056
2021-10-03,25.26354166666667,47.72302083333333,31.08125,80.95104166666667,5.577083333333333,,,7.652083333333334,6.364583333333333,,0.0042611333,0.0,0.0008444631,0.005105596400024869,0.11758556180002487,0,1.1647849082946775
2021-10-04,25.559375,48.70989583333333,31.789583333333336,78.00937499999999,5.326041666666667,,,7.65625,7.052083333333333,,2.36525,0.0042611333,0.0,2.369511133300025,2.482291321300025,0,3.211326360702514
2021-10-05,26.24791666666667,50.148854166666666,32.825,80.00104166666667,5.361458333333334,,,7.698958333333334,6.822916666666667,,2.592109,2.36525,0.0042611333,4.961620133300025,5.0744003213000255,0,2.658290386199951
2021-10-06,26.03125,51.41583333333333,33.765625,82.03020833333333,5.492708333333333,,,7.73125,7.166666666666667,,3.4792378,2.592109,2.36525,8.436596800000025,8.442439091300026,0,1.5256530046463013
2021-10-07,25.45833333333333,51.78375,34.050000000000004,86.44375000000001,5.838541666666667,,,7.760416666666667,8.541666666666666,,16.082281,3.4792378,2.592109,22.153627800000024,24.523983396400023,0,2.4598076343536377
2021-10-08,25.15416666666667,52.0046875,34.22604166666667,83.22500000000001,5.644791666666666,,,7.743749999999999,7.510416666666667,,4.854966,16.082281,3.4792378,24.416484800000024,29.378104933300026,0,0.9582117199897766
2021-10-09,24.761458333333334,52.297291666666666,34.44375,82.68854166666667,5.635416666666667,,,7.745833333333334,7.1875,,32.522533,4.854966,16.082281,53.45978000000002,61.90063793330003,1,
2021-10-10,24.207291666666663,52.566875,34.651041666666664,88.846875,6.109375,,,7.765625,7.791666666666667,,9.069791,32.522533,4.854966,46.44729000000004,70.96616780000002,0,0.0946932658553123
2021-10-11,24.13020833333333,52.84697916666667,34.858333333333334,85.02708333333334,5.85625,,,7.761458333333334,5.958333333333333,,2.5125248,9.069791,32.522533,44.104848800000035,71.11344260000003,0,
2021-10-12,23.80208333333333,52.86385416666667,34.889583333333334,82.42708333333333,5.702083333333333,,,7.735416666666667,5.71875,,0.0,2.5125248,9.069791,11.582315800000028,68.52133360000003,0,0.0835631713271141
2021-10-13,23.977894736842103,52.82557894736843,34.84315789473684,83.83052631578947,5.775789473684211,,,7.73918918918919,5.336842105263158,,0.051677123,0.0,2.5125248,2.5642019230000286,65.09377292300002,0,1.4428162574768066
2021-10-14,24.31875,52.71052083333333,34.75625,84.85000000000001,5.820833333333333,,,,5.145833333333333,,0.07138441,0.051677123,0.0,0.12306153300002842,49.08287633300003,0,0.6556448936462402
2021-10-15,24.69270833333333,52.52572916666667,34.609375,84.28854166666666,5.751041666666667,,,,5.260416666666667,,0.1439735,0.07138441,0.051677123,0.2670350330000284,44.37188383300003,0,2.1881918907165527
2021-10-16,24.79895833333333,52.485729166666665,34.578125,84.53333333333333,5.757291666666667,,,,6.9375,,0.0,0.1439735,0.07138441,0.21535791000002844,11.849350833000022,0,3.0341827869415283
2021-10-17,22.696875,52.53208333333333,34.646875,87.75104166666667,6.204166666666667,,,,6.15625,,0.1677417,0.0,0.1439735,0.3117152000000284,2.9473015330000214,0,3.1868317127227783
2021-10-18,21.586458333333336,52.789791666666666,34.859375,88.40520833333333,6.358333333333333,,,,4.947916666666667,,0.0,0.1677417,0.0,0.16774170000002842,0.4347767330000213,0,1.9261599779129028
2021-10-19,21.396875,52.5740625,34.69479166666667,89.278125,6.45,,,,5.15625,,0.0,0.0,0.1677417,0.16774170000002842,0.4347767330000213,0,1.8295284509658811
2021-10-20,21.729166666666668,52.24322916666667,34.45104166666667,90.60208333333333,6.505208333333333,,,,4.864583333333333,,0.2502696,0.0,0.0,0.2502696000000284,0.6333692100000212,0,2.0389537811279297
2021-10-21,21.81875,51.5684375,33.95104166666666,89.81041666666665,6.461458333333333,,,,6.291666666666667,,1.4699279,0.2502696,0.0,1.7201975000000285,2.031912700000021,0,1.7559458017349243
2021-10-22,22.610416666666666,50.57354166666667,33.21145833333333,91.24166666666667,6.497916666666666,,,,6.739583333333333,,3.9421418,1.4699279,0.2502696,5.662339300000029,5.830081000000021,0,0.7387569546699524
2021-10-23,22.972916666666663,49.97583333333333,32.7625,93.328125,6.619791666666667,,,,6.145833333333333,,1.4391854,3.9421418,1.4699279,6.851255100000028,7.269266400000021,0,1.3694517612457275
2021-10-24,23.084375,50.626875000000005,33.24166666666667,94.85520833333334,6.701041666666666,,,,5.885416666666667,,0.036887877,1.4391854,3.9421418,5.418215077000029,7.138412577000022,0,2.632373571395874
2021-10-25,23.521875,50.798541666666665,33.37291666666667,88.89479166666666,5.889583333333333,,,7.716666666666666,4.28421052631579,,17.48233,0.036887877,1.4391854,18.95840327700003,24.620742577000023,0,1.0779153108596802
2021-10-26,22.921875,,,91.07395833333334,,,,7.680208333333333,5.15625,,5.326091,17.48233,0.036887877,22.84530887700003,29.94683357700002,0,2.2348885536193848
2021-10-27,20.360416666666666,,,95.18854166666668,,,,7.763541666666666,3.427083333333333,,0.0,5.326091,17.48233,22.80842100000003,29.696563977000025,0,2.337538957595825
2021-10-28,20.654166666666665,,,90.909375,,,,7.788541666666667,2.083333333333333,,2.7449694,0.0,5.326091,8.071060400000029,30.971605477000022,0,4.888556480407715
2021-10-29,20.84375,,,88.81770833333333,,,,7.705208333333334,4.083333333333333,,5.3551116,2.7449694,0.0,8.100081000000028,32.384575277000025,0,2.6987338066101074
2021-10-30,20.022916666666667,,,88.23645833333335,,,,7.736458333333334,3.8333333333333335,,0.29585558,5.3551116,2.7449694,8.395936580000027,31.241245457000023,0,2.381198644638061
2021-10-31,19.582291666666663,,,90.52083333333331,,,,7.751041666666667,3.489583333333333,,1.2515073,0.29585558,5.3551116,6.902474480000027,32.45586488000002,0,2.9528884887695312
2021-11-01,19.727083333333333,,,89.94270833333333,,,,7.759374999999999,3.333333333333333,,0.0,1.2515073,0.29585558,1.5473628800000285,14.97353488000002,0,1.3396965265274048
2021-11-02,20.25520833333333,,,90.91145833333331,,,,7.772916666666667,3.5104166666666665,,0.0,0.0,1.2515073,1.2515073000000285,9.64744388000002,0,2.008666038513184
2021-11-03,19.15625,,,92.59166666666664,,,,7.814583333333334,3.583333333333333,,0.0,0.0,0.0,0.0,9.64744388000002,0,8.828208923339844
2021-11-04,18.0375,,,94.34375,,,,7.836458333333333,3.8333333333333335,,4.318921,0.0,0.0,4.318921000000028,11.22139548000002,0,
2021-11-05,16.163333333333334,,,88.89,,,,7.823333333333333,3.8854166666666665,,8.343007,4.318921,0.0,12.661928000000028,14.20929088000002,0,
2021-11-06,,,,,,,,,5.0625,,13.147916,8.343007,4.318921,25.809844000000027,27.06135130000002,0,
2021-11-07,,,,,,,,,7.010416666666667,,5.2934613,13.147916,8.343007,26.784384300000028,31.10330530000002,0,
2021-11-08,19.385526315789477,,,94.20526315789476,,,,7.865789473684211,4.239583333333333,,2.8776886,5.2934613,13.147916,21.319065900000027,33.98099390000002,0,2.0533766746521
2021-11-09,15.814583333333331,,,97.67291666666668,,,,7.841666666666666,2.4479166666666665,,0.0,2.8776886,5.2934613,8.171149900000028,33.98099390000002,0,2.088459014892578
2021-11-10,16.326041666666665,,,96.51979166666666,,,,7.823958333333334,2.458333333333333,,0.17799447,0.0,2.8776886,3.055683070000028,34.158988370000024,0,3.128577470779419
2021-11-11,17.041666666666668,,,95.76979166666666,,,,7.816666666666666,1.8645833333333333,,0.18506044,0.17799447,0.0,0.36305491000002843,30.025127810000022,0,2.819984436035156
2021-11-12,18.313541666666666,,,95.01979166666666,,,,7.779166666666666,2.989583333333333,,12.659165,0.18506044,0.17799447,13.022219910000029,34.341285810000024,0,6.354886531829834
2021-11-13,17.852083333333333,,,91.4,,,,7.772916666666667,2.90625,,1.2819779,12.659165,0.18506044,14.126203340000028,22.47534771000002,0,2.641778945922852
2021-11-14,16.497916666666665,,,91.265625,,,,7.789583333333333,2.270833333333333,,0.14091794,1.2819779,12.659165,14.082060840000029,17.322804350000023,0,2.247099637985229
2021-11-15,15.63125,,,92.80104166666666,,,,7.785416666666666,1.8854166666666667,,0.09300246,0.14091794,1.2819779,1.5158983000000283,14.538118210000022,0,1.7113854885101318
2021-11-16,15.701041666666669,,,93.01770833333336,,,,7.807291666666667,1.4270833333333333,,0.0,0.09300246,0.14091794,0.2339204000000284,14.538118210000022,0,1.915203332901001
2021-11-17,16.371875,,,94.29479166666664,,,,7.803125,1.3541666666666667,,0.0,0.0,0.09300246,0.09300246000002842,14.360123740000022,0,2.00952696800232
2021-11-18,17.171875,,,94.05833333333334,,,,7.797916666666667,1.5729166666666667,,0.040753976,0.0,0.0,0.04075397600002842,14.21581727600002,0,3.2327167987823486
2021-11-19,16.358333333333334,,,94.8125,,,,7.810416666666666,2.5416666666666665,,2.1885576,0.040753976,0.0,2.2293115760000286,3.7452098760000214,0,3.3605732917785645
2021-11-20,14.625,,,97.65104166666669,,,,7.872916666666668,1.46875,,0.0,2.1885576,0.040753976,2.2293115760000286,2.4632319760000216,0,3.146399736404419
2021-11-21,15.210416666666667,,,98.96666666666664,,,,7.853124999999999,0.9052631578947368,,0.018974239,0.0,2.1885576,2.2075318390000285,2.3412882750000215,0,4.660053730010986
2021-11-22,15.969473684210524,52.8968085106383,34.91702127659574,95.5936842105263,7.772340425531915,,,7.764210526315789,1.4210526315789471,,8.692922,0.018974239,0.0,8.711896239000028,10.94120781500002,0,
2021-11-23,14.215625,53.3090625,35.171875,96.46666666666664,7.975,,,7.721875,2.0416666666666665,,3.4089522,8.692922,0.018974239,12.120848439000028,14.35016001500002,0,3.652350664138794
2021-11-24,12.791666666666666,53.491875,35.25416666666667,97.81145833333332,8.313541666666667,,,7.732291666666666,1.0833333333333333,,0.0,3.4089522,8.692922,12.101874200000028,14.35016001500002,0,0.904000997543335
2021-11-25,12.2375,53.083020833333336,34.925000000000004,98.78854166666667,8.50625,,,7.712499999999999,0.7604166666666666,,0.0,0.0,3.4089522,3.4089522000000283,14.30940603900002,0,1.67120361328125
2021-11-26,12.667708333333332,51.09166666666667,33.483333333333334,98.82395833333334,8.516666666666667,,,7.692708333333333,1.1666666666666667,,3.2942288,0.0,0.0,3.2942288000000284,15.41507723900002,0,1.9500763416290283
2021-11-27,12.029166666666669,51.64083333333334,33.85625,97.29479166666664,8.465625000000001,,,7.720833333333334,0.9166666666666666,,0.0,3.2942288,0.0,3.2942288000000284,15.41507723900002,0,2.0626587867736816
2021-11-28,12.423958333333331,51.69885416666667,33.91354166666667,96.59166666666664,8.336458333333333,,,7.717708333333333,0.8333333333333334,,0.17318127,0.0,3.2942288,3.4674100700000285,15.569284270000018,0,2.0792946815490723
2021-11-29,12.0,51.821041666666666,33.98229166666667,96.14791666666667,8.370833333333334,,,7.715625,1.4479166666666667,,0.71639925,0.17318127,0.0,0.8895805200000284,7.592761520000019,0,7.739363670349121
2021-11-30,11.894791666666668,52.40260416666666,34.401041666666664,94.08333333333331,8.186458333333333,,,7.723958333333333,1.2708333333333333,,0.0,0.71639925,0.17318127,0.8895805200000284,4.1838093200000195,0,1.8850573301315308
2021-12-01,12.7,52.158125000000005,34.270833333333336,95.03020833333332,8.138541666666667,,,7.719791666666667,1.1145833333333333,,0.0,0.0,0.71639925,0.7163992500000285,4.1838093200000195,0,2.2137486934661865
2021-12-02,13.932291666666666,52.27802083333333,34.41041666666667,95.34895833333331,7.955208333333334,,,7.723958333333333,1.6145833333333333,,3.424452,0.0,0.0,3.4244520000000285,7.60826132000002,0,1.6458321809768677
2021-12-03,14.497916666666669,52.38747252747253,34.5076923076923,96.6087912087912,7.940659340659341,,,7.719791666666667,2.125,,0.084887266,3.424452,0.0,3.5093392660000284,4.39891978600002,0,1.909167766571045
2021-12-04,15.00625,52.53541666666666,34.621875,94.63958333333332,7.712499999999999,,,7.713541666666667,1.9479166666666667,,0.24036224,0.084887266,3.424452,3.7497015060000285,4.63928202600002,0,1.989803433418274
2021-12-05,15.072916666666666,52.66458333333333,34.72291666666667,93.9125,7.646875,,,7.704166666666667,3.0729166666666665,,0.8707651,0.24036224,0.084887266,1.1960146060000283,5.33686585600002,0,0.7049130201339722
2021-12-06,15.747916666666669,52.874,34.87111111111111,94.79270833333334,7.224444444444445,,,7.844791666666667,2.9791666666666665,,4.494108,0.8707651,0.24036224,5.6052353400000285,9.11457460600002,0,1.5642704963684082
2021-12-07,14.996875,,,94.27291666666667,,,,7.961458333333333,4.572916666666667,,8.9214735,4.494108,0.8707651,14.286346600000027,18.036048106000017,0,
2021-12-08,13.667708333333332,,,90.725,,,,7.958333333333333,4.177083333333333,,21.628841,8.9214735,4.494108,35.044422500000024,39.66488910600002,1,
2021-12-09,12.589583333333332,,,94.75625,,,,7.965625,2.083333333333333,,1.4845767,21.628841,8.9214735,32.034891200000025,37.725013806000014,0,
2021-12-10,13.357291666666669,,,96.584375,,,,7.975,1.6041666666666667,,0.57280606,1.4845767,21.628841,23.68622376000003,38.21293260000002,0,
2021-12-11,14.927083333333334,,,96.46666666666664,,,,7.936458333333333,2.6354166666666665,,0.22225787,0.57280606,1.4845767,2.2796406300000287,38.19482823000002,0,0.6136976480484009
2021-12-12,15.120833333333332,,,95.11041666666668,,,,7.917708333333334,6.552083333333333,,5.470206,0.22225787,0.57280606,6.265269930000029,42.79426913000002,0,1.6162619590759275
2021-12-13,13.58125,,,93.32708333333332,,,,7.938541666666667,8.096774193548388,,0.0,5.470206,0.22225787,5.692463870000029,38.30016113000002,0,1.675327181816101
2021-12-14,13.467708333333334,,,95.47916666666669,,,,7.938541666666667,3.083333333333333,,0.0,0.0,5.470206,5.4702060000000285,29.37868763000002,0,1.7244117259979248
2021-12-15,13.353125,,,93.859375,,,,7.936458333333333,21.75862068965517,,0.0,0.0,0.0,0.0,7.749846630000018,0,1.780380368232727
2021-12-16,14.236458333333331,,,97.06770833333331,,,,7.951041666666668,30.236559139784948,,0.0,0.0,0.0,0.0,6.265269930000018,0,2.5603246688842773
2021-12-17,15.516666666666666,,,97.33854166666669,,,,7.931249999999999,6.645833333333333,,0.0,0.0,0.0,0.0,5.692463870000018,0,1.2856765985488892
2021-12-18,16.433333333333334,,,96.40208333333334,,,,7.9125,4.864583333333333,,0.05779277,0.0,0.0,0.05779277000002842,5.527998770000018,0,1.5758525133132937
2021-12-19,15.941666666666668,,,89.77187500000001,,,,7.896875,4.979166666666667,,7.5574775,0.05779277,0.0,7.615270270000028,7.615270270000018,0,
2021-12-20,12.995833333333332,,,96.61979166666669,,,,7.966666666666666,4.74468085106383,,1.8487021,7.5574775,0.05779277,9.463972370000029,9.463972370000018,0,0.5455455780029297
2021-12-21,11.997916666666669,,,93.46979166666668,,,,7.963541666666667,3.6666666666666665,,6.610512,1.8487021,7.5574775,16.016691600000026,16.074484370000018,0,
2021-12-22,12.077083333333334,,,98.00208333333336,,,,7.966666666666666,4.6875,,4.6248546,6.610512,1.8487021,13.084068700000028,20.699338970000017,0,1.245328426361084
2021-12-23,11.530208333333334,,,99.41979166666664,,,,7.971875,3.427083333333333,,0.0,4.6248546,6.610512,11.235366600000027,20.699338970000017,0,2.6601808071136475
2021-12-24,11.48125,,,102.4375,,,,7.993749999999999,2.375,,0.12054707,0.0,4.6248546,4.745401670000028,20.819886040000018,0,1.8107917308807373
2021-12-25,12.642708333333331,,,100.27916666666664,,,,7.982291666666666,4.385416666666667,,0.66702855,0.12054707,0.0,0.7875756200000285,21.429121820000017,0,1.4624221324920654
2021-12-26,14.179166666666667,,,98.83125,,,,7.967708333333333,6.684210526315789,,0.0,0.66702855,0.12054707,0.7875756200000285,13.871644320000017,0,0.8183971643447876
2021-12-27,15.113541666666668,,,97.86666666666667,,,,7.96875,5.291666666666667,,0.0,0.0,0.66702855,0.6670285500000285,12.022942220000017,0,1.4306777715682983
2021-12-28,15.879166666666668,,,96.65833333333336,,,,7.951041666666668,6.0,,0.026075052,0.0,0.0,0.026075052000028423,5.438505272000017,0,2.9300339221954346
2021-12-29,16.554166666666667,,,93.44895833333334,,,,7.939583333333334,3.2291666666666665,,0.0014093972,0.026075052,0.0,0.027484449200028422,0.8150600692000178,0,0.725613534450531
2021-12-30,17.122916666666665,,,89.89270833333335,,,,7.901041666666667,16.59375,,3.0892706,0.0014093972,0.026075052,3.1167550492000284,3.904330669200018,0,0.2597551345825195
2021-12-31,16.869791666666668,,,92.10520833333334,,,,7.925000000000001,7.935483870967742,,1.9022863,3.0892706,0.0014093972,4.992966297200029,5.686069899200017,0,0.2423875629901886
2022-01-01,17.648958333333333,51.103437500000005,33.61354166666667,96.19166666666666,7.498958333333333,1.2735416666666668,,7.928125,63.78125,7.529473684210526,3.6992497,1.9022863,3.0892706,8.690806600000029,8.718291049200019,0,0.5336118340492249
2022-01-02,17.756249999999998,50.569375,33.22291666666667,95.91666666666669,7.475,1.196041666666667,,7.916666666666667,34.666666666666664,12.715625,0.65449846,3.6992497,1.9022863,6.256034460000028,9.372789509200018,0,
2022-01-03,15.613541666666668,51.055104166666666,33.553125,91.74166666666667,7.452083333333333,1.240625,,7.934375,28.34375,5.370833333333334,25.090221,0.65449846,3.6992497,29.44396916000003,34.46301050920002,1,0.4912146925926208
2022-01-04,13.160416666666668,51.95333333333334,34.139583333333334,96.02604166666669,8.15,1.6203125,,7.973958333333333,27.77083333333333,12.944186046511629,0.0,25.090221,0.65449846,25.74471946000003,34.436935457200015,0,6.038160800933838
2022-01-05,13.398958333333333,52.33770833333333,34.428125,97.37708333333336,8.213541666666666,1.50125,,7.983333333333333,7.4375,1.1458823529411766,0.13191155,0.0,25.090221,25.22213255000003,34.56743761000001,0,1.6182348728179932
2022-01-06,13.315625,52.197291666666665,34.32083333333333,97.41458333333333,8.233333333333333,1.3859375,,7.978124999999999,17.854166666666668,0.6507692307692309,0.80366975,0.13191155,0.0,0.9355813000000284,32.28183676000002,0,2.141533613204956
2022-01-07,12.891666666666666,51.67,33.92604166666667,98.60416666666669,8.436458333333333,1.2971875,,7.971875,27.291666666666668,4.185393258426966,0.16048308,0.80366975,0.13191155,1.0960643800000285,30.540033540000017,0,0.8171929717063904
2022-01-08,10.575,52.38614583333333,34.307291666666664,99.246875,8.9,1.5063541666666664,,7.991666666666667,18.166666666666668,3.3666666666666667,0.0,0.16048308,0.80366975,0.9641528300000284,26.840783840000018,0,3.511935234069824
2022-01-09,11.220833333333331,51.88072916666667,33.984375,100.75520833333331,8.914583333333333,1.3862500000000002,,8.0,14.177083333333334,1.556842105263158,0.0006792673,0.0,0.16048308,0.16116234730002843,26.186964647300016,0,3.078793525695801
2022-01-10,12.269791666666668,48.01947916666666,31.24375,99.81875,8.795833333333333,1.2616666666666667,,7.979166666666667,5.364583333333333,15.489583333333334,1.9615448,0.0006792673,0.0,1.9622240673000284,3.0582884473000176,0,3.3824422359466557
2022-01-11,10.328125,50.08822916666667,32.625,98.3625,8.955208333333333,1.381875,,7.994791666666667,37.302083333333336,56.28375,0.0,1.9615448,0.0006792673,1.9622240673000284,3.0582884473000176,0,0.9175132513046264
2022-01-12,9.576842105263156,50.36736842105263,32.781052631578945,98.7842105263158,9.13157894736842,1.2347368421052631,,7.946315789473684,13.852631578947369,30.51481481481481,0.0,0.0,1.9615448,1.9615448000000284,2.9263768973000177,0,2.0662457942962646
2022-01-13,10.041666666666666,48.259375,31.29479166666667,98.78541666666666,9.132291666666667,1.0252083333333333,,7.868749999999999,4.697916666666667,22.592537313432835,2.0729065,0.0,0.0,2.0729065000000286,4.195613647300018,0,0.746056318283081
2022-01-14,10.45625,47.84145833333333,31.021875,98.27916666666664,9.009375,1.0860416666666668,,7.875,2.40625,50.50989010989011,8.177318,2.0729065,0.0,10.250224500000028,12.212448567300019,0,2.394261121749878
2022-01-15,10.160416666666666,49.84697916666667,32.452083333333334,97.225,8.888541666666667,1.3178125,,7.880208333333333,3.9479166666666665,54.04,0.14453873,8.177318,2.0729065,10.394763230000029,12.35698729730002,0,9.824912071228027
2022-01-16,9.528125,51.12104166666666,33.322916666666664,95.13333333333333,8.778125000000001,1.4415625,,7.858333333333333,9.114583333333334,43.72222222222222,32.293484,0.14453873,8.177318,40.61534073000003,44.649792030000015,1,
2022-01-17,8.990625,47.7321875,30.840625,97.096875,9.198958333333334,0.8686458333333333,,7.803125,15.263157894736842,26.83939393939394,4.748419,32.293484,0.14453873,37.18644173000003,47.43666623000002,0,2.9499478340148926
2022-01-18,8.731250000000001,47.12479166666666,30.39270833333333,98.496875,9.407291666666667,1.1060416666666668,,7.851041666666667,23.75531914893617,24.9975,0.0,4.748419,32.293484,37.041903000000026,47.43666623000002,0,2.1871554851531982
2022-01-19,9.864583333333334,47.99364583333334,31.094791666666666,100.97291666666666,9.358333333333333,1.200416666666667,,7.88125,13.571428571428571,56.06436781609196,0.0,0.0,4.748419,4.748419000000029,47.43666623000002,0,2.044710874557495
2022-01-20,10.957291666666668,47.9865625,31.15416666666667,102.353125,9.265625,1.0936458333333332,,7.876041666666667,5.270833333333333,21.1475,1.8574636,0.0,0.0,1.8574636000000284,47.22122333000002,0,0.165516585111618
2022-01-21,9.575,49.8575,32.420833333333334,95.89791666666667,8.895833333333334,1.2315625,,7.870833333333334,11.520833333333334,34.69722222222222,19.436993,1.8574636,0.0,21.29445660000003,58.480898330000024,1,
2022-01-22,7.582291666666666,51.5984375,33.49270833333333,99.31041666666664,9.554166666666667,1.3042708333333333,,7.870833333333334,29.572916666666668,8.412790697674419,5.44057,19.436993,1.8574636,26.73502660000003,63.776929600000024,0,
2022-01-23,7.529166666666666,51.45708333333334,33.38229166666667,102.496875,9.877083333333331,1.2280208333333331,,7.899999999999999,4.520833333333333,6.873493975903615,0.011473218,5.44057,19.436993,24.88903621800003,31.494918818000023,0,1.54970121383667
2022-01-24,8.176041666666666,49.9184375,32.34375,105.15625,10.05,1.1451041666666666,,7.909375000000001,3.9166666666666665,20.567816091954025,0.038878918,0.011473218,5.44057,5.490922136000028,26.785378736000027,0,1.367815017700195
2022-01-25,8.777083333333334,48.71760416666667,31.538541666666664,103.54375,9.823958333333334,1.1053125,,7.900000000000001,2.75,8.016842105263159,8.172065,0.038878918,0.011473218,8.222417136000029,34.95744373600002,0,
2022-01-26,8.897916666666667,49.26739583333333,31.944791666666664,101.75416666666666,9.595833333333331,1.2361458333333333,,7.894791666666666,2.864583333333333,3.358333333333333,0.5441744,8.172065,0.038878918,8.755118318000028,35.501618136000026,0,3.3649473190307617
2022-01-27,8.0625,51.909375,33.76770833333333,98.97395833333331,9.407291666666667,1.3867708333333333,,7.900000000000001,3.395833333333333,2.5343750000000003,0.0023023342,0.5441744,8.172065,8.718541734200029,33.64645687020002,0,1.627951741218567
2022-01-28,7.915624999999999,52.286458333333336,34.034375000000004,97.71666666666664,9.307291666666666,1.2879166666666666,,7.898958333333334,3.1041666666666665,3.794791666666667,10.278611,0.0023023342,0.5441744,10.825087734200029,24.488074870200023,0,
2022-01-29,7.479166666666667,52.25760416666666,33.95729166666667,96.634375,9.295833333333333,1.2277083333333334,,7.897916666666667,7.427083333333333,4.26,11.709116,10.278611,0.0023023342,21.99002933420003,30.75662087020002,0,1.6926453113555908
2022-01-30,7.069791666666667,52.13760416666667,33.828125,97.12083333333334,9.435416666666669,1.331875,,7.893750000000001,15.041666666666666,23.67283950617284,0.00013987462,11.709116,10.278611,21.98786687462003,30.74528752682002,0,1.1332951784133911
2022-01-31,8.198958333333334,51.728229166666665,33.65416666666667,99.61979166666669,9.44375,1.2966666666666666,,7.894791666666666,4.614583333333333,10.054117647058824,0.17762783,0.00013987462,11.709116,11.886883704620029,30.88403643882002,0,2.042595624923706
2022-02-01,8.814583333333333,52.06208333333333,33.946875,100.86041666666668,9.394791666666666,1.3521875,,7.894791666666666,2.989583333333333,8.345348837209302,0.044248722,0.17762783,0.00013987462,0.2220164266200284,22.756220160820025,0,2.683006763458252
2022-02-02,9.058333333333334,52.39145833333333,34.203125,101.0875,9.358333333333333,1.2953125,,7.893750000000001,3.364583333333333,5.047692307692308,0.0,0.044248722,0.17762783,0.2218765520000284,22.212045760820022,0,1.8919806480407717
2022-02-03,10.566666666666666,52.08208333333334,34.079166666666666,103.57916666666668,9.276041666666666,1.203125,,7.886458333333334,1.90625,5.226744186046512,1.1814554,0.0,0.044248722,1.2257041220000284,23.39119882662002,0,1.2798783779144287
2022-02-04,13.178125,50.57666666666666,33.108333333333334,102.340625,8.742708333333333,1.066875,,7.866666666666667,4.072916666666667,3.7989361702127664,1.1125553,1.1814554,0.0,2.2940107000000283,14.22514312662002,0,1.393390655517578
2022-02-05,13.039583333333333,49.35375,32.23125,99.975,8.621875000000001,1.0835416666666666,,7.860416666666667,3.9166666666666665,8.309090909090909,7.1808443,1.1125553,1.1814554,9.474855000000028,9.69687142662002,0,2.1661040782928467
2022-02-06,9.723958333333334,52.60010416666666,34.41354166666667,101.084375,9.211458333333333,1.307604166666667,,7.892708333333334,2.864583333333333,6.656043956043956,0.19354203,7.1808443,1.1125553,8.486941630000029,9.890273582000022,0,4.357059478759766
2022-02-07,9.610416666666667,53.07052083333334,34.74583333333333,98.409375,8.975,1.2494791666666667,,7.889583333333333,1.84375,3.972916666666667,3.655204,0.19354203,7.1808443,11.02959033000003,13.367849752000021,0,
2022-02-08,9.557291666666666,52.63645833333334,34.427083333333336,100.85104166666667,9.222916666666666,1.156979166666667,,7.883333333333334,1.4583333333333333,2.475,11.528794,3.655204,0.19354203,15.377540030000027,24.85239503000002,0,
2022-02-09,9.6875,52.13645833333334,34.06666666666667,102.93541666666664,9.410416666666666,1.171875,,7.896875,1.40625,3.4191489361702123,4.2900357,11.528794,3.655204,19.474033700000028,29.142430730000022,0,2.2236642837524414
2022-02-10,10.30625,50.27281249999999,32.75833333333333,105.28541666666666,9.579166666666667,1.0798958333333333,,7.908333333333334,1.7291666666666667,4.0175824175824175,0.0,4.2900357,11.528794,15.818829700000027,27.96097533000002,0,1.4062561988830566
2022-02-11,11.041666666666666,46.71958333333333,30.2375,105.0,9.5625,1.064375,,7.919791666666668,1.65625,2.348958333333333,0.030599486,0.0,4.2900357,4.320635186000028,26.87901951600002,0,1.8381685018539429
2022-02-12,11.807291666666666,45.23354166666667,29.211458333333336,105.44270833333331,9.495833333333334,1.0608333333333333,,7.920833333333333,1.0833333333333333,5.053260869565217,2.5717618,0.030599486,0.0,2.6023612860000283,22.26993701600002,0,
2022-02-13,11.620833333333332,46.02854166666666,29.775,95.85,8.63125,1.0762500000000002,,7.870833333333334,0.9895833333333334,3.095833333333333,17.622965,2.5717618,0.030599486,20.22532628600003,39.69935998600002,0,
2022-02-14,10.642708333333331,48.642500000000005,31.60625,100.65625,9.148958333333333,1.2240625,,7.894791666666666,1.21875,2.921875,0.07181338,17.622965,2.5717618,20.266540180000028,36.11596936600002,0,1.4528052806854248
2022-02-15,10.333333333333334,49.660625,32.32083333333333,103.84791666666666,9.453125,1.2680208333333334,,7.913541666666667,1.84375,5.893220338983051,0.0,0.07181338,17.622965,17.694778380000027,24.58717536600002,0,1.5216206312179563
2022-02-16,11.075,51.21937500000001,33.484375,106.31666666666666,9.429166666666667,1.29375,,7.911458333333333,1.5416666666666667,6.841891891891892,0.0,0.0,0.07181338,0.07181338000002842,20.29713966600002,0,2.5781137943267822
2022-02-17,12.576041666666669,51.0953125,33.47291666666667,107.58541666666667,9.245833333333334,1.2090625,,7.905208333333333,2.34375,2.523595505617977,0.20376751,0.0,0.0,0.20376751000002843,20.500907176000023,0,0.6727546453475952
2022-02-18,15.138541666666669,48.86385416666667,31.930208333333336,102.58229166666666,8.457291666666666,1.0415625,,7.860416666666667,4.052083333333333,5.386363636363637,7.548567,0.20376751,0.0,7.752334510000028,28.018874690000022,0,2.3657214641571045
2022-02-19,13.194791666666667,50.31270833333334,32.932291666666664,101.63854166666664,8.666666666666666,1.1851041666666666,,7.866666666666667,6.114583333333333,12.256363636363636,0.0866603,7.548567,0.20376751,7.838994810000028,25.533773190000023,0,1.461811661720276
2022-02-20,11.670833333333334,51.43625,33.688541666666666,102.55416666666667,8.990625,1.2655208333333332,,7.882291666666667,5.791666666666667,3.6666666666666665,0.0,0.0866603,7.548567,7.635227300000029,7.910808190000021,0,2.7065258026123047
2022-02-21,11.9,51.58865168539326,33.80224719101124,102.45955056179776,8.930337078651684,1.0147191011235954,,7.867415730337079,1.9101123595505616,21.047619047619047,0.0,0.0,0.0866603,0.08666030000002842,7.838994810000021,0,0.3199485540390014
2022-02-22,14.04835164835165,47.09527472527473,30.624175824175826,108.32747252747252,9.213186813186812,0.9310989010989013,,7.875824175824176,6.813186813186813,44.38493150684931,0.44236365,0.0,0.0,0.4423636500000284,8.281358460000021,0,0.2766690552234649
2022-02-23,15.83125,48.07708333333333,31.359375,106.02604166666669,8.659374999999999,1.055,,7.865625,13.989583333333334,24.154545454545456,1.1112763,0.44236365,0.0,1.5536399500000284,9.392634760000021,0,0.4547789692878723
2022-02-24,15.73125,47.57864583333333,31.007291666666664,99.69375,8.194791666666667,1.0667708333333332,,7.853124999999999,3.4791666666666665,9.22948717948718,0.27358916,1.1112763,0.44236365,1.8272291100000284,9.462456410000021,0,0.2497429400682449
2022-02-25,16.064583333333335,48.44822916666666,31.6375,95.61458333333331,7.791666666666667,1.098854166666667,,7.815625,3.90625,3.69468085106383,0.08374829,0.27358916,1.1112763,1.4686137500000283,1.9976377000000214,0,1.2557417154312134
2022-02-26,14.06875,49.509791666666665,32.373958333333334,95.99895833333332,8.089583333333334,1.2758333333333334,,7.809375,9.572916666666666,12.347252747252746,0.47142333,0.08374829,0.27358916,0.8287607800000282,2.3824007300000214,0,
2022-02-27,11.914583333333333,50.65020833333333,33.12916666666667,94.27604166666669,8.264583333333333,1.3110416666666669,,7.805208333333333,4.489583333333333,27.0264367816092,1.6674687,0.47142333,0.08374829,2.222640320000028,4.0498694300000215,0,
2022-02-28,11.738541666666668,51.23947916666666,33.54270833333333,97.00416666666666,8.507291666666667,1.3161458333333331,,7.813541666666667,3.7395833333333335,19.977777777777774,0.9734432,1.6674687,0.47142333,3.112335230000028,5.023312630000022,0,1.5319136381149292
2022-03-01,11.729166666666666,52.150312500000005,34.208333333333336,98.46458333333334,8.6,1.3267708333333337,,7.821874999999999,4.542553191489362,13.717391304347826,1.6579379,0.9734432,1.6674687,4.298849800000029,6.238886880000022,0,2.47026801109314
2022-03-02,13.253125,51.9490625,34.123958333333334,100.71041666666667,8.50625,1.1766666666666663,,7.811458333333333,3.336842105263158,9.78494623655914,0.0,1.6579379,0.9734432,2.631381100000028,5.127610580000022,0,1.5629479885101318
2022-03-03,14.220833333333331,51.74666666666667,34.00625,100.36666666666667,8.31875,1.16,,7.8125,22.46875,15.277027027027026,0.0,0.0,1.6579379,1.6579379000000283,4.854021420000022,0,1.1700109243392944
2022-03-04,13.146875,51.2953125,33.651041666666664,99.15833333333336,8.433333333333334,1.4610416666666666,,7.835416666666667,29.1875,14.39342105263158,0.0,0.0,0.0,0.0,4.770273130000021,0,0.9793888330459596
2022-03-05,13.915625,52.37927083333333,34.46041666666667,102.009375,8.482291666666667,1.3770833333333332,,7.821874999999999,5.2631578947368425,20.166304347826088,0.06930248,0.0,0.0,0.0693024800000282,4.368152280000021,0,1.393991470336914
2022-03-06,16.295833333333334,51.869166666666665,34.14479166666667,99.61145833333336,7.936458333333333,1.1588541666666667,,7.791666666666667,9.166666666666666,12.336458333333333,0.00064214325,0.06930248,0.0,0.0699446232500282,2.7013257232500214,0,0.8710104823112488
2022-03-07,18.40520833333333,48.891875,31.991666666666664,93.66354166666667,7.257291666666667,0.9786458333333332,,7.769791666666666,6.635416666666667,7.434883720930232,0.011485164,0.00064214325,0.06930248,0.0814297872500282,1.7393676872500214,0,1.1604288816452026
2022-03-08,18.315625,45.71031249999999,29.684375,91.80416666666667,7.233333333333333,1.01,,7.760416666666667,7.197916666666667,7.606315789473684,0.38985312,0.011485164,0.00064214325,0.4019804272500282,0.4712829072500213,0,7.799092769622803
2022-03-09,17.620833333333334,48.07052083333334,31.38125,97.53333333333336,7.688541666666667,1.009375,,7.797916666666667,2.8854166666666665,7.666666666666667,1.714911,0.38985312,0.011485164,2.116249284000028,2.186193907250021,0,0.158122032880783
2022-03-10,15.946875,48.438229166666666,31.64375,94.62708333333336,7.709375,1.193125,,7.769791666666666,3.46875,6.238297872340425,10.763165,1.714911,0.38985312,12.867929120000028,12.949358907250023,0,
2022-03-11,14.397916666666667,49.602916666666665,32.458333333333336,93.73541666666668,7.845833333333334,1.19125,,7.78125,7.270833333333333,26.68314606741573,2.768169,10.763165,1.714911,15.246245000000028,15.717527907250023,0,
2022-03-12,14.725,47.93322916666667,31.23645833333333,91.16145833333331,7.64375,0.8835416666666668,,7.735416666666667,9.40625,9.925,8.542342,2.768169,10.763165,22.073676000000027,24.190567427250024,0,
2022-03-13,11.632291666666667,46.380833333333335,30.02083333333333,92.17916666666667,8.286458333333334,1.120104166666667,,7.774999999999999,6.770833333333333,16.582608695652173,0.084706016,8.542342,2.768169,11.395217016000027,24.27463130000002,0,1.6769167184829712
2022-03-14,12.376041666666666,44.5196875,28.72395833333333,97.16875,8.664583333333333,1.0033333333333334,,7.811458333333333,4.322916666666667,31.24105263157895,0.0,0.084706016,8.542342,8.627048016000026,24.26314613600002,0,0.4707686901092529
2022-03-15,14.517708333333331,44.95458333333334,29.09166666666667,102.71666666666664,8.723958333333334,1.0133333333333334,,7.835416666666667,13.45744680851064,27.97956989247312,0.0018695588,0.0,0.084706016,0.08657557480002664,23.875162574800022,0,1.8686132431030276
2022-03-16,15.651041666666666,46.55239583333333,30.269791666666663,98.18333333333334,8.095833333333333,1.1741666666666666,,7.808333333333334,3.7395833333333335,48.95283018867924,7.0679884,0.0018695588,0.0,7.069857958800027,29.228239974800026,0,
2022-03-17,16.998958333333334,46.40395833333333,30.17083333333333,101.06979166666667,8.107291666666667,1.1130208333333331,,7.813541666666667,6.709302325581396,36.0,5.448196,7.0679884,0.0018695588,12.518053958800028,23.913270974800025,0,2.444493532180786
2022-03-18,17.035416666666666,47.130625,30.707291666666663,98.75833333333333,7.889583333333333,1.1958333333333333,,7.807291666666667,6.010416666666667,5.847252747252748,0.52455544,5.448196,7.0679884,13.040739840000027,21.669657414800024,0,0.5712180733680725
2022-03-19,18.09375,46.64270833333333,30.35625,97.20729166666666,7.647916666666667,1.1792708333333333,,7.794791666666666,9.242105263157894,8.01808510638298,1.6323842,0.52455544,5.448196,7.605135640000027,14.759699614800022,0,1.7242982387542725
2022-03-20,18.122916666666665,46.38697916666666,30.171875,97.82291666666669,7.690625,1.0727083333333334,,7.803125,13.104166666666666,35.05813953488372,9.084395,1.6323842,0.52455544,11.241334640000026,23.759388598800022,0,1.775519847869873
2022-03-21,16.519791666666666,48.41125,31.63125,99.82395833333334,8.001041666666667,1.2532291666666666,,7.834375,4.869565217391305,7.44375,0.0,9.084395,1.6323842,10.716779200000026,23.759388598800022,0,1.3676546812057495
2022-03-22,16.835789473684212,48.31084210526316,31.562105263157896,102.07263157894737,8.150526315789474,1.1970526315789474,,7.812631578947369,5.712765957446808,6.038888888888889,0.2869444,0.0,9.084395,9.371339400000025,24.044463440000023,0,1.0969845056533811
2022-03-23,17.697916666666668,45.97114583333334,29.896875,96.51979166666666,7.688541666666667,1.0601041666666666,,7.782291666666667,4.172043010752688,15.905813953488371,8.708119,0.2869444,0.0,8.995063400000024,25.68459404000002,0,
2022-03-24,18.009375000000002,40.98020833333333,26.31145833333333,87.51458333333333,7.083333333333333,0.8967708333333334,,7.672916666666667,6.395833333333333,20.134146341463413,34.08936,8.708119,0.2869444,43.08442340000002,54.325758040000025,1,
2022-03-25,17.236458333333335,40.20010416666667,25.765625,90.49895833333332,7.451041666666666,0.9698958333333332,,7.684375,6.416666666666667,15.233720930232558,13.236356,34.08936,8.708119,56.03383500000002,67.03755860000003,0,0.7825621962547302
2022-03-26,16.231578947368423,39.23694736842105,25.070526315789472,94.38842105263156,7.968421052631579,1.1565263157894736,,7.765263157894737,5.9361702127659575,7.123655913978495,0.0,13.236356,34.08936,47.32571600000002,65.40517440000002,0,1.3369524478912354
2022-03-27,15.416666666666666,43.52239583333333,28.104166666666668,96.75208333333336,8.139583333333333,1.2722916666666666,,7.827083333333333,4.697916666666667,8.498529411764705,0.000109406465,0.0,13.236356,13.236465406465022,56.32088880646502,0,1.7991769313812256
2022-03-28,15.089583333333332,45.79354166666667,29.73125,99.725,8.363541666666666,1.3384375000000002,,7.830208333333334,5.46875,9.164516129032258,0.0,0.000109406465,0.0,0.00010940646502131628,56.32088880646502,0,1.309396505355835
2022-03-29,14.744791666666666,48.22885416666667,31.488541666666663,101.98229166666664,8.513541666666667,1.4314583333333333,,7.85625,5.8125,5.626595744680851,0.0,0.0,0.000109406465,0.00010940646502131628,56.033944406465025,0,1.811126947402954
2022-03-30,15.2625,49.248020833333335,32.228125,97.50625,8.028125000000001,1.4116666666666668,,7.810416666666666,5.916666666666667,8.155681818181819,0.09290002,0.0,0.0,0.09290002000002132,47.41872542646503,0,0.2197322696447372
2022-03-31,17.205208333333335,48.17666666666667,31.46875,97.83645833333333,7.769791666666666,1.354270833333333,,7.780208333333333,6.770833333333333,7.12127659574468,6.251472,0.09290002,0.0,6.344372020000021,19.580837426465028,0,
2022-04-01,18.635416666666668,47.20614583333333,30.772916666666664,101.01458333333332,7.835416666666667,1.2746875,,7.776041666666667,11.09375,9.948863636363637,6.9135737,6.251472,0.09290002,13.25794572000002,13.258055126465027,0,
2022-04-02,17.284375,50.04572916666667,32.834375,94.69479166666667,7.439583333333334,1.5214583333333334,,7.769791666666666,13.125,15.656976744186046,0.0023900776,6.9135737,6.251472,13.167435777600021,13.260445204065027,0,
2022-04-03,18.040625,50.84291666666667,33.42604166666667,95.859375,7.39375,1.478125,,7.773958333333333,6.71875,10.634567901234568,1.2196412,0.0023900776,6.9135737,8.135604977600021,14.479976997600026,0,
2022-04-04,17.485416666666666,51.56479166666667,33.956250000000004,95.28958333333333,7.425,1.5592708333333334,,7.76875,6.177083333333333,7.232291666666668,0.0,1.2196412,0.0023900776,1.2220312776000215,14.479976997600026,0,
2022-04-05,18.651041666666668,51.03989583333333,33.56979166666667,95.65833333333336,7.292708333333334,1.47375,,7.772916666666667,9.083333333333334,9.296470588235294,2.284688,0.0,1.2196412,3.5043292000000212,16.76466499760003,0,
2022-04-06,20.435416666666665,47.21697916666667,30.773958333333336,84.80833333333334,6.3656250000000005,1.2766666666666666,,7.680208333333333,9.489583333333334,8.641666666666667,11.6865835,2.284688,0.0,13.971271500000022,28.35834847760003,0,
2022-04-07,21.34270833333333,44.740625,28.98229166666667,79.52604166666667,5.939583333333334,1.376875,,7.649999999999999,9.979166666666666,11.044086021505375,12.088784,11.6865835,2.284688,26.06005550000002,34.19566047760003,0,
2022-04-08,20.40520833333333,41.5546875,26.70833333333333,82.8875,6.379166666666666,1.3802083333333333,,7.715625,10.291666666666666,7.736842105263157,1.6556593,12.088784,11.6865835,25.43102680000002,28.93774607760003,0,
2022-04-09,17.650000000000002,39.72625,25.416666666666668,87.715625,7.170833333333333,1.2991666666666666,,7.783333333333334,8.53125,10.497916666666669,0.0,1.6556593,12.088784,13.74444330000002,28.935356000000027,0,
2022-04-10,16.027083333333334,37.75364583333333,24.007291666666664,92.34479166666668,7.872916666666666,1.3346875,,7.833333333333333,8.489583333333334,13.38125,0.0,0.0,1.6556593,1.6556593000000195,27.71571480000003,0,
2022-04-11,17.565625,41.227916666666665,26.4875,93.82395833333334,7.648958333333333,1.4508333333333334,,7.823958333333334,14.822916666666666,18.565625,0.00020759301,0.0,0.0,0.00020759301001953992,27.71592239301003,0,
2022-04-12,19.31770833333333,37.9709375,24.176041666666663,93.45208333333332,7.461458333333333,1.4020833333333331,,7.81875,17.447916666666668,24.723333333333333,1.0426861,0.00020759301,0.0,1.0428936930100197,26.47392049301003,0,
2022-04-13,20.307291666666668,40.36666666666667,25.863541666666663,91.03854166666667,7.051041666666666,1.4208333333333334,,7.751041666666667,11.40625,22.551086956521736,0.10118557,1.0426861,0.00020759301,1.1440792630100196,14.88852256301003,0,
2022-04-14,20.809375,42.80614583333334,27.603125,88.14687500000001,6.691666666666666,1.4025,,7.713541666666667,23.322916666666668,18.178125,3.223559,0.10118557,1.0426861,4.36743067000002,6.023297563010028,0,
2022-04-15,19.745833333333334,46.785625,30.488541666666663,90.14375,6.871875,1.5747916666666668,,7.726041666666667,25.1875,22.763736263736263,5.280993,3.223559,0.10118557,8.60573757000002,9.648631263010028,0,
2022-04-16,19.038541666666667,50.10697916666667,32.89791666666667,88.01458333333333,6.708333333333333,1.54875,,7.719791666666667,11.3125,11.374444444444444,6.03132,5.280993,3.223559,14.535872000000019,15.679951263010029,0,
2022-04-17,20.035416666666663,50.37885416666666,33.09375,90.44479166666667,6.746875,1.5736458333333332,,7.697916666666667,11.208333333333334,9.03125,8.633673,6.03132,5.280993,19.94598600000002,24.313624263010027,0,1.0647244453430176
2022-04-18,17.813541666666666,50.875729166666666,33.452083333333334,90.621875,7.054166666666667,1.726875,,7.714583333333334,39.29032258064516,32.40434782608696,23.702986,8.633673,6.03132,38.36797900000002,48.016402670000026,1,
2022-04-19,17.714583333333334,51.27729166666666,33.73854166666667,95.34895833333331,7.384374999999999,1.4253125000000002,,7.719791666666667,102.03125,42.8264367816092,1.2264172,23.702986,8.633673,33.56307620000002,48.20013377000003,0,1.0662635564804075
2022-04-20,17.474736842105262,52.35957894736842,34.52842105263158,98.54105263157896,7.638947368421053,1.3687368421052633,,7.78421052631579,16.258064516129032,8.66875,0.0,1.2264172,23.702986,24.929403200000017,48.098948200000024,0,1.7109211683273315
2022-04-21,18.73125,52.36604166666667,34.53854166666667,99.21875,7.510416666666667,1.1427083333333334,,7.777083333333334,6.010752688172043,12.410416666666668,0.0,0.0,1.2264172,1.2264172000000213,44.87538920000003,0,1.8971163034439087
2022-04-22,20.28333333333333,51.96125,34.24270833333333,95.56875,7.046875,1.077395833333333,,7.7625,6.926315789473684,5.965625,0.0,0.0,0.0,0.0,39.59439620000003,0,1.3137884140014648
2022-04-23,21.413541666666664,51.400104166666665,33.821875,92.759375,6.723958333333333,1.098645833333333,,7.732291666666666,13.0,4.68125,0.0,0.0,0.0,0.0,33.563076200000026,0,1.887133002281189
2022-04-24,21.90520833333333,50.87791666666666,33.43541666666667,88.94791666666667,6.413541666666667,1.0819791666666667,,7.695833333333333,11.32967032967033,24.534736842105264,0.0,0.0,0.0,0.0,24.929403200000028,0,0.832450270652771
2022-04-25,22.26458333333333,49.81260416666667,32.64791666666667,88.74270833333333,6.383333333333333,1.09625,,7.6875,9.692307692307692,26.1890243902439,0.0,0.0,0.0,0.0,1.2264172000000284,0,2.1864237785339355
2022-04-26,22.558333333333334,49.05927083333333,32.092708333333334,88.34479166666667,6.341666666666666,1.1185416666666663,,7.689583333333334,17.638297872340427,9.3,0.12717478,0.0,0.0,0.1271747800000213,0.1271747800000284,0,1.5174545049667358
2022-04-27,21.41145833333333,49.883125,32.713541666666664,88.5625,6.467708333333333,1.2364583333333334,,7.725,9.75,9.126041666666667,0.1994641,0.12717478,0.0,0.3266388800000213,0.3266388800000284,0,1.4783897399902344
2022-04-28,20.492708333333333,51.37947916666667,33.82083333333333,90.453125,6.66875,1.2875,,7.743749999999999,6.8125,5.775,0.0,0.1994641,0.12717478,0.3266388800000213,0.3266388800000284,0,2.093320369720459
2022-04-29,20.680208333333333,51.72635416666666,34.067708333333336,91.353125,6.6937500000000005,1.2882291666666668,,7.75625,24.22340425531915,7.348958333333333,0.0,0.0,0.1994641,0.19946410000002132,0.3266388800000284,0,0.9259964227676392
2022-04-30,21.363541666666663,51.460625,33.87083333333333,88.23645833333335,6.391666666666667,1.1838541666666669,,7.722916666666666,7.552083333333333,7.838947368421053,0.0,0.0,0.0,0.0,0.3266388800000284,0,0.6189281940460205
2022-05-01,21.84583333333333,51.1509375,33.635416666666664,89.65520833333333,6.439583333333334,1.1775,,7.712499999999999,7.791666666666667,23.70681818181818,1.1291939,0.0,0.0,1.1291939000000213,1.4558327800000284,0,
2022-05-02,23.172916666666666,50.44895833333334,33.098958333333336,86.63020833333333,6.095833333333334,1.0838541666666666,,7.683333333333334,12.989583333333334,9.257291666666667,9.550178,1.1291939,0.0,10.679371900000023,11.006010780000029,0,0.7709436416625977
2022-05-03,24.277083333333334,49.1621875,32.13229166666667,83.60833333333333,5.802083333333333,1.0347916666666668,,7.6375,15.864583333333334,7.3875,1.3767378,9.550178,1.1291939,12.056109700000022,12.255573800000029,0,0.8323682546615601
2022-05-04,24.75,48.571875,31.694791666666664,84.18854166666667,5.8031250000000005,1.0744791666666669,,7.685416666666666,10.770833333333334,7.030208333333333,3.6394322,1.3767378,9.550178,14.566348000000023,15.695541900000027,0,
2022-05-05,25.20625,47.86166666666667,31.16979166666667,82.528125,5.659375,1.12125,,7.667708333333334,8.302083333333334,7.135416666666667,9.87657,3.6394322,1.3767378,14.89274000000002,25.572111900000028,0,0.950492024421692
2022-05-06,25.23645833333333,49.2846875,32.20729166666667,82.94479166666666,5.666666666666667,1.1859375,,7.684375,15.621052631578948,7.791666666666667,3.5244424,9.87657,3.6394322,17.040444600000022,29.09655430000003,0,0.6437197923660278
2022-05-07,25.0125,46.225625,29.985416666666666,81.75729166666666,5.685416666666666,1.0147916666666668,,7.678125,17.510416666666668,8.918750000000001,9.943711,3.5244424,9.87657,23.34472340000002,39.04026530000003,0,0.8712849020957947
2022-05-08,21.04583333333333,48.97802083333334,32.05104166666667,83.60208333333334,6.175,1.2541666666666669,,7.692708333333333,9.729166666666666,10.177083333333334,1.8296883,9.943711,3.5244424,15.29784170000002,39.740759700000034,0,0.0341658480465412
2022-05-09,19.761458333333334,51.8025,34.12708333333333,93.63645833333334,6.980208333333334,1.5398958333333337,,7.806249999999999,5.583333333333333,8.028125000000001,0.08562007,1.8296883,9.943711,11.859019370000022,30.27620177000003,0,
2022-05-10,19.682291666666668,53.01104166666667,35.03125,92.55208333333331,6.876041666666667,1.6645833333333335,,7.797916666666667,5.989583333333333,54.54270833333334,0.10397912,0.08562007,1.8296883,2.0192874900000213,29.003443090000026,0,1.399418592453003
2022-05-11,19.81770833333333,52.42208333333334,34.592708333333334,91.18958333333336,6.779166666666666,1.7353125,,7.782291666666667,10.53125,29.975,1.2849997,0.10397912,0.08562007,1.4745988900000213,26.649010590000028,0,
2022-05-12,19.9125,52.63458333333333,34.74791666666667,89.325,6.630208333333333,1.7631249999999998,,7.761458333333334,90.30526315789474,48.89270833333333,2.211585,1.2849997,0.10397912,3.600563820000021,18.98402559000003,0,1.2112483978271484
2022-05-13,20.713541666666668,51.57625,33.967708333333334,86.23333333333333,6.341666666666666,1.5551041666666665,,7.685416666666666,94.42708333333331,24.159375,8.745362,2.211585,1.2849997,12.241946700000021,24.20494519000003,0,3.859477043151856
2022-05-14,21.988541666666663,50.92864583333333,33.479166666666664,85.52083333333333,6.152083333333334,1.3951041666666668,,7.653125,152.03125,35.610416666666666,15.374124,8.745362,2.211585,26.331071000000023,29.635358190000026,0,1.0137794017791748
2022-05-15,23.26458333333333,45.44529411764705,29.47647058823529,67.37058823529412,4.923529411764706,1.3342708333333333,,7.505882352941176,122.0,29.21176470588236,0.7017459,15.374124,8.745362,24.821231900000022,28.507415790000028,0,0.4017529189586639
2022-05-16,23.867708333333336,,,,,1.3035416666666666,,,,,2.0725112,0.7017459,15.374124,18.148381100000023,30.49430692000003,0,
2022-05-17,23.74791666666667,,,,,1.3494791666666668,,,,,9.682984,2.0725112,0.7017459,12.45724110000002,40.07331180000003,0,1.0701243877410889
2022-05-18,24.133333333333336,,,,,1.2973958333333333,,,,,0.0,9.682984,2.0725112,11.75549520000002,38.78831210000003,0,
2022-05-19,24.726041666666664,,,,,1.2033333333333334,,,,,0.088939056,0.0,9.682984,9.77192305600002,36.66566615600003,0,1.6981281042099
2022-05-20,25.45833333333333,,,,,1.241875,,,,,2.9985826,0.088939056,0.0,3.0875216560000216,30.918886756000028,0,0.8141441345214844
2022-05-21,25.85625,,,,,1.273125,,,,,4.0364094,2.9985826,0.088939056,7.123931056000021,19.58117215600003,0,1.0984649658203125
2022-05-22,24.86458333333333,,,,,1.2645833333333334,,,,,8.879862,4.0364094,2.9985826,15.91485400000002,27.759288256000026,0,0.0957905203104019
2022-05-23,25.22083333333333,51.65475,33.9325,93.77,6.275,1.2509375,,7.7125,8.275,9.24,3.6099205,8.879862,4.0364094,16.52619190000002,29.296697556000026,0,0.0539182648062706
2022-05-24,25.542708333333334,51.94322916666667,34.16041666666667,86.56145833333333,5.841666666666666,1.2786458333333333,,7.70625,8.09375,7.9375,7.4396586,3.6099205,8.879862,19.92944110000002,27.05337215600003,0,
2022-05-25,24.825,52.19020833333334,34.362500000000004,86.54270833333334,5.908333333333334,1.3563541666666667,,7.725,7.145833333333333,6.2562500000000005,1.4984348,7.4396586,3.6099205,12.548013900000019,28.55180695600003,0,0.1582345217466354
2022-05-26,24.59583333333333,53.12604166666667,35.05520833333333,87.49270833333333,5.972916666666666,1.4630208333333332,,7.758333333333333,6.208333333333333,4.503125,0.00011761689,1.4984348,7.4396586,8.938211016890019,28.46298551689003,0,0.7428680062294006
2022-05-27,24.992708333333336,52.509166666666665,34.592708333333334,86.37604166666667,5.866666666666667,1.3696875000000002,,7.71875,10.302083333333334,5.997894736842105,5.6919904,0.00011761689,1.4984348,7.190542816890019,31.156393316890025,0,
2022-05-28,25.296875,51.30427083333333,33.69166666666667,86.40416666666665,5.860416666666667,1.266354166666667,,7.673958333333332,9.239583333333334,5.763541666666666,6.9211173,5.6919904,0.00011761689,12.61322531689002,34.04110121689003,0,2.734966278076172
2022-05-29,26.589583333333334,51.67427083333333,33.93125,86.00625000000001,5.689583333333334,1.3189583333333337,,7.652083333333334,7.479166666666667,5.770833333333333,0.08257534,6.9211173,5.6919904,12.69568304000002,25.243814556890026,0,1.1817176342010498
2022-05-30,27.554166666666664,52.06979166666667,34.196875,87.175,5.664583333333333,1.3523958333333337,,7.655208333333333,6.958333333333333,5.526041666666667,0.00043793258,0.08257534,6.9211173,7.004130572580019,21.634331989470027,0,1.9438958168029783
2022-05-31,28.051041666666663,52.188854166666665,34.268750000000004,88.91354166666667,5.728125,1.3421875,,7.670833333333333,6.833333333333333,4.926041666666666,0.0,0.00043793258,0.08257534,0.08301327258001953,14.194673389470028,0,1.1379687786102295
2022-06-01,28.152083333333334,51.93364583333334,34.079166666666666,90.46041666666667,5.819791666666667,1.31375,,7.707291666666666,6.583333333333333,5.397916666666667,0.0,0.0,0.00043793258,0.0004379325800195399,12.696238589470028,0,1.9143437147140503
2022-06-02,28.21770833333333,51.05041666666667,33.432291666666664,89.32395833333334,5.772916666666667,1.2920833333333337,,7.710416666666667,11.739583333333334,7.0218750000000005,0.2124144,0.0,0.0,0.21241440000001954,12.908535372580028,0,0.3489822745323181
2022-06-03,28.15,49.00375,31.9375,89.16354166666667,5.811458333333333,1.2835416666666666,,7.712499999999999,7.416666666666667,18.446875,2.9131014,0.2124144,0.0,3.1255158000000196,10.129646372580028,0,
2022-06-04,26.769791666666663,47.71864583333333,31.038541666666664,84.7375,5.692708333333333,1.422604166666667,,7.711458333333333,6.177083333333333,10.338541666666666,9.080385,2.9131014,0.2124144,12.20590080000002,12.288914072580027,0,2.080559015274048
2022-06-05,25.214583333333334,50.8059375,33.331250000000004,91.49895833333332,6.222916666666666,1.6040625000000002,,7.772916666666667,4.583333333333333,4.117708333333334,0.34813827,9.080385,2.9131014,12.34162467000002,12.554477002580027,0,0.991254448890686
2022-06-06,25.12291666666667,51.466770833333335,33.817708333333336,90.52291666666667,6.14375,1.5663541666666667,,7.740625,5.020833333333333,4.708333333333333,0.084685884,0.34813827,9.080385,9.51320915400002,12.638724954000027,0,3.442635297775269
2022-06-07,26.555208333333336,50.75729166666667,33.25729166666667,88.22291666666666,5.863541666666666,1.4266666666666667,,7.685416666666666,9.166666666666666,7.587499999999999,0.44659612,0.084685884,0.34813827,0.8794202740000195,13.085321074000026,0,0.1036049798130989
2022-06-08,27.378125,50.5634375,33.094791666666666,79.15833333333333,5.2125,1.3910416666666665,,7.64375,10.635416666666666,6.988541666666666,3.4521194,0.44659612,0.084685884,3.9834014040000194,16.53744047400003,0,0.4900866448879242
2022-06-09,27.271875,49.51114583333333,32.33229166666667,80.76354166666667,5.351041666666667,1.3364583333333335,,7.645833333333333,11.3125,5.6781250000000005,4.8766155,3.4521194,0.44659612,8.775331020000019,21.20164157400003,0,0.6831028461456299
2022-06-10,26.235416666666666,49.236041666666665,32.16041666666667,80.6125,5.43125,1.4525,,7.676041666666666,32.708333333333336,9.139583333333333,5.6914444,4.8766155,3.4521194,14.020179300000018,23.979984574000028,0,
2022-06-11,26.51770833333333,50.164479166666666,32.828125,80.96666666666667,5.410416666666666,1.4648958333333333,,7.689583333333334,25.1875,29.394736842105264,0.831354,5.6914444,4.8766155,11.399413900000019,15.730953574000027,0,1.1237852573394775
2022-06-12,26.634375,49.92854166666667,32.66041666666667,76.12291666666667,5.09375,1.4352083333333334,,7.651041666666667,76.8,14.658333333333331,8.184262,0.831354,5.6914444,14.70706040000002,23.56707730400003,0,
2022-06-13,27.53125,49.5953125,32.38229166666667,81.87708333333333,5.385416666666667,1.344479166666667,,7.649999999999999,31.58333333333333,15.786315789473685,3.6281736,8.184262,0.831354,12.64378960000002,27.11056502000003,0,0.8093370795249939
2022-06-14,28.171875,48.7915625,31.785416666666663,82.340625,5.3812500000000005,1.3215625,,7.670833333333333,62.239583333333336,31.432291666666668,5.9229054,3.6281736,8.184262,17.73534100000002,32.58687430000003,0,
2022-06-15,28.23229166666667,51.40479166666666,33.686458333333334,79.5625,5.140625,1.5166666666666666,,7.703125,16.604166666666668,8.988541666666666,0.022659928,5.9229054,3.6281736,9.57373892800002,29.157414828000025,0,2.2874319553375244
2022-06-16,27.805208333333336,51.11000000000001,33.48854166666667,79.19895833333334,5.161458333333333,1.4717708333333333,,7.681249999999999,36.67741935483871,6.269791666666666,8.717089,0.022659928,5.9229054,14.66265432800002,32.99788832800003,0,0.0369272120296955
2022-06-17,28.5625,49.07333333333333,31.98229166666667,76.69895833333334,4.967708333333333,1.3438541666666666,,7.653125,25.291666666666668,11.813541666666666,8.5167055,8.717089,0.022659928,17.25645442800002,35.82314942800003,0,1.3885966539382937
2022-06-18,28.0875,47.26197916666666,30.70833333333333,76.29062499999999,4.997916666666667,1.3711458333333333,,7.658333333333334,24.14583333333333,7.925,7.2284627,8.5167055,8.717089,24.462257200000018,42.22025812800003,0,0.5476157069206238
2022-06-19,26.913541666666664,45.49322916666667,29.430208333333336,81.92916666666666,5.527083333333334,1.5308333333333335,,7.719791666666667,43.18681318681319,6.180208333333333,0.0,7.2284627,8.5167055,15.74516820000002,34.03599612800003,0,1.829944133758545
2022-06-20,26.59895833333333,44.17,28.49375,71.02291666666666,4.8375,1.540625,,7.6875,27.21505376344086,5.647916666666667,0.12409582,0.0,7.2284627,7.352558520000019,30.53191834800003,0,0.7486027479171753
2022-06-21,26.570833333333336,47.85791666666666,31.15625,66.74270833333334,4.484375,1.5278124999999998,,7.604166666666667,73.32584269662921,5.858333333333333,0.81733954,0.12409582,0.0,0.9414353600000195,25.42635248800003,0,0.1567922681570053
2022-06-22,27.022916666666664,49.24520833333333,32.16979166666667,68.54062499999999,4.557291666666667,1.4453125,,7.605208333333334,49.375,6.211458333333333,1.5997196,0.81733954,0.12409582,2.5411549600000196,27.003412160000032,0,0.1004053801298141
2022-06-23,27.695833333333336,49.69018518518519,32.51481481481481,77.86666666666666,5.15,1.3540740740740742,,7.720833333333334,4.170731707317073,7.1125,4.513493,1.5997196,0.81733954,6.93055214000002,22.799816160000027,0,0.1454067975282669
2022-06-24,27.63020833333333,,,,,,,7.89375,6.010416666666667,6.242708333333333,0.030336017,4.513493,1.5997196,6.14354861700002,14.313446677000028,0,2.394874334335327
2022-06-25,27.682291666666668,,,,,,,7.904166666666666,4.760416666666667,6.8,0.0,0.030336017,4.513493,4.54382901700002,7.084983977000029,0,0.8693873286247253
2022-06-26,28.10625,,,,,,,7.814583333333334,5.125,6.907291666666667,0.0,0.0,0.030336017,0.03033601700001954,7.084983977000029,0,
2022-06-27,28.273958333333336,,,,,,,7.789583333333333,8.189473684210526,7.386458333333334,2.073686,0.0,0.0,2.0736860000000195,9.03457415700003,0,0.7615196704864502
2022-06-28,27.511458333333334,,,,,,,7.743749999999999,7.1875,8.039583333333333,2.6163647,2.073686,0.0,4.69005070000002,10.83359931700003,0,23.28780174255371
2022-06-29,27.134375,,,,,,,7.761458333333334,5.416666666666667,8.85,2.8333535,2.6163647,2.073686,7.523404200000019,12.067233217000028,0,0.070198118686676
2022-06-30,28.258333333333336,,,,,,,7.830208333333334,5.541666666666667,8.747916666666667,1.5119383,2.8333535,2.6163647,6.961656500000019,9.065678517000029,0,1.5868440866470337
2022-07-01,27.991666666666664,,,,,,,7.801041666666666,6.291666666666667,9.985416666666667,7.1276507,1.5119383,2.8333535,11.47294250000002,16.16299320000003,0,2.32409930229187
2022-07-02,27.086458333333336,,,,,,,7.7875,7.4375,10.828125,2.91355,7.1276507,1.5119383,11.55313900000002,19.076543200000028,0,0.6866085529327393
2022-07-03,27.45208333333333,,,,,,,7.778125,11.9375,12.459375,4.588079,2.91355,7.1276507,14.62927970000002,23.66462220000003,0,1.1754698753356934
2022-07-04,28.00208333333333,,,,,,,7.76875,10.604166666666666,12.65,9.886821,4.588079,2.91355,17.38845000000002,31.477757200000028,0,4.429656505584717
2022-07-05,29.21875,,,,,,,7.836458333333333,7.916666666666667,9.58125,0.9984707,9.886821,4.588079,15.473370700000018,29.859863200000028,0,0.6341840624809265
2022-07-06,29.79583333333333,,,,,,,7.828125,10.645833333333334,13.723958333333334,2.4967506,0.9984707,9.886821,13.38204230000002,29.523260300000025,0,1.1711323261260986
2022-07-07,30.0875,,,,,,,7.828125,12.458333333333334,16.151041666666668,13.99295,2.4967506,0.9984707,17.48817130000002,42.00427200000003,0,0.3244460523128509
2022-07-08,29.675,,,,,,,7.789583333333333,14.3125,14.670833333333334,15.649429,13.99295,2.4967506,32.13912960000002,50.52605030000002,0,0.9634893536567688
2022-07-09,29.07604166666667,,,,,,,7.785416666666666,17.833333333333332,13.580208333333331,14.1219,15.649429,13.99295,43.764279000000016,61.734400300000026,0,
2022-07-10,28.40416666666667,,,,,,,7.794791666666666,9.552083333333334,12.195833333333333,8.683635,14.1219,15.649429,38.45496400000002,65.82995630000002,0,
2022-07-11,27.746875,,,,,,,7.855208333333334,8.354166666666666,8.571875,3.0900085,8.683635,14.1219,25.895543500000024,59.033143800000026,0,0.5785471796989441
2022-07-12,28.13958333333333,,,,,,,7.852083333333333,7.791666666666667,9.177083333333334,0.29878232,3.0900085,8.683635,12.07242582000002,58.33345542000003,0,1.051578402519226
2022-07-13,28.665625,,,,,,,7.835416666666667,11.125,10.60625,2.837493,0.29878232,3.0900085,6.2262838200000195,58.67419782000003,0,0.2866599857807159
2022-07-14,29.00625,,,,,,,7.85,15.770833333333334,13.321875,7.3512726,2.837493,0.29878232,10.487547920000019,52.032520420000026,0,
2022-07-15,28.538541666666664,,,,,,,7.839583333333334,12.5,10.467708333333333,13.597854,7.3512726,2.837493,23.786619600000016,49.980945420000026,0,0.2352502048015594
2022-07-16,28.417708333333334,,,,,,,7.85,13.322916666666666,10.971875,7.06437,13.597854,7.3512726,28.013496600000018,42.923415420000026,0,0.0764899998903274
2022-07-17,28.9875,,,,,,,7.910416666666666,10.8125,13.307291666666666,3.1940906,7.06437,13.597854,23.85631460000002,37.43387102000003,0,2.3530735969543457
2022-07-18,28.883333333333336,,,,,,,7.882291666666667,11.5625,14.335416666666667,5.293979,3.1940906,7.06437,15.552439600000021,39.63784152000003,0,1.1193991899490356
2022-07-19,29.04375,,,,,,,7.890625,14.479166666666666,21.57708333333333,2.0349617,5.293979,3.1940906,10.52303130000002,41.374020900000026,0,
2022-07-20,28.98125,,,,,,,7.911458333333333,17.5,18.296875,2.1123729,2.0349617,5.293979,9.44131360000002,40.64890080000003,0,1.531931757926941
2022-07-21,28.813541666666666,,,,,,,7.88125,18.5625,23.384375,2.0892959,2.1123729,2.0349617,6.23663050000002,35.38692410000003,0,1.4788986444473269
2022-07-22,28.460416666666664,,,,,,,7.863541666666666,23.666666666666668,28.68125,7.670348,2.0892959,2.1123729,11.872016800000019,29.45941810000003,0,3.10184097290039
2022-07-23,27.90520833333333,,,,,,,7.810416666666666,42.01041666666666,20.980208333333334,3.6171324,7.670348,2.0892959,13.376776300000019,26.012180500000028,0,2.3455820083618164
2022-07-24,28.346875,,,,,,,7.810416666666666,13.854166666666666,13.392708333333331,1.2644383,3.6171324,7.670348,12.55191870000002,24.08252820000003,0,1.671447992324829
2022-07-25,28.92395833333333,,,,,,,7.85,22.80208333333333,25.89375,3.1679988,1.2644383,3.6171324,8.049569500000018,21.95654800000003,0,0.7508921027183533
2022-07-26,29.02315789473684,45.6075,29.454545454545453,98.02727272727272,6.386363636363637,0.9725,,7.814736842105263,21.41176470588235,15.89157894736842,13.159039,3.1679988,1.2644383,17.59147610000002,33.08062530000003,0,
2022-07-27,29.35729166666667,44.351875,28.539583333333336,89.21249999999999,5.805208333333333,0.8132291666666666,,7.735416666666667,,10.130208333333334,9.0062475,13.159039,3.1679988,25.33328530000002,39.974499900000026,0,1.1236519813537598
2022-07-28,29.477083333333336,45.58020833333333,29.41875,89.42083333333333,5.780208333333333,0.8784375,,7.753125,,10.034375,2.945199,9.0062475,13.159039,25.11048550000002,40.830403000000025,0,1.23907208442688
2022-07-29,29.903125,46.1096875,29.78333333333333,87.9375,5.630208333333333,0.788235294117647,,7.765625,,10.826041666666669,1.1861384,2.945199,9.0062475,13.13758490000002,34.34619340000003,0,1.6508313417434692
2022-07-30,29.16979166666667,46.604375000000005,30.17395833333333,75.49583333333334,4.897916666666666,,,7.710416666666667,,9.652083333333334,10.81874,1.1861384,2.945199,14.95007740000002,41.54780100000003,0,0.7616841197013855
2022-07-31,29.38125,47.3671875,30.707291666666663,78.19479166666666,5.025,,,7.702083333333333,,12.98842105263158,16.109907,10.81874,1.1861384,28.114785400000017,56.393269700000026,0,3.3804733753204346
2022-08-01,29.78020833333333,47.7140625,30.954166666666666,85.30312500000001,5.440625,,,7.690625,,15.069791666666667,11.293886,16.109907,10.81874,38.22253300000001,64.51915690000003,0,1.258113145828247
2022-08-02,29.73229166666667,47.258229166666666,30.62291666666667,86.96249999999999,5.555208333333333,,,7.733333333333333,,22.01875,2.2552414,11.293886,16.109907,29.659034400000017,53.61535930000003,0,2.044200897216797
2022-08-03,29.696875,48.1571875,31.269791666666663,82.01041666666667,5.236458333333333,,,7.733333333333333,,16.237894736842104,1.5936297,2.2552414,11.293886,15.142757100000019,46.20274150000002,0,0.7511516213417053
2022-08-04,29.875,48.92270833333333,31.82708333333333,78.88541666666667,5.008333333333334,,,7.717708333333333,,14.64375,1.4314761,1.5936297,2.2552414,5.280347200000017,44.689018600000026,0,1.4777851104736328
2022-08-05,29.8375,48.835625,31.7625,76.29479166666667,4.846875,,,7.705208333333334,,14.909574468085106,1.1354802,1.4314761,1.5936297,4.160586000000018,44.638360400000025,0,1.419488787651062
2022-08-06,29.82604166666667,50.36208333333334,32.878125000000004,75.08749999999999,4.754166666666666,,,7.691666666666666,,8.702105263157895,2.726376,1.1354802,1.4314761,5.293332300000017,36.54599640000003,0,2.6620121002197266
2022-08-07,29.59166666666667,51.4865625,33.713541666666664,73.81875000000001,4.659375,,,7.678125,,7.094565217391305,0.27309886,2.726376,1.1354802,4.134955060000018,20.70918826000003,0,1.350666880607605
2022-08-08,29.30208333333333,51.97604166666667,34.07604166666667,76.78125,4.870833333333334,,,7.7,,9.414583333333333,0.16112953,0.27309886,2.726376,3.160604390000018,9.57643179000003,0,1.1704939603805542
2022-08-09,28.846875,51.98885416666667,34.104166666666664,78.82708333333333,5.03125,,,7.736458333333334,,8.33578947368421,0.52832395,0.16112953,0.27309886,0.9625523400000178,7.849514340000028,0,2.4425811767578125
2022-08-10,28.765625,51.72114583333334,33.903125,78.78854166666666,5.0375000000000005,,,7.704166666666667,,10.419791666666669,1.7348789,0.52832395,0.16112953,2.424332380000018,7.990763540000028,0,0.9670704007148744
2022-08-11,27.792708333333334,52.29208333333333,34.353125,77.26770833333333,5.0125,,,7.7375,,10.420833333333333,5.715837,1.7348789,0.52832395,7.979039850000017,12.275124440000027,0,
2022-08-12,26.08125,50.776250000000005,33.32604166666667,71.19687499999999,4.79375,,,7.7625,,8.570833333333333,18.621206,5.715837,1.7348789,26.071921900000017,29.76085024000003,1,
2022-08-13,26.194791666666664,52.53895833333333,34.584375,78.10625,5.190625,,,7.786458333333333,,4.601041666666666,1.059004,18.621206,5.715837,25.396047000000017,28.093478240000028,0,2.657693862915039
2022-08-14,26.390625,53.90614583333333,35.590625,68.60312499999999,4.5218750000000005,,,7.788541666666667,,5.327083333333333,0.12859498,1.059004,18.621206,19.80880498000002,27.94897436000003,0,2.027801036834717
2022-08-15,26.823958333333334,53.989375,35.643750000000004,61.809375,4.044791666666667,,,7.746875,,7.795833333333333,2.143617,0.12859498,1.059004,3.331215980000018,29.93146183000003,0,0.1380522102117538
2022-08-16,27.440625,52.96533333333333,34.90888888888889,46.22444444444445,3.077777777777778,,,7.76875,6.333333333333333,8.497916666666667,5.2630467,2.143617,0.12859498,7.535258680000018,34.66618458000003,0,1.8734586238861084
2022-08-17,27.320833333333336,,,,,,,7.783333333333334,5.53125,6.80625,1.58651,5.2630467,2.143617,8.993173700000018,34.51781568000003,0,0.346275120973587
2022-08-18,27.32708333333333,,,,,,,7.766666666666667,5.875,7.517708333333334,0.12508672,1.58651,5.2630467,6.974643420000018,28.92706540000003,0,3.559459686279297
2022-08-19,26.469791666666666,,,,,,,7.677083333333333,6.291666666666667,7.39375,5.447429,0.12508672,1.58651,7.159025720000018,15.753288400000027,0,0.5369287729263306
2022-08-20,26.834375,,,,,,,7.60625,8.572916666666666,7.802083333333333,3.9059722,5.447429,0.12508672,9.478487920000017,18.60025660000003,0,1.5780071020126345
2022-08-21,27.62708333333333,,,,,,,7.597916666666666,7.40625,11.598958333333334,9.279619,3.9059722,5.447429,18.63302020000002,27.75128062000003,0,2.152421236038208
2022-08-22,27.477083333333336,,,,,,,7.59375,11.4375,15.338541666666666,15.0849,9.279619,3.9059722,28.270491200000016,40.69256362000003,0,
2022-08-23,27.88571428571429,,,,,,,7.625,10.625,15.166666666666666,16.470934,15.0849,9.279619,40.835453000000015,51.900450920000026,0,0.6904195547103882
2022-08-24,,,,,,,,7.580208333333334,8.5625,16.681250000000002,4.1859984,16.470934,15.0849,35.741832400000014,54.499939320000024,0,0.2401413321495056
2022-08-25,,,,,,,,7.617708333333333,8.177083333333334,14.885416666666666,0.5933494,4.1859984,16.470934,21.250281800000018,54.968202000000026,0,1.6581677198410034
2022-08-26,,,,,,,,7.626041666666667,7.802083333333333,12.419791666666669,3.5923865,0.5933494,4.1859984,8.371734300000018,53.11315950000002,0,0.2435390353202819
2022-08-27,,,,,,,,7.619791666666667,7.604166666666667,11.20625,1.7768263,3.5923865,0.5933494,5.962562200000018,50.984013600000026,0,4.734620571136475
2022-08-28,,,,,,,,7.665624999999999,7.260416666666667,10.63125,3.6495767,1.7768263,3.5923865,9.018789500000018,45.353971300000026,0,
2022-08-29,,,,,,,,7.713541666666667,6.875,8.78125,6.216121,3.6495767,1.7768263,11.642524000000018,36.48519230000003,0,
2022-08-30,,,,,,,,7.788541666666667,7.614583333333333,9.408333333333331,1.4579806,6.216121,3.6495767,11.323678300000019,21.47223890000003,0,2.3764660358428955
2022-08-31,,,,,,,,7.813541666666667,8.65625,12.976041666666667,1.297551,1.4579806,6.216121,8.971652600000018,18.58379150000003,0,1.2665759325027466
2022-09-01,,,,,,,,7.839583333333334,8.3125,11.883333333333333,0.47192064,1.297551,1.4579806,3.2274522400000176,18.462362740000028,0,0.8588997721672058
2022-09-02,,,,,,,,7.85625,6.770833333333333,8.519791666666666,0.1693061,0.47192064,1.297551,1.9387777400000177,15.039282340000028,0,0.1770902425050735
2022-09-03,,,,,,,,7.830208333333334,7.104166666666667,8.161458333333334,0.35723764,0.1693061,0.47192064,0.9984643800000178,13.619693680000028,0,2.0149600505828857
2022-09-04,,,,,,,,7.805208333333333,6.729166666666667,8.066666666666666,0.020899074,0.35723764,0.1693061,0.5474428140000178,9.99101605400003,0,1.8388198614120483
2022-09-05,,,,,,,,7.814583333333334,6.833333333333333,7.540624999999999,3.6395924,0.020899074,0.35723764,4.0177291140000175,7.414487454000028,0,0.2108744829893112
2022-09-06,,,,,,,,7.809375,8.770833333333334,8.613541666666666,7.3624525,3.6395924,0.020899074,11.022943974000018,13.318959354000029,0,0.7920039892196655
2022-09-07,,,,,,,,7.816666666666666,9.052083333333334,8.283333333333333,5.6790094,7.3624525,3.6395924,16.681054300000017,17.70041775400003,0,0.6550625562667847
2022-09-08,,,,,,,,7.838541666666667,7.28125,6.194791666666667,4.332717,5.6790094,7.3624525,17.374178900000018,21.561214114000027,0,0.7221925854682922
2022-09-09,,,,,,,,7.884374999999999,5.90625,5.942708333333333,0.23052868,4.332717,5.6790094,10.242255080000017,21.622436694000026,0,0.3007271885871887
2022-09-10,,,,,,,,7.870833333333334,7.25,7.792708333333334,6.670631,0.23052868,4.332717,11.233876680000016,27.93583005400003,0,3.086784601211548
2022-09-11,,,,,,,,7.898958333333333,8.010416666666666,6.694791666666667,9.276134,6.670631,0.23052868,16.17729368000002,37.19106498000003,0,0.6435442566871643
2022-09-12,,,,,,,,7.926041666666666,7.020833333333333,8.155208333333333,3.1576738,9.276134,6.670631,19.10443880000002,36.70914638000003,0,1.0841983556747437
2022-09-13,,,,,,,,7.922916666666667,6.541666666666667,8.986458333333333,4.150812,3.1576738,9.276134,16.58461980000002,33.49750588000003,0,1.6940152645111084
2022-09-14,,,,,,,,7.922916666666667,5.71578947368421,8.544791666666667,2.096874,4.150812,3.1576738,9.405359800000019,29.91537048000003,0,0.0476525463163852
2022-09-15,,,,,,,,7.921875,5.166666666666667,6.913541666666667,8.321877,2.096874,4.150812,14.56956300000002,33.904530480000034,0,1.4545092582702637
2022-09-16,27.17391304347826,53.49108695652174,35.256521739130434,100.43695652173912,6.554347826086956,1.4063043478260868,,7.802083333333333,5.510416666666667,5.169791666666667,0.017905748,8.321877,2.096874,10.43665674800002,33.69190754800003,0,3.945610523223877
2022-09-17,26.051041666666663,53.50447916666667,35.30104166666667,86.11145833333335,5.7125,1.3604166666666666,,7.722916666666666,5.510416666666667,3.8958333333333335,0.7396233,0.017905748,8.321877,9.07940604800002,27.76089984800003,0,4.655412673950195
2022-09-18,26.384375,53.4321875,35.22708333333333,84.64270833333333,5.588541666666667,1.2696875,,7.668749999999999,6.041666666666667,4.701041666666667,0.25760472,0.7396233,0.017905748,1.0151337680000196,18.742370568000027,0,2.000697135925293
2022-09-19,27.088541666666668,52.5009375,34.528125,82.60104166666666,5.409375,1.2373958333333337,,7.625,6.302083333333333,5.680208333333333,0.15370776,0.25760472,0.7396233,1.1509357800000195,15.738404528000029,0,2.3085837364196777
2022-09-20,27.648958333333336,50.60822916666667,33.126041666666666,82.31666666666666,5.382291666666667,1.215625,,7.6125,6.84375,6.125,0.033752788,0.15370776,0.25760472,0.44506526800001955,11.62134531600003,0,1.9853264093399048
2022-09-21,28.17708333333333,50.34916666666667,32.920833333333334,82.54791666666667,5.364583333333333,1.3286458333333333,,7.646875,6.25,5.420833333333333,0.0,0.033752788,0.15370776,0.18746054800001954,9.52447131600003,0,1.3438754081726074
2022-09-22,28.1875,50.8878125,33.31041666666667,81.22812499999999,5.267708333333333,1.3755208333333335,,7.655208333333333,6.53125,5.273958333333334,0.10964976,0.0,0.033752788,0.14340254800001953,1.3122440760000285,0,1.9174106121063232
2022-09-23,25.746875,51.76802083333333,34.028125,84.36562500000001,5.675,1.5416666666666667,,7.735416666666667,7.020833333333333,4.732291666666667,1.4275551,0.10964976,0.0,1.5372048600000194,2.7218934280000284,0,3.4409916400909424
2022-09-24,24.554166666666664,52.71447916666667,34.755208333333336,84.60104166666666,5.779166666666666,1.6217708333333334,,7.743749999999999,5.40625,4.814583333333333,0.0,1.4275551,0.10964976,1.5372048600000194,1.9822701280000286,0,1.3520084619522097
2022-09-25,24.896875,52.91864583333333,34.9,85.78750000000001,5.8187500000000005,1.473645833333333,,7.714583333333334,6.354166666666667,4.429166666666666,0.003407787,0.0,1.4275551,1.4309628870000195,1.7280731950000283,0,1.7734975814819336
2022-09-26,25.64583333333333,52.7125,34.72604166666667,87.53229166666667,5.866666666666667,1.4389583333333331,,7.713541666666667,6.833333333333333,4.927083333333333,0.021448005,0.003407787,0.0,0.024855792000019538,1.5958134400000286,0,2.0187270641326904
2022-09-27,25.504166666666663,52.70520833333333,34.72083333333333,85.95104166666665,5.780208333333333,1.4698958333333332,,7.725,6.53125,5.135416666666667,3.7622607,0.021448005,0.003407787,3.7871164920000195,5.3243213520000285,0,
2022-09-28,23.777083333333334,53.35885416666667,35.24791666666667,89.03020833333333,6.154166666666666,1.6139583333333334,,7.788541666666667,6.0625,4.578125,8.176425,3.7622607,0.021448005,11.96013370500002,13.500746352000029,0,7.152218341827393
2022-09-29,21.9,53.808125,35.61041666666667,88.21666666666665,6.288541666666667,1.7836781609195402,,7.822916666666667,8.46875,4.435416666666667,19.564365,8.176425,3.7622607,31.503050700000017,32.95546159200003,1,
2022-09-30,21.4,52.16229166666667,34.39895833333333,91.50416666666666,6.623958333333333,,,7.806249999999999,33.915789473684214,7.409375,34.42639,19.564365,8.176425,62.167180000000016,65.95429649200003,1,
2022-10-01,21.491666666666664,50.473958333333336,33.143750000000004,89.16250000000001,6.484375,,,7.713541666666667,23.71276595744681,6.216666666666666,5.5899973,34.42639,19.564365,59.580752300000015,71.54429379200002,0,4.056941032409668
2022-10-02,22.48333333333333,51.279583333333335,33.728125,86.74479166666667,6.179166666666667,,,7.71875,12.90625,4.494791666666667,1.927775,5.5899973,34.42639,41.944162300000016,73.46866100500003,0,0.3643310368061065
2022-10-03,21.09895833333333,52.14906250000001,34.390625,86.00416666666666,6.2625,,,7.759374999999999,15.114583333333334,4.755208333333333,0.070704944,1.927775,5.5899973,7.588477244000021,73.51791794400003,0,0.4655358791351318
2022-10-04,20.34583333333333,52.94614583333333,34.979166666666664,89.23020833333334,6.55625,,,7.821874999999999,10.789473684210526,4.502083333333333,0.0,0.070704944,1.927775,1.9984799440000214,69.75565724400003,0,2.714219331741333
2022-10-05,20.59895833333333,53.08354166666667,35.08020833333333,88.78333333333335,6.492708333333333,,,7.809375,10.305263157894736,4.40625,0.0029525305,0.0,0.070704944,0.07365747450002132,61.58218477450002,0,0.9104629755020142
2022-10-06,21.315625,53.01447916666667,35.025,87.86458333333333,6.348958333333333,,,7.778125,7.895833333333333,4.507291666666666,0.00033882764,0.0029525305,0.0,0.003291358140021316,42.018158602140026,0,2.672675371170044
2022-10-07,22.132291666666664,52.65635416666667,34.753125000000004,87.89270833333335,6.263541666666666,,,7.755208333333333,8.46875,4.954166666666667,0.0,0.00033882764,0.0029525305,0.003291358140021316,7.591768602140029,0,1.6085704565048218
2022-10-08,22.3,52.448125000000005,34.603125,85.84166666666665,6.097916666666666,,,7.752083333333334,9.425531914893616,4.376041666666667,1.8748604,0.0,0.00033882764,1.8751992276400213,3.8766317021400285,0,4.692636013031006
2022-10-09,21.511458333333334,53.14375,35.126041666666666,89.36458333333333,6.421875,,,7.807291666666667,10.104166666666666,5.952083333333333,0.33574352,1.8748604,0.0,2.2106039200000214,2.2846002221400283,0,1.891735553741455
2022-10-10,21.20625,53.4828125,35.37291666666666,88.02187500000001,6.354166666666667,,,7.804166666666667,10.020833333333334,5.45578947368421,0.14322847,0.33574352,1.8748604,2.3538323900000213,2.3571237481400287,0,3.793446779251098
2022-10-11,21.290625,53.4953125,35.38125,91.26875,6.571875,,,7.802083333333333,12.479166666666666,3.563541666666667,0.01300565,0.14322847,0.33574352,0.4919776400000213,2.3701293981400284,0,0.6102038025856018
2022-10-12,21.64583333333333,53.53603773584906,35.42264150943396,85.5320754716981,6.2075471698113205,,,7.882291666666667,9.510416666666666,5.1937500000000005,0.26251155,0.01300565,0.14322847,0.4187456700000213,2.6296884176400286,0,2.5174777507781982
2022-10-13,22.632291666666664,,,,,,,7.971875,8.145833333333334,6.238541666666666,21.845661,0.26251155,0.01300565,22.12117820000002,24.47501059000003,1,1.1066091060638428
2022-10-14,22.59375,,,,,,,7.947916666666667,5.427083333333333,6.602083333333333,0.8109539,21.845661,0.26251155,22.91912645000002,25.28596449000003,0,0.547950029373169
2022-10-15,22.23958333333333,,,,,,,7.940625,5.270833333333333,5.851041666666667,0.0,0.8109539,21.845661,22.656614900000022,23.41110409000003,0,2.1872146129608154
2022-10-16,22.01458333333333,,,,,,,7.911458333333333,5.354166666666667,5.784375,0.8629145,0.0,0.8109539,1.6738684000000212,23.938275070000028,0,0.4469455182552337
2022-10-17,22.282291666666666,,,,,,,7.901041666666667,6.40625,6.429166666666667,7.220944,0.8629145,0.0,8.083858500000021,31.015990600000027,0,3.8021204471588135
2022-10-18,21.492708333333336,,,,,,,7.915624999999999,5.833333333333333,6.460416666666667,2.24048,7.220944,0.8629145,10.324338500000021,33.243464950000025,0,1.3195981979370115
2022-10-19,18.619791666666668,,,,,,,7.923958333333334,4.291666666666667,5.858333333333333,0.5456244,2.24048,7.220944,10.00704840000002,33.52657780000003,0,1.8991144895553589
2022-10-20,18.0875,,,,,,,7.91875,3.6770833333333335,5.895833333333333,0.0,0.5456244,2.24048,2.786104400000021,11.680916800000029,0,2.189610242843628
2022-10-21,18.465625,,,,,,,7.922916666666667,3.6041666666666665,5.871875,0.013512013,0.0,0.5456244,0.5591364130000214,10.883474913000029,0,1.6097952127456665
2022-10-22,19.308333333333334,,,,,,,7.936458333333333,4.1875,5.708333333333333,5.724963,0.013512013,0.0,5.738475013000021,16.608437913000028,0,1.8432056903839111
2022-10-23,19.45625,,,,,,,7.927083333333333,4.739583333333333,5.534375,14.884639,5.724963,0.013512013,20.62311401300002,30.63016241300003,0,0.1314627826213836
2022-10-24,19.571875,,,,,,,7.90625,4.927083333333333,5.364583333333333,0.75679487,14.884639,5.724963,21.36639687000002,24.166013283000026,0,3.464162826538086
2022-10-25,20.419791666666665,,,,,,,7.927083333333333,5.0625,4.995833333333334,0.83011353,0.75679487,14.884639,16.47154740000002,22.755646813000027,0,1.2427855730056765
2022-10-26,20.875,,,,,,,7.9375,5.416666666666667,5.191666666666666,0.20723559,0.83011353,0.75679487,1.7941439900000213,22.41725800300003,0,2.0216197967529297
2022-10-27,20.563541666666666,,,,,,,7.948958333333334,5.104166666666667,5.663541666666667,0.003970533,0.20723559,0.83011353,1.0413196530000213,22.42122853600003,0,4.021360397338867
2022-10-28,19.384375,,,,,,,7.938541666666667,5.583333333333333,5.55,0.13392633,0.003970533,0.20723559,0.3451324530000213,22.541642853000027,0,0.3605661690235138
2022-10-29,19.402083333333334,,,,,,,7.936458333333333,5.416666666666667,4.8656250000000005,1.540751,0.13392633,0.003970533,1.6786478630000212,18.357430853000025,0,1.2023276090621948
2022-10-30,19.305208333333333,,,,,,,7.964583333333334,4.666666666666667,4.491666666666666,0.44820812,1.540751,0.13392633,2.1228854500000214,3.9209999730000265,0,0.6659992933273315
2022-10-31,20.073958333333334,,,,,,,7.961458333333333,8.166666666666666,4.979166666666667,0.96854514,0.44820812,1.540751,2.957504260000021,4.132750243000026,0,2.3835995197296143
2022-11-01,20.99895833333333,,,,,,,7.946874999999999,4.34375,5.479166666666667,4.0724406,0.96854514,0.44820812,5.489193860000022,7.375077313000027,0,0.9805824756622314
2022-11-02,20.65625,,,,,,,7.957291666666666,4.385416666666667,5.082291666666666,0.053981435,4.0724406,0.96854514,5.094967175000021,7.221823158000027,0,0.9270678162574768
2022-11-03,20.079166666666666,,,,,,,7.969791666666667,4.416666666666667,4.258333333333334,2.278675,0.053981435,4.0724406,6.405097035000021,9.496527625000027,0,1.5785293579101562
2022-11-04,20.4375,,,,,,,7.969791666666667,6.1875,3.64375,0.020673556,2.278675,0.053981435,2.353329991000021,9.383274851000026,0,1.3587247133255005
2022-11-05,21.402083333333334,,,,,,,7.972916666666666,8.33695652173913,3.8489583333333335,0.0,0.020673556,2.278675,2.2993485560000213,7.842523851000027,0,1.255545139312744
2022-11-06,22.159375,,,,,,,7.975,9.604166666666666,16.380208333333332,0.08412008,0.0,0.020673556,0.10479363600002131,7.478435811000026,0,0.29155233502388
2022-11-07,22.45625,,,,,,,7.984375,6.03125,8.420833333333333,0.0,0.08412008,0.0,0.08412008000002132,6.509890671000027,0,1.7339859008789062
2022-11-08,20.907291666666666,,,,,,,8.016666666666667,6.416666666666667,22.319791666666664,0.0,0.0,0.08412008,0.08412008000002132,2.4374500710000264,0,
2022-11-09,18.41875,,,,,,,8.03125,8.645833333333334,14.315625,0.0,0.0,0.0,0.0,2.3834686360000266,0,
2022-11-10,18.604166666666668,,,,,,,8.004166666666666,8.322916666666666,6.821875,0.06069682,0.0,0.0,0.060696820000021315,0.16549045600002665,0,
2022-11-11,20.24375,,,,,,,7.962499999999999,8.96875,4.918947368421053,1.8150777,0.06069682,0.0,1.8757745200000213,1.9598946000000266,0,1.2057085037231443
2022-11-12,20.92395833333333,,,,,,,7.935416666666668,9.520833333333334,6.117708333333333,0.69399935,1.8150777,0.06069682,2.5697738700000214,2.6538939500000267,0,0.85866779088974
2022-11-13,20.04895833333333,,,,,,,7.947916666666667,7.0,4.917708333333334,0.13623896,0.69399935,1.8150777,2.6453160100000215,2.706012830000027,0,7.953187942504883
2022-11-14,16.698958333333334,,,,,,,7.983333333333333,6.6875,4.158333333333333,0.007549679,0.13623896,0.69399935,0.8377879890000213,2.7135625090000266,0,1.194014072418213
2022-11-15,16.29375,,,,,,,7.978124999999999,2.96875,4.0375000000000005,0.3985267,0.007549679,0.13623896,0.5423153390000213,3.1120892090000267,0,0.0867130905389785
2022-11-16,17.122916666666665,51.99,34.26,104.13142857142856,8.122857142857143,1.3881818181818182,,7.939583333333334,3.489583333333333,4.24375,1.0015409,0.3985267,0.007549679,1.4076172790000212,4.1136301090000265,0,8.180264472961426
2022-11-17,15.460416666666667,52.57541666666666,34.66770833333333,96.06458333333336,7.760416666666667,,,7.956250000000001,3.1354166666666665,3.9447916666666663,1.2801659,1.0015409,0.3985267,2.6802335000000213,5.333099189000026,0,
2022-11-18,13.96875,52.91958333333333,34.87291666666667,95.490625,7.939583333333334,,,7.967708333333333,2.40625,3.5416666666666665,0.02349115,1.2801659,1.0015409,2.305197950000021,3.5415126390000267,0,2.2074670791625977
2022-11-19,13.94375,52.98729166666666,34.927083333333336,95.63958333333332,7.955208333333332,,,7.989583333333333,2.3125,3.4375,0.045060657,0.02349115,1.2801659,1.3487177070000214,2.892573946000027,0,2.386002779006958
2022-11-20,13.345833333333331,52.62177083333333,34.63645833333333,95.4125,8.051041666666666,,,8.004166666666666,2.5,3.669791666666667,28.314312,0.045060657,0.02349115,28.38286380700002,31.07064698600003,1,
2022-11-21,13.398958333333333,53.47666666666667,35.264583333333334,95.79166666666669,8.047916666666667,,,8.03125,4.427083333333333,7.41578947368421,8.491702,28.314312,0.045060657,36.85107465700002,39.554799307000025,0,4.567214488983154
2022-11-22,14.441666666666668,53.81260416666667,35.55104166666667,96.73333333333332,7.934375,,,8.035416666666666,3.239583333333333,7.239560439560439,0.0,8.491702,28.314312,36.80601400000002,39.156272607000034,0,0.8348958492279053
2022-11-23,15.148958333333333,53.9584375,35.686458333333334,94.94791666666669,7.673958333333334,,,8.038541666666665,2.9375,2.5656250000000003,1.9420193,0.0,8.491702,10.433721300000022,40.09675100700003,0,5.508858680725098
2022-11-24,15.482291666666669,54.21927083333333,35.88333333333333,96.23854166666666,7.71875,,,8.044791666666667,3.1041666666666665,2.252083333333333,0.0,1.9420193,0.0,1.9420193000000212,38.81658510700003,0,3.89319109916687
2022-11-25,16.480208333333334,53.845416666666665,35.62708333333333,94.68854166666668,7.451041666666666,,,8.019791666666666,3.3541666666666665,2.271875,19.369265,0.0,1.9420193,21.31128430000002,58.16235895700002,1,
2022-11-26,16.140625,53.86114583333333,35.63333333333333,97.18229166666669,7.698958333333334,,,8.04375,3.34375,2.192708333333333,0.11880493,19.369265,0.0,19.48806993000002,58.236103230000026,0,1.576199293136597
2022-11-27,17.002083333333335,53.668958333333336,35.50416666666667,95.49791666666664,7.45,,,8.014583333333333,9.895833333333334,14.290804597701149,11.111879,0.11880493,19.369265,30.599948930000018,41.03367023000003,0,0.7184091806411743
2022-11-28,17.013541666666665,52.3290625,34.516666666666666,96.003125,7.527083333333334,1.64,,8.001041666666667,28.305263157894736,20.467045454545453,0.007975168,11.111879,0.11880493,11.23865909800002,32.549943398000025,0,2.060304880142212
2022-11-29,16.575,53.16954545454546,35.128409090909095,98.43541666666664,7.722727272727273,1.2880681818181818,,8.058333333333334,15.635416666666666,3.872631578947368,0.0,0.007975168,11.111879,11.119854168000021,32.549943398000025,0,2.253591537475586
2022-11-30,16.69375,53.215625,35.1703125,93.55833333333334,7.3,1.1625454545454543,,8.0375,4.375,3.654255319148936,5.7315726,0.0,0.007975168,5.739547768000021,36.339496698000026,0,
2022-12-01,14.747916666666669,52.67945054945055,34.72087912087912,93.65263157894736,7.670329670329671,1.3006593406593407,,8.053125,11.96875,12.22,0.119936384,5.7315726,0.0,5.851508984000021,36.459433082000025,0,2.474583625793457
2022-12-02,14.172916666666666,53.55936170212766,35.35425531914894,95.74583333333334,7.911702127659574,1.4352127659574467,,8.091666666666667,2.739583333333333,6.274736842105264,0.00014474435,0.119936384,5.7315726,5.851653728350021,17.09031282635003,0,3.411799907684326
2022-12-03,15.48125,53.40537500000001,35.285,94.96979166666668,7.6275,1.303375,,8.061458333333333,2.4479166666666665,2.6979166666666665,4.853609,0.00014474435,0.119936384,4.973690128350021,21.82511689635003,0,
2022-12-04,15.76875,53.26,35.17906976744186,95.15684210526317,7.617441860465116,1.3351162790697677,,8.054166666666665,23.86458333333333,5.213684210526316,5.694602,4.853609,0.00014474435,10.54835574435002,16.407839896350026,0,
2022-12-05,14.94375,53.9561038961039,35.664935064935065,94.69479166666667,7.694805194805195,1.5416883116883116,,8.085416666666665,4.642105263157895,14.917241379310344,0.55599177,5.694602,4.853609,11.10420277000002,16.955856498350027,0,0.210171103477478
2022-12-06,15.803125,53.83289855072464,35.60289855072464,96.19895833333334,7.613043478260868,1.504927536231884,,8.059375,2.84375,4.057291666666667,5.350069,0.55599177,5.694602,11.60066277000002,22.305925498350028,0,0.176577478647232
2022-12-07,16.870833333333334,53.30626865671642,35.075,96.65416666666664,7.517910447761194,1.4479104477611942,,8.039583333333333,7.135416666666667,4.267368421052631,0.8321513,5.350069,0.55599177,6.7382120700000225,17.406504198350028,0,0.5045308470726013
2022-12-08,17.194791666666667,53.00646153846154,35.02,91.87604166666668,7.140000000000001,1.372153846153846,,8.007291666666667,17.96875,8.70111111111111,0.7953425,0.8321513,5.350069,6.977562800000022,18.08191031435003,0,
2022-12-09,16.126041666666666,53.46388888888889,35.34166666666667,94.82395833333334,7.5,1.5529032258064517,,8.025,5.479166666666667,3.25625,0.070708886,0.7953425,0.8321513,1.6982026860000212,18.15247445600003,0,2.364616632461548
2022-12-10,15.060416666666669,54.02358024691358,35.72839506172839,98.36145833333336,7.95432098765432,1.5765217391304347,,8.071875,3.239583333333333,4.728125,0.004391584,0.070708886,0.7953425,0.8704429700000212,13.30325704000003,0,1.134831428527832
2022-12-11,14.254166666666668,54.22211111111111,35.84555555555556,95.89375,7.873333333333334,1.520222222222222,,8.079166666666667,3.270833333333333,4.376041666666667,0.72562677,0.004391584,0.070708886,0.8007272400000213,8.334281810000029,0,0.3763263821601867
2022-12-12,14.171875,54.23791666666667,35.862500000000004,98.6,8.113541666666666,1.5026041666666667,,8.073958333333334,3.8645833333333335,3.5138297872340427,2.0036173,0.72562677,0.004391584,2.7336356540000213,9.781907340000028,0,2.040964841842652
2022-12-13,12.914583333333333,54.57,36.03181818181818,99.54623655913976,7.977272727272727,1.4963636363636363,,8.18125,2.03125,2.53125,0.0,2.0036173,0.72562677,2.7292440700000213,4.431838340000029,0,3.538981437683105
2022-12-14,12.15625,,,98.93645833333332,10.81060606060606,1.5974242424242424,,8.233333333333333,2.03125,3.2591397849462367,3.641473,0.0,2.0036173,5.645090300000021,7.241160040000029,0,
2022-12-15,13.6625,,,97.26041666666669,10.105208333333334,1.4685416666666666,,8.2125,14.333333333333334,10.7625,22.156618,3.641473,0.0,25.79809100000002,28.60243554000003,1,
2022-12-16,13.269791666666668,,,97.22395833333331,10.175,1.2957291666666666,,8.189583333333333,20.78723404255319,57.7897435897436,0.3442994,22.156618,3.641473,26.14239040000002,28.876026054000032,0,2.2964491844177246
2022-12-17,12.278125,,,95.96979166666668,10.283333333333331,1.3496875,,8.19375,9.791666666666666,43.6139534883721,0.1542322,0.3442994,22.156618,22.65514960000002,29.02586667000003,0,0.8033735752105713
2022-12-18,11.664583333333333,,,95.15833333333332,10.308333333333334,1.4918823529411764,,8.178125,24.913978494623656,35.1125,1.0143704,0.1542322,0.3442994,1.5129020000000177,29.31461030000003,0,2.275954008102417
2022-12-19,10.820833333333333,,,,,,,8.179166666666665,30.45833333333333,48.54705882352941,0.017658329,1.0143704,0.1542322,1.186260929000018,27.32865132900003,0,2.9127683639526367
2022-12-20,10.809375,,,,,,,8.190624999999999,13.864583333333334,64.33380281690141,2.0199883,0.017658329,1.0143704,3.0520170290000177,29.348639629000033,0,7.820426940917969
2022-12-21,10.972916666666668,,,,,,,8.190624999999999,51.39325842696629,91.4952380952381,4.3316293,2.0199883,0.017658329,6.369275929000019,30.03879592900003,0,2.071430921554565
2022-12-22,12.438541666666666,,,,,,,8.177083333333332,73.95402298850574,94.6,22.972517,4.3316293,2.0199883,29.32413460000002,30.85469492900003,1,
2022-12-23,11.65625,,,,,,,8.1625,48.92857142857143,64.1640625,0.6696196,22.972517,4.3316293,27.97376590000002,31.18001512900003,0,2.885448694229126
2022-12-24,8.347916666666666,,,,,,,8.136458333333332,65.6268656716418,71.89999999999999,0.00041171777,0.6696196,22.972517,23.642548317770018,31.02619464677003,0,3.270538568496704
2022-12-25,7.712499999999999,,,,,,,8.167708333333332,12.478260869565217,41.03012048192771,0.070735216,0.00041171777,0.6696196,0.7407665337700178,30.08255946277003,0,1.9853917360305784
2022-12-26,8.011458333333334,,,,,,,8.166666666666666,11.625,20.17608695652174,0.04170449,0.070735216,0.00041171777,0.11285142377001776,30.10660562377003,0,1.3321797847747805
2022-12-27,8.451041666666667,,,,,,,8.16875,8.833333333333334,14.632978723404255,0.38966903,0.04170449,0.070735216,0.5021087360000178,28.47628635377003,0,1.7139774560928345
2022-12-28,8.795833333333333,,,,,,,8.177083333333332,3.7708333333333335,11.979545454545455,0.0007054908,0.38966903,0.04170449,0.43207901080001776,24.145362544570027,0,1.5098356008529663
2022-12-29,9.59375,,,,,,,8.169791666666667,5.094736842105263,28.480898876404492,0.0,0.0007054908,0.38966903,0.3903745208000178,1.1728455445700285,0,1.5444481372833252
2022-12-30,11.072916666666666,,,,,,,8.184375,7.854166666666667,13.03111111111111,0.0,0.0,0.0007054908,0.000705490800017708,0.5032259445700284,0,0.789618730545044
2022-12-31,12.683333333333332,,,,,,,8.176041666666666,12.916666666666666,14.446511627906975,4.5893803,0.0,0.0,4.589380300000018,5.092194526800029,0,
2023-01-01,13.545833333333334,,,,,,,8.194791666666665,6.595744680851064,19.666265060240963,2.8684027,4.5893803,0.0,7.457783000000018,7.889862010800028,0,2.638755321502685
2023-01-02,13.554166666666667,,,,,,,8.195833333333333,30.589473684210525,41.52795698924731,0.0,2.8684027,4.5893803,7.457783000000018,7.8481575208000285,0,2.8334145545959477
2023-01-03,14.095833333333331,,,,,,,8.207291666666666,26.59375,21.55373134328358,0.35414216,0.0,2.8684027,3.2225448600000175,7.8126306508000285,0,1.163297414779663
2023-01-04,14.865625,,,,,,,8.215625,57.86666666666667,53.67307692307692,8.089753,0.35414216,0.0,8.443895160000018,15.901678160000028,0,0.3058925271034241
2023-01-05,15.126041666666666,,,,,,,8.23125,19.30208333333333,36.906666666666666,6.581486,8.089753,0.35414216,15.025381160000018,22.48316416000003,0,0.5502257347106934
2023-01-06,13.711458333333333,,,,,,,8.228125,27.26315789473684,14.381666666666666,0.001977729,6.581486,8.089753,14.673216729000018,22.48514188900003,0,1.8239144086837769
2023-01-07,12.422916666666666,,,,,,,8.226041666666665,22.147368421052636,16.56746987951807,0.14976923,0.001977729,6.581486,6.733232959000018,18.04553081900003,0,0.1769869178533554
2023-01-08,12.089583333333332,,,,,,,8.2125,3.372340425531915,10.878494623655914,0.042597435,0.14976923,0.001977729,0.1943443940000178,15.21972555400003,0,0.5736815333366394
2023-01-09,12.566666666666668,,,,,,,8.205208333333333,7.170731707317073,6.66530612244898,8.990824,0.042597435,0.14976923,9.183190665000017,24.21054955400003,0,0.7448945641517639
2023-01-10,12.071875,,,,,,,8.217708333333333,8.0,,0.04992402,8.990824,0.042597435,9.083345455000018,23.90633141400003,0,0.727471113204956
2023-01-11,12.038541666666667,,,,,,,8.215625,12.31578947368421,,0.58908474,0.04992402,8.990824,9.629832760000017,16.40566315400003,0,
2023-01-12,12.890625,,,,,,,8.225,10.04255319148936,,0.1511947,0.58908474,0.04992402,0.7902034600000177,9.97537185400003,0,0.1724010109901428
2023-01-13,13.31157894736842,,,,,0.8916129032258064,,8.1859375,18.5531914893617,8.458064516129031,20.429506,0.1511947,0.58908474,21.169785440000016,30.40290012500003,1,1.8941094875335691
2023-01-14,10.821875,,,,,1.1663541666666666,,,1.90625,4.142105263157895,5.266388,20.429506,0.1511947,25.847088700000015,35.51951889500003,0,
2023-01-15,9.064583333333331,,,,,1.2382291666666667,,,3.404255319148936,3.331578947368421,2.1469576,5.266388,20.429506,27.842851600000017,37.623879060000036,0,3.247197389602661
2023-01-16,9.05,,,,,1.281979166666667,,,4.159574468085107,4.525581395348837,0.008225979,2.1469576,5.266388,7.421571579000018,28.641281039000027,0,0.974023938179016
2023-01-17,10.002083333333331,,,,,1.1692708333333333,,,3.052083333333333,7.322222222222223,0.8370585,0.008225979,2.1469576,2.9922420790000177,29.42841551900003,0,0.3858945369720459
2023-01-18,11.428125,,,,,1.0920833333333333,,,4.578947368421052,11.276923076923078,0.01429054,0.8370585,0.008225979,0.8595750190000178,28.85362131900003,0,1.397408366203308
2023-01-19,13.113541666666668,,,,,1.0214583333333334,,,8.306818181818182,17.197014925373136,1.5183127,0.01429054,0.8370585,2.369661740000018,30.22073931900003,0,
2023-01-20,13.5375,,,,,0.9090625,,,11.291666666666666,16.126470588235293,0.16136906,1.5183127,0.01429054,1.693972300000018,9.952602379000032,0,2.439365863800049
2023-01-21,11.566666666666668,,,,,1.112083333333333,,,12.75,15.65529411764706,0.92849046,0.16136906,1.5183127,2.608172220000018,5.614704839000032,0,4.2484965324401855
2023-01-22,11.189583333333331,,,,,1.1729166666666666,,,26.55208333333333,25.51111111111111,27.178732,0.92849046,0.16136906,28.26859152000002,30.646479239000033,1,
2023-01-23,11.992708333333333,,,,,0.9534375,,,19.84375,27.846666666666668,10.129907,27.178732,0.92849046,38.23712946000002,40.76816026000003,0,2.2390081882476807
2023-01-24,11.08125,,,,,1.1152083333333334,,,12.947368421052632,23.34210526315789,0.0,10.129907,27.178732,37.30863900000002,39.93110176000003,0,1.674858570098877
2023-01-25,11.55,,,,,1.115625,,,21.83333333333333,8.623076923076923,10.906956,0.0,10.129907,21.036863000000018,50.82376722000003,0,
2023-01-26,13.028125,,,,,0.8639583333333333,,,16.739583333333332,12.392771084337348,8.054659,10.906956,0.0,18.961615000000016,57.360113520000034,0,2.0279312133789062
2023-01-27,11.560416666666669,,,,,0.9859375,,,16.052083333333332,10.86888888888889,0.0,8.054659,10.906956,18.961615000000016,57.19874446000003,0,1.868829369544983
2023-01-28,11.059375,,,,,1.07375,,,7.541666666666667,10.624175824175824,0.020447485,0.0,8.054659,8.075106485000017,56.29070148500003,0,1.3732191324234009
2023-01-29,11.792708333333332,,,,,1.055625,,,10.615384615384617,24.619607843137253,0.23032731,0.020447485,0.0,0.25077479500001776,29.34229679500003,0,3.2973341941833496
2023-01-30,13.027083333333332,,,,,1.0953125,,,4.852631578947369,11.813253012048191,4.9285827,0.23032731,0.020447485,5.179357495000017,24.140972495000028,0,
2023-01-31,13.457291666666668,,,,,1.1078125,,,5.21875,32.775757575757574,0.07720433,4.9285827,0.23032731,5.236114340000017,24.21817682500003,0,0.170242041349411
2023-02-01,13.552083333333334,,,,,1.1366666666666667,,,8.802083333333334,15.990243902439024,1.130572,0.07720433,4.9285827,6.136359030000017,14.44179282500003,0,
2023-02-02,11.554166666666667,,,,,1.2407291666666669,,,3.4375,11.684042553191489,1.1330335,1.130572,0.07720433,2.3408098300000177,7.520167325000031,0,
2023-02-03,10.713541666666666,,,,,1.16875,,,7.104166666666667,6.752272727272728,5.5514746,1.1330335,1.130572,7.815080100000017,13.071641925000032,0,0.9511537551879884
2023-02-04,9.583333333333334,,,,,1.3458333333333332,,,8.0625,18.73372093023256,0.0,5.5514746,1.1330335,6.684508100000018,13.051194440000032,0,3.200168371200561
2023-02-05,9.789583333333333,,,,,1.1605208333333332,,,5.322916666666667,6.029787234042553,3.5820374,0.0,5.5514746,9.133512000000017,16.402904530000033,0,
2023-02-06,11.33125,,,,,0.9489583333333332,,,11.489583333333334,6.396808510638297,7.062991,3.5820374,0.0,10.645028400000019,18.537312830000033,0,2.8753530979156494
2023-02-07,12.029166666666669,,,,,1.0759375,,,3.0,7.855172413793103,0.0008870397,7.062991,3.5820374,10.645915439700017,18.460995539700033,0,1.6717926263809204
2023-02-08,12.995833333333332,,,,,1.057395833333333,,,4.666666666666667,6.7125,0.022334209,0.0008870397,7.062991,7.086212248700018,17.352757748700032,0,7.659139633178711
2023-02-09,13.496875,,,,,1.1827083333333337,,,3.2604166666666665,6.460869565217391,0.14107886,0.022334209,0.0008870397,0.16430010870001777,16.360803108700033,0,1.343554973602295
2023-02-10,15.196875,,,,,1.0780208333333332,,,7.46875,10.76206896551724,0.93088984,0.14107886,0.022334209,1.0943029090000178,11.740218348700033,0,2.321124792098999
2023-02-11,14.067708333333334,,,,,1.1645833333333333,,,4.510416666666667,3.486021505376344,6.6194124,0.93088984,0.14107886,7.691381100000018,18.35963074870003,0,
2023-02-12,12.083333333333334,,,,,1.093020833333333,,,3.3229166666666665,3.0697916666666667,24.708294,6.6194124,0.93088984,32.25859624000002,39.48588734870003,1,0.9109469652175904
2023-02-13,12.3375,,,,,0.8960416666666666,,,3.3125,4.872222222222222,0.059393752,24.708294,6.6194124,31.387100152000016,32.482290100700034,0,1.5740017890930176
2023-02-14,12.639583333333334,,,,,1.1235416666666669,,,3.333333333333333,8.363333333333333,0.0,0.059393752,24.708294,24.767687752000015,32.48140306100003,0,1.7901796102523804
2023-02-15,14.003125,,,,,1.073125,,,3.5625,6.683950617283951,0.0030136302,0.0,0.059393752,0.062407382200017764,32.46208248220003,0,1.3058630228042605
2023-02-16,15.329166666666666,,,,,1.0438541666666663,,,2.736842105263158,5.280722891566265,0.3798028,0.0030136302,0.0,0.38281643020001777,32.700806422200024,0,0.4157827794551849
2023-02-17,16.357291666666665,,,,,0.945,,,6.189473684210526,10.186486486486483,7.391905,0.3798028,0.0030136302,7.774721430200018,39.16182158220003,0,0.161926731467247
2023-02-18,13.047916666666666,,,,,1.1567708333333333,,,13.802083333333334,10.861538461538462,1.5441943,7.391905,0.3798028,9.315902100000018,34.086603482200026,0,2.6098616123199463
2023-02-19,12.127083333333331,,,,,1.210208333333333,,,4.273684210526316,8.845263157894736,0.7822395,1.5441943,7.391905,9.718338800000017,10.160548982200032,0,3.0101981163024902
2023-02-20,13.53125,,,,,1.0008333333333332,,,5.552083333333333,6.281111111111111,8.440927,0.7822395,1.5441943,10.767360800000016,18.54208223020003,0,
2023-02-21,14.242708333333333,,,,,0.9347916666666666,,,10.71875,10.153333333333334,14.536744,8.440927,0.7822395,23.759910500000018,33.078826230200036,0,3.836543321609497
2023-02-22,15.03125,,,,,1.0932291666666667,,,8.291666666666666,5.582222222222222,0.1718573,14.536744,8.440927,23.149528300000018,33.247669900000034,0,0.9865791201591492
2023-02-23,16.792708333333334,,,,,1.0217708333333333,,,63.8936170212766,23.337209302325583,0.61133665,0.1718573,14.536744,15.319937950000018,33.47920375000003,0,2.126425743103028
2023-02-24,17.556250000000002,42.88,27.66060606060606,122.05151515151516,9.675757575757576,1.0566666666666666,,8.209090909090909,9.09375,16.846969696969698,0.0015194603,0.61133665,0.1718573,0.7847134103000178,26.088818210300033,0,2.385746479034424
2023-02-25,14.920833333333334,36.24010416666667,22.96875,93.32291666666669,8.188541666666667,1.3260416666666666,,8.092708333333333,27.057471264367816,,2.720488,0.0015194603,0.61133665,3.333344110300018,27.265111910300032,0,
2023-02-26,15.028125,36.18270833333333,22.921875,97.16979166666664,8.492708333333333,1.2263541666666666,,8.111458333333333,28.979166666666668,,1.5138749,2.720488,0.0015194603,4.2358823603000175,27.996747310300034,0,0.5504245162010193
2023-02-27,15.78125,36.89114583333333,23.415625,99.24375,8.517708333333333,1.2265625,,8.111458333333333,29.406593406593405,,0.28361383,1.5138749,2.720488,4.517976730000018,19.839434140300035,0,0.7004052996635437
2023-02-28,17.484375,37.04947916666666,23.526041666666668,90.67708333333331,7.527083333333334,1.0984375,,8.023958333333333,21.536585365853657,,0.057908323,0.28361383,1.5138749,1.855397053000018,5.3605984633000325,0,2.024845123291016
2023-03-01,17.205208333333335,41.84947916666667,26.915625,93.32916666666668,7.65625,1.3684375,,8.048958333333333,21.711111111111112,,0.003562064,0.057908323,0.28361383,0.3450842170000178,5.192303227300032,0,
2023-03-02,18.667708333333334,42.33239583333333,27.26458333333333,95.028125,7.545833333333333,1.2935416666666668,,8.041666666666666,12.010416666666666,22.196551724137933,7.4458175,0.003562064,0.057908323,7.507287887000018,12.026784077300032,0,0.3001370429992676
2023-03-03,18.289583333333333,45.115208333333335,29.26458333333333,88.80416666666667,7.0218750000000005,1.3390625,,7.994791666666667,14.075268817204302,24.377142857142857,0.36659163,7.4458175,0.003562064,7.815971194000018,12.391856247000034,0,
2023-03-04,19.3375,41.28666666666667,26.515625,90.22604166666667,7.094791666666667,1.1542708333333334,,7.942708333333333,43.58695652173913,18.34819277108434,0.5071585,0.36659163,7.4458175,8.319567630000018,10.178526747000031,0,1.8617944717407229
2023-03-05,16.409375,46.89166666666667,30.542708333333334,95.18020833333333,7.729166666666667,1.4666666666666668,,8.021875,18.1,8.960526315789474,0.0,0.5071585,0.36659163,0.8737501300000177,8.664651847000032,0,1.816748857498169
2023-03-06,16.407291666666666,49.40635416666667,32.359375,101.01041666666669,8.095833333333333,1.4384375,,8.077083333333333,3.34375,6.6978947368421045,0.12576051,0.0,0.5071585,0.6329190100000176,8.506798527000033,0,1.5146039724349976
2023-03-07,17.16875,49.481770833333336,32.42604166666667,96.69270833333331,7.635416666666667,1.3460416666666666,,8.047916666666667,10.064516129032258,16.041379310344826,0.0,0.12576051,0.0,0.12576051000001776,8.448890204000033,0,2.38510799407959
2023-03-08,15.440625,50.8421875,33.39895833333333,98.92916666666667,8.052083333333334,1.5021875,,8.076041666666667,12.708333333333334,14.387951807228916,0.0,0.0,0.12576051,0.12576051000001776,8.445328140000033,0,1.245724081993103
2023-03-09,15.097916666666668,51.02854166666666,33.516666666666666,100.38229166666667,8.213541666666666,1.6172916666666666,,8.098958333333334,4.010416666666667,12.994186046511627,0.002024252,0.0,0.0,0.0020242520000177634,1.0015348920000318,0,2.654685735702514
2023-03-10,14.911458333333334,50.934895833333336,33.447916666666664,91.284375,7.513541666666666,1.5742708333333333,,8.060416666666667,5.09375,15.732394366197184,9.477391,0.002024252,0.0,9.479415252000019,10.112334262000033,0,
2023-03-11,14.789583333333333,50.63520833333334,33.225,97.871875,8.072916666666666,1.4723958333333331,,8.058333333333334,3.1382978723404253,8.752127659574468,1.1656555,9.477391,0.002024252,10.645070752000018,10.770831262000033,0,1.2058186531066897
2023-03-12,13.592708333333334,47.086354166666666,30.63020833333333,91.87395833333332,7.9125,1.5891666666666666,,8.066666666666666,8.416666666666666,14.888372093023255,3.5820339,1.1656555,9.477391,14.225080400000017,14.352865162000032,0,
2023-03-13,13.785416666666668,47.32,30.7875,98.30104166666666,8.405208333333333,1.4884375,,8.069791666666665,5.322916666666667,,2.6957905,3.5820339,1.1656555,7.443479900000018,16.92289515200003,0,
2023-03-14,13.3125,49.14989583333334,32.08958333333333,100.95625,8.646875,1.5169791666666663,,8.095833333333333,4.427083333333333,22.843661971830983,0.0,2.6957905,3.5820339,6.277824400000018,16.92289515200003,0,2.026228189468384
2023-03-15,11.904166666666669,50.2621875,32.833333333333336,100.521875,8.825000000000001,1.469375,,8.129166666666666,9.126315789473685,12.435227272727271,0.0,0.0,2.6957905,2.695790500000018,16.92289515200003,0,1.403240442276001
2023-03-16,12.479166666666666,50.4828125,33.034375000000004,100.43958333333336,8.710416666666667,1.463125,,8.121875,3.3541666666666665,9.890425531914897,0.00033516335,0.0,0.0,0.00033516335001776356,16.921206063350034,0,1.780155897140503
2023-03-17,14.408333333333331,48.15239583333334,31.40625,97.99375,8.251041666666667,1.3052083333333333,,8.0875,5.864583333333333,16.665555555555557,0.6510408,0.00033516335,0.0,0.6513759633500177,8.094855863350032,0,0.2663857936859131
2023-03-18,15.671875,47.071875,30.660416666666663,92.21666666666664,7.607291666666666,1.3029166666666667,,8.044791666666667,9.229166666666666,18.232967032967032,5.4106116,0.6510408,0.00033516335,6.0619875633500175,12.339811963350032,0,
2023-03-19,15.030208333333334,50.20979166666667,32.92916666666667,95.45833333333331,7.852083333333333,1.4916666666666665,,8.061458333333333,5.516483516483516,21.87586206896552,1.6999881,5.4106116,0.6510408,7.761640500000017,10.457766163350032,0,2.904308557510376
2023-03-20,13.104166666666666,51.48166666666666,33.79479166666667,96.43958333333336,8.223958333333334,1.6316666666666666,,8.109375,8.989583333333334,15.717105263157896,0.6855687,1.6999881,5.4106116,7.796168400000018,8.447544363350032,0,1.2624174356460571
2023-03-21,13.065625,52.243854166666665,34.342708333333334,100.73125,8.547916666666667,1.588125,,8.126041666666666,4.542553191489362,8.861052631578946,0.0,0.6855687,1.6999881,2.3855568000000176,8.447544363350032,0,2.407643795013428
2023-03-22,14.326041666666669,52.3059375,34.425000000000004,102.27916666666664,8.448958333333334,1.4336458333333333,,8.119791666666666,4.416666666666667,10.393333333333333,1.9381719,0.0,0.6855687,2.6237406000000174,10.385716263350032,0,
2023-03-23,16.53125,51.69,34.018750000000004,103.43958333333336,8.177083333333334,1.2880208333333334,,8.104166666666666,13.63157894736842,7.332584269662922,0.29008108,1.9381719,0.0,2.2282529800000175,10.675462180000032,0,2.3630120754241943
2023-03-24,18.125,50.4859375,33.14895833333333,100.31458333333336,7.735416666666667,1.0729166666666667,,7.971875,16.589473684210525,18.055223880597016,0.0021049308,0.29008108,1.9381719,2.2303579108000173,10.026526310800032,0,1.7321404218673706
2023-03-25,18.945833333333333,49.33770833333333,32.328125,96.98645833333336,7.417708333333334,0.981875,,7.866666666666667,34.0625,35.05172413793103,1.0985879,0.0021049308,0.29008108,1.3907739108000177,5.714502610800032,0,1.1641855239868164
2023-03-26,19.06875,48.357708333333335,31.609375,94.47083333333336,7.247916666666666,1.0348958333333331,,7.837499999999999,13.541666666666666,12.70759493670886,8.731085,1.0985879,0.0021049308,9.831777830800018,12.745599510800034,0,1.9959499835968015
2023-03-27,19.00208333333333,46.73489583333333,30.438541666666666,96.96770833333332,7.5,1.028333333333333,,7.839583333333334,7.291666666666667,11.977777777777778,26.057432,8.731085,1.0985879,35.88710490000002,38.117462810800035,1,
2023-03-28,19.00520833333333,46.03385416666666,29.921875,97.15416666666664,7.528125,1.0941666666666667,,7.85,6.729166666666667,9.447916666666666,6.8250957,26.057432,8.731085,41.61361270000002,44.94255851080003,0,0.4220919013023376
2023-03-29,16.978125000000002,49.35239583333333,32.329166666666666,101.01354166666664,8.032291666666667,1.2820833333333332,,7.888541666666668,10.875,9.81470588235294,4.231886,6.8250957,26.057432,37.11441370000002,47.23627261080003,0,1.4505696296691897
2023-03-30,17.115624999999998,48.52020833333333,31.725,102.36458333333331,8.146875,1.198125,,7.904166666666668,36.7578947368421,15.136144578313251,0.0,4.231886,6.8250957,11.056981700000023,46.94619153080003,0,3.1023924350738525
2023-03-31,18.079166666666666,47.09260416666667,30.696875,97.17395833333336,7.645833333333333,1.1567708333333333,,7.865625,15.90625,13.282222222222224,1.5256387,0.0,4.231886,5.757524700000022,48.46972530000003,0,1.0608333349227903
2023-04-01,19.669791666666665,42.48708333333334,27.367708333333336,87.453125,6.80625,0.90625,,7.789583333333333,16.09375,10.475268817204302,14.96852,1.5256387,0.0,16.49415870000002,62.339657400000036,0,
2023-04-02,18.778125,41.40802083333333,26.621875,86.35729166666665,6.869791666666667,1.0245833333333334,,7.758333333333333,14.552083333333334,8.277083333333334,0.06970774,14.96852,1.5256387,16.56386644000002,53.678280140000034,0,1.894810914993286
2023-04-03,18.719791666666666,45.6421875,29.653125,88.71875,6.926041666666666,1.176875,,7.805208333333333,10.197916666666666,7.729166666666667,2.793705,0.06970774,14.96852,17.83193274000002,30.414553140000034,0,0.1443186402320861
2023-04-04,19.67708333333333,46.75270833333334,30.446875,91.0375,6.955208333333334,1.161875,,7.803125,6.427083333333333,5.4750000000000005,1.032739,2.793705,0.06970774,3.896151740000022,24.62219644000003,0,1.4273138046264648
2023-04-05,20.74895833333333,47.935,31.291666666666668,90.959375,6.770833333333333,1.195,,7.782291666666667,6.75,5.348958333333333,0.08639986,1.032739,2.793705,3.9128438600000215,20.476710300000033,0,1.7809139490127563
2023-04-06,21.47395833333333,48.64854166666667,31.80625,90.11979166666669,6.60625,1.1859375,,7.778125,10.1875,8.730851063829787,0.20919876,0.08639986,1.032739,1.3283376200000214,20.685909060000032,0,0.8159152865409851
2023-04-07,21.322916666666668,49.35708333333333,32.322916666666664,90.87708333333336,6.657291666666667,1.2419791666666666,,7.790624999999999,15.659574468085106,6.913978494623656,4.897865,0.20919876,0.08639986,5.1934636200000215,24.058135360000033,0,0.826645016670227
2023-04-08,16.877083333333335,50.62291666666667,33.25416666666667,91.08958333333334,7.234375,1.508541666666667,,7.816666666666666,7.378947368421053,5.940425531914894,14.489269,4.897865,0.20919876,19.59633276000002,23.578884360000032,0,
2023-04-09,15.325,49.80229166666667,32.62916666666667,99.13229166666667,8.128124999999999,1.5326041666666663,,7.861458333333334,9.09375,7.935483870967742,12.525974,14.489269,4.897865,31.913108000000022,36.03515062000003,0,4.324985980987549
2023-04-10,15.242708333333333,50.95270833333333,33.46041666666667,102.48125,8.36875,1.4828125,,7.875,6.385416666666667,5.897916666666667,0.0,12.525974,14.489269,27.01524300000002,33.24144562000003,0,2.691888332366944
2023-04-11,16.464583333333334,50.52614583333334,33.16979166666667,102.88333333333333,8.202083333333333,1.3063541666666667,,7.871875,4.726315789473684,3.9479166666666665,0.0,0.0,12.525974,12.525974000000021,32.20870662000003,0,1.992878079414368
2023-04-12,17.816666666666666,49.77135416666667,32.63645833333333,101.315625,7.904166666666666,1.1322916666666667,,7.885416666666667,6.145833333333333,10.226315789473684,0.0,0.0,0.0,0.0,32.12230676000003,0,1.0765409469604492
2023-04-13,19.195833333333333,47.4975,30.985416666666666,98.36354166666666,7.555208333333333,1.1111458333333333,,7.876041666666667,6.526315789473684,4.758333333333334,0.0,0.0,0.0,0.0,31.91310800000003,0,1.0691531896591189
2023-04-14,20.542708333333334,45.1534375,29.28645833333333,91.85104166666667,6.954166666666667,1.081875,,7.816666666666666,8.147368421052631,4.741666666666666,13.020956,0.0,0.0,13.020956000000021,40.03619900000003,0,2.174935817718506
2023-04-15,21.244791666666668,43.61208333333334,28.17083333333333,89.91041666666666,6.7718750000000005,1.0575,,7.772916666666667,9.638297872340424,6.626595744680851,5.557725,13.020956,0.0,18.57868100000002,31.10465500000003,0,1.2153185606002808
2023-04-16,20.482291666666665,43.888645833333335,28.38854166666667,88.33541666666667,6.7375,1.0436458333333334,,7.770833333333333,9.65625,6.278260869565218,0.40077835,5.557725,13.020956,18.97945935000002,18.979459350000035,0,0.5298135280609131
2023-04-17,19.763541666666665,44.545520833333335,28.871875,92.03541666666666,7.086458333333333,1.0694791666666668,,7.825,14.261363636363637,8.13764705882353,2.3624809,0.40077835,5.557725,8.32098425000002,21.341940250000032,0,0.9676650166511536
2023-04-18,18.99895833333333,46.8215625,30.507291666666664,93.49375,7.221875,1.1665625,,7.854166666666667,9.72093023255814,12.001282051282052,0.16509786,2.3624809,0.40077835,2.928357110000021,21.50703811000003,0,1.8006584644317627
2023-04-19,19.46875,47.37833333333333,30.909375,96.35104166666667,7.347916666666666,1.1794791666666666,,7.876041666666667,8.105263157894736,6.793478260869565,0.0,0.16509786,2.3624809,2.5275787600000212,21.507038110000032,0,1.2491464614868164
2023-04-20,20.78645833333333,47.60010416666666,31.058333333333334,95.82395833333334,7.129166666666666,1.1810416666666663,,7.867708333333334,8.361702127659575,3.876842105263158,0.0,0.0,0.16509786,0.16509786000002133,21.507038110000032,0,0.1895862817764282
2023-04-21,21.74791666666667,47.223645833333336,30.771875,94.69375,6.919791666666666,1.108125,,7.848958333333333,8.08421052631579,5.191578947368421,0.0,0.0,0.0,0.0,8.486082110000032,0,1.844829797744751
2023-04-22,20.84895833333333,46.93572916666667,30.572916666666668,86.46875,6.463541666666667,1.1230208333333334,,7.8,8.691489361702128,8.353409090909091,7.126235,0.0,0.0,7.126235000000022,10.054592110000034,0,
2023-04-23,20.78333333333333,45.673854166666665,29.6625,93.76979166666666,7.027083333333334,1.1232291666666667,,7.806249999999999,9.284210526315787,7.0868131868131865,10.206146,7.126235,0.0,17.332381000000023,19.859959760000034,0,1.753764271736145
2023-04-24,20.475,45.86000000000001,29.801041666666663,91.034375,6.876041666666667,1.1751041666666666,,7.8125,37.989583333333336,20.262105263157896,0.44765562,10.206146,7.126235,17.780036620000022,17.945134480000032,0,0.0465682223439216
2023-04-25,19.50208333333333,48.587916666666665,31.78645833333333,95.33854166666669,7.241666666666667,1.330625,,7.853124999999999,8.838709677419354,7.328571428571428,0.80436015,0.44765562,10.206146,11.458161770000022,18.584396770000033,0,13.259961128234863
2023-04-26,19.782291666666666,50.266041666666666,33.00208333333333,97.459375,7.308333333333334,1.0797916666666667,,7.870833333333334,4.189473684210526,5.586458333333333,2.1762786,0.80436015,0.44765562,3.428294370000021,20.760675370000033,0,0.7742154002189636
2023-04-27,21.032291666666666,49.4809375,32.41770833333333,94.9375,6.985416666666667,0.9926041666666668,,7.822916666666667,3.9375,7.729166666666667,1.7187794,2.1762786,0.80436015,4.699418150000021,22.479454770000032,0,
2023-04-28,22.09583333333333,48.793958333333336,31.915625,91.40729166666668,6.626041666666667,1.2711458333333334,,7.790624999999999,5.302083333333333,8.206249999999999,24.745426,1.7187794,2.1762786,28.64048400000002,47.22488077000003,1,0.7491872906684875
2023-04-29,23.085416666666664,46.65239583333334,30.336458333333336,88.984375,6.405208333333333,1.2716666666666667,,7.755208333333333,6.5638297872340425,8.811458333333333,1.7575117,24.745426,1.7187794,28.221717100000017,41.85615747000003,0,
2023-04-30,23.13854166666667,44.55489583333334,28.82708333333333,84.09791666666666,6.094791666666667,1.216875,,7.692708333333333,8.347368421052632,9.109375,24.976465,1.7575117,24.745426,51.47940270000002,56.62647647000003,1,1.81157648563385
2023-05-01,20.73958333333333,42.5703125,27.429166666666664,87.65520833333333,6.685416666666666,1.1229166666666666,,7.721875,7.697916666666667,8.601041666666667,0.2057987,24.976465,1.7575117,26.93977540000002,56.38461955000003,0,1.946627616882324
2023-05-02,19.62395833333333,43.795,28.31458333333333,92.571875,7.169791666666666,1.16,,7.819791666666667,7.0625,9.26063829787234,0.0003405024,0.2057987,24.976465,25.18260420240002,55.58059990240003,0,1.7542991638183594
2023-05-03,19.49895833333333,46.35635416666667,30.17083333333333,92.38020833333331,7.091666666666666,1.2211458333333334,,7.846875,6.125,8.982105263157894,0.25208673,0.0003405024,0.2057987,0.4582259324000213,53.65640803240003,0,1.2853113412857056
2023-05-04,19.55625,48.21802083333333,31.516666666666666,92.759375,7.0531250000000005,1.33125,,7.846875,4.5,8.077083333333333,0.009335104,0.25208673,0.0003405024,0.2617623364000213,51.94696373640003,0,
2023-05-05,20.360416666666666,49.286145833333336,32.29479166666667,92.28125,6.876041666666667,1.3755208333333335,,7.837499999999999,5.072916666666667,12.922857142857143,0.016331771,0.009335104,0.25208673,0.2777536050000213,27.21786950740003,0,1.0850529670715332
2023-05-06,21.50625,41.3090625,26.55,90.240625,6.7875000000000005,1.3633333333333333,,7.803125,6.926315789473684,14.74102564102564,0.0001827722,0.016331771,0.009335104,0.025849647200021315,25.460540579600032,0,0.5469139814376831
2023-05-07,22.282291666666666,37.368541666666665,23.72083333333333,90.22395833333331,6.817708333333333,1.250625,,7.789583333333333,9.670212765957446,9.845263157894736,0.12322962,0.0001827722,0.016331771,0.1397441632000213,0.6073051996000319,0,1.2246034145355225
2023-05-08,22.605208333333334,45.04125,29.196875,93.740625,6.816666666666666,1.075,,7.783333333333334,21.870967741935484,16.743617021276595,2.2080507,0.12322962,0.0001827722,2.3314630922000212,2.6095571996000317,0,
2023-05-09,23.45833333333333,45.96854166666666,29.8375,92.446875,6.597916666666666,1.1552083333333334,,7.805208333333333,14.68131868131868,14.368817204301076,0.58966595,2.2080507,0.12322962,2.9209462700000213,3.198882647200032,0,0.8718577027320862
2023-05-10,22.7625,49.1259375,32.143750000000004,93.896875,6.694791666666667,1.356666666666667,,7.814583333333334,16.88607594936709,14.620689655172416,1.7749006,0.58966595,2.2080507,4.572617250000022,4.721696517200032,0,2.7225208282470703
2023-05-11,22.916666666666668,50.37083333333334,33.052083333333336,93.43854166666668,6.6125,1.3030208333333333,,7.830208333333334,7.914634146341464,22.622857142857143,0.0070831375,1.7749006,0.58966595,2.3716496875000215,4.7194445507000315,0,0.722079336643219
2023-05-12,23.284375,49.02708333333334,32.072916666666664,91.84270833333332,6.511458333333334,1.2404166666666667,,7.839583333333334,12.966666666666669,25.78,0.0013920468,0.0070831375,1.7749006,1.7833757843000213,4.704504826500032,0,0.9042630195617676
2023-05-13,23.538541666666664,49.04645833333333,32.072916666666664,87.75416666666666,6.201041666666666,1.1169791666666666,,7.813541666666667,18.71276595744681,,0.27967304,0.0013920468,0.0070831375,0.2881482243000213,4.983995094300031,0,2.142028570175171
2023-05-14,23.20520833333333,48.623333333333335,31.772916666666664,80.23541666666667,5.71875,1.0251041666666667,,7.707291666666666,11.522222222222222,,2.5756524,0.27967304,0.0013920468,2.8567174868000214,7.436417874300032,0,1.63233482837677
2023-05-15,22.4,50.443958333333335,33.114583333333336,91.96458333333334,6.59375,1.171145833333333,,7.813541666666667,11.630434782608695,,0.9068368,2.5756524,0.27967304,3.7621622400000216,6.135203974300032,0,0.2340429574251175
2023-05-16,23.38958333333333,50.361875,33.04375,93.128125,6.554166666666667,0.998125,,7.811458333333333,14.03191489361702,,0.11822668,0.9068368,2.5756524,3.6007158800000214,5.663764704300032,0,0.7352144122123718
2023-05-17,23.90625,49.23,32.2,88.84791666666666,6.222916666666666,0.933125,,7.794791666666666,18.76344086021505,,8.427152,0.11822668,0.9068368,9.45221548000002,12.316016104300031,0,0.6406348347663879
2023-05-18,21.98958333333333,51.01677083333333,33.541666666666664,89.61979166666667,6.457291666666666,1.265625,,7.767708333333334,102.44086021505376,,1.8774121,8.427152,0.11822668,10.422790780000021,14.18634506680003,0,
2023-05-19,21.74791666666667,50.76989583333333,33.364583333333336,91.40208333333334,6.614583333333333,1.2152083333333332,,7.788541666666667,20.84042553191489,,12.06044,1.8774121,8.427152,22.36500410000002,26.24539302000003,0,
2023-05-20,22.85,50.04979166666666,32.81875,90.61666666666667,6.436458333333333,1.0020833333333334,,7.751041666666667,,,3.7564266,12.06044,1.8774121,17.694278700000023,29.722146580000032,0,1.1657326221466064
2023-05-21,23.105208333333334,49.6575,32.52916666666667,83.575,5.923958333333334,1.1378125,,7.728124999999999,,,3.1883438,3.7564266,12.06044,19.00521040000002,30.334837980000028,0,0.3792786002159118
2023-05-22,22.652083333333334,50.38385416666667,33.067708333333336,92.284375,6.564583333333334,1.3096875,,7.834375,,,1.4006411,3.1883438,3.7564266,8.345411500000022,30.828642280000032,0,
2023-05-23,22.42395833333333,50.909375,33.46041666666667,94.71458333333334,6.753125,1.3550000000000002,,7.857291666666666,,,0.9022041,1.4006411,3.1883438,5.491189000000022,31.612619700000028,0,0.0739703476428985
2023-05-24,22.647916666666664,51.40291666666667,33.81979166666667,93.98541666666668,6.658333333333334,1.4428124999999998,,7.882291666666667,,,2.8932097,0.9022041,1.4006411,5.196054900000021,26.078677400000032,0,2.561917781829834
2023-05-25,21.582291666666663,47.57458333333333,31.240625,87.625,6.429166666666667,1.5043749999999998,,7.835416666666667,,,4.675123,2.8932097,0.9022041,8.470536800000021,28.87638830000003,0,
2023-05-26,19.852083333333333,50.99395833333333,33.540625,87.75104166666667,6.576041666666666,1.5869791666666666,,7.828125,,,17.759752,4.675123,2.8932097,25.32808470000002,34.57570030000003,1,
2023-05-27,18.671875,,,,,1.7329166666666669,,7.814583333333334,,,19.972874,17.759752,4.675123,42.407749000000024,50.79214770000003,1,
2023-05-28,19.83020833333333,,,,,1.3790625,,7.808333333333334,,,4.5941916,19.972874,17.759752,42.32681760000002,52.19799550000003,0,1.1893128156661987
2023-05-29,20.815625,,,,,1.2730208333333333,,7.675,,,1.1603419,4.5941916,19.972874,25.727407500000023,51.95769630000003,0,0.0937870889902114
2023-05-30,22.08333333333333,,,,,1.3215625,,7.763541666666666,,,3.7188745,1.1603419,4.5941916,9.47340800000002,54.77436670000003,0,1.9522485733032229
2023-05-31,22.532291666666666,,,,,1.448125,,7.73125,,,0.18548961,3.7188745,1.1603419,5.064706010000021,52.06664661000003,0,1.1251596212387085
2023-06-01,22.578125,,,,,1.4821875,,7.777083333333334,,,0.48231536,0.18548961,3.7188745,4.386679470000021,47.87383897000003,0,
2023-06-02,22.926041666666663,,,,,1.4036458333333333,,7.523958333333333,,,0.114485666,0.48231536,0.18548961,0.7822906360000214,30.228572636000035,0,0.2902145385742187
2023-06-03,23.715625,,,,,1.351875,,7.69375,,,1.2301341,0.114485666,0.48231536,1.8269351260000213,11.485832736000033,0,
2023-06-04,22.336458333333336,,,,,1.547604166666667,,7.723958333333333,,,6.388785,1.2301341,0.114485666,7.733404766000022,13.280426136000031,0,2.2588741779327397
2023-06-05,21.902083333333334,,,,,1.5120833333333332,,7.770833333333333,,,1.3546631,6.388785,1.2301341,8.973582200000022,13.474747336000032,0,1.4073035717010498
2023-06-06,23.194791666666664,,,,,1.2144791666666668,,7.729166666666667,,,0.36671674,1.3546631,6.388785,8.11016484000002,10.122589576000033,0,
2023-06-07,24.133333333333336,52.372,34.481818181818184,105.77818181818182,7.18,1.2688541666666666,,7.779166666666666,8.408163265306122,5.951923076923077,3.390465,0.36671674,1.3546631,5.111844840000021,13.327564966000033,0,
2023-06-08,24.141052631578948,51.524,33.88,88.8221052631579,6.13578947368421,1.2818947368421052,,7.783157894736842,8.032608695652174,7.670212765957447,3.7859147,3.390465,0.36671674,7.5430964400000216,16.63116430600003,0,
2023-06-09,23.95,51.9909375,34.225,89.93645833333333,6.219791666666667,1.28375,,7.791666666666667,6.378947368421053,3.853125,0.015073563,3.7859147,3.390465,7.191453263000021,16.531752203000032,0,
2023-06-10,24.148958333333336,52.18020833333333,34.365625,91.36875,6.291666666666667,1.3198958333333333,,7.794791666666666,6.126315789473685,3.673958333333333,0.0,0.015073563,3.7859147,3.8009882630000216,15.301618103000031,0,0.6399505138397217
2023-06-11,25.105208333333334,52.1640625,34.327083333333334,89.43854166666667,6.075,1.3127083333333334,,7.771875,5.927083333333333,3.529166666666667,0.018951012,0.0,0.015073563,0.03402457500002132,8.931784115000033,0,0.7686751484870911
2023-06-12,25.3125,51.9378125,34.16041666666667,87.66770833333334,5.940625,1.241875,,7.75625,7.822916666666667,4.114583333333333,7.280894,0.018951012,0.0,7.299845012000021,14.858015015000031,0,
2023-06-13,25.534375,51.43479166666666,33.78854166666667,86.59791666666666,5.863541666666666,1.3036458333333334,,7.770833333333333,7.368421052631579,4.345833333333333,3.750879,7.280894,0.018951012,11.050724012000021,18.24217727500003,0,2.965813159942627
2023-06-14,25.33125,51.5703125,33.895833333333336,88.47812499999999,5.998958333333333,1.2959375,,7.778125,7.989583333333333,5.4281250000000005,1.2274239,3.750879,7.280894,12.25919690000002,16.07913617500003,0,1.0718343257904053
2023-06-15,25.241666666666664,51.412708333333335,33.77708333333333,86.23645833333335,5.858333333333333,1.3481249999999998,,7.772916666666667,10.414893617021276,4.71875,2.0808263,1.2274239,3.750879,7.059129200000021,14.374047775000033,0,
2023-06-16,25.321875,51.4934375,33.840625,84.90625,5.7562500000000005,1.369375,,7.774999999999999,6.208333333333333,4.502083333333333,2.2647986,2.0808263,1.2274239,5.573048800000022,16.62377281200003,0,3.1490190029144287
2023-06-17,25.579166666666666,51.81104166666666,34.0625,77.67916666666666,5.223958333333333,1.405520833333333,,7.75,5.693181818181818,4.261458333333334,1.3481483,2.2647986,2.0808263,5.693773200000022,17.971921112000032,0,1.156529664993286
2023-06-18,26.172916666666666,52.15864583333333,34.30520833333333,72.76458333333333,4.829166666666667,1.4704166666666667,,7.747916666666666,4.810526315789474,4.345833333333333,0.0,1.3481483,2.2647986,3.612946900000022,17.952970100000034,0,0.4653474390506744
2023-06-19,26.847916666666663,52.37645833333334,34.44479166666667,57.83541666666667,3.794791666666667,1.4986458333333337,,7.729166666666667,5.723404255319149,4.625,2.3272178,0.0,1.3481483,3.675366100000022,12.999293900000033,0,
2023-06-20,26.901041666666668,52.46864583333333,34.510416666666664,71.32395833333334,4.683333333333334,1.5336458333333332,,7.726041666666667,4.294736842105263,4.30625,10.690979,2.3272178,0.0,13.018196800000023,19.939393900000034,0,0.0508279092609882
2023-06-21,27.226041666666664,52.20635416666667,34.315625000000004,87.02499999999999,5.6875,1.538125,,7.730208333333334,6.1063829787234045,17.14375,9.335765,10.690979,2.3272178,22.35396180000002,28.047735000000035,0,0.9310487508773804
2023-06-22,27.41979166666667,51.15864583333333,33.53125,83.17083333333333,5.448958333333334,1.5521874999999998,,7.682291666666667,8.270833333333334,5.832291666666666,12.014177,9.335765,10.690979,32.040921000000026,37.98108570000004,0,
2023-06-23,27.18541666666667,49.4340625,32.27291666666667,81.69791666666667,5.417708333333334,1.4934375,,7.640625,8.260416666666666,6.99375,8.751105,12.014177,9.335765,30.101047000000023,44.46739210000003,0,
2023-06-24,27.613541666666663,48.94427083333333,31.901041666666668,83.62395833333333,5.494791666666667,1.4377083333333334,,7.64375,8.652631578947368,7.358333333333333,6.3276286,8.751105,12.014177,27.09291060000002,49.44687240000004,0,1.3878201246261597
2023-06-25,27.851041666666664,49.14239583333333,32.03958333333333,81.28750000000001,5.329166666666667,1.463125,,7.641666666666667,8.210526315789474,7.821874999999999,0.842314,6.3276286,8.751105,15.921047600000023,50.289186400000034,0,1.4500329494476318
2023-06-26,28.0625,47.82427083333334,31.07604166666667,80.753125,5.307291666666667,1.4046875,,7.638541666666666,9.347368421052632,7.916666666666667,0.21073453,0.842314,6.3276286,7.380677130000021,48.17270313000004,0,0.0832706466317176
2023-06-27,27.585416666666664,44.7959375,28.898958333333336,80.82708333333333,5.411458333333333,1.3439583333333334,,7.707291666666666,10.031578947368422,8.038947368421054,14.3294735,0.21073453,0.842314,15.382522030000022,51.81119763000003,0,2.2412707805633545
2023-06-28,28.051041666666663,46.162395833333335,29.883333333333336,79.06875000000001,5.227083333333334,1.3704166666666666,,7.713541666666667,8.71875,6.79375,3.7033033,14.3294735,0.21073453,18.243511330000022,46.17873593000003,0,0.327478289604187
2023-06-29,28.538541666666664,48.346562500000005,31.447916666666668,78.19687499999999,5.092708333333333,1.4813541666666667,,7.733333333333333,7.684210526315789,6.101041666666667,0.07280077,3.7033033,14.3294735,18.105577570000023,34.237359700000034,0,
2023-06-30,28.86145833333333,49.4859375,32.2625,76.48854166666668,4.9375,1.5041666666666669,,7.726041666666666,7.568421052631579,6.035416666666666,0.00034102116,0.07280077,3.7033033,3.776445091160021,25.486595721160032,0,0.1420531570911407
2023-07-01,28.959375,49.9309375,32.590625,75.90520833333333,4.877083333333333,1.471458333333333,,7.708333333333333,10.204301075268818,6.647916666666667,1.5589498,0.00034102116,0.07280077,1.6320915911600213,20.717916921160032,0,0.0964472293853759
2023-07-02,29.196875,50.31885416666666,32.86666666666667,77.06458333333333,4.929166666666666,1.445625,,7.712499999999999,8.770833333333334,8.186458333333333,7.8738923,1.5589498,0.00034102116,9.43318312116002,27.749495221160032,0,1.0895404815673828
2023-07-03,29.188541666666666,50.35729166666667,32.889583333333334,78.85104166666666,5.035416666666666,1.4471875,,7.728124999999999,10.916666666666666,7.336458333333333,5.7334714,7.8738923,1.5589498,15.16631350000002,33.272232091160035,0,0.1408000886440277
2023-07-04,28.77916666666667,50.64770833333333,33.11354166666667,51.221875,3.2916666666666665,1.4938541666666667,,7.736458333333334,11.329268292682928,8.42,5.7283616,5.7334714,7.8738923,19.33572530000002,24.671120191160036,0,0.4643154740333557
2023-07-05,28.29479166666667,50.28135416666667,32.862500000000004,68.64895833333334,4.441666666666666,1.5209374999999998,,7.75,10.846153846153848,7.042708333333334,17.434814,5.7283616,5.7334714,28.89664700000002,38.40263089116003,0,
2023-07-06,28.784375,49.150416666666665,32.021875,81.17916666666666,5.239583333333333,1.4662499999999998,,7.759374999999999,9.578947368421051,7.167708333333334,17.63935,17.434814,5.7283616,40.802525600000024,55.96918012116003,0,1.07876718044281
2023-07-07,29.47395833333333,48.49125,31.521875,89.76666666666667,5.723958333333333,1.4202083333333333,,7.804166666666667,8.797872340425531,7.962499999999999,3.019132,17.63935,17.434814,38.093296000000024,58.98797110000003,0,1.2559019327163696
2023-07-08,29.17083333333333,48.549375,31.575,81.16875,5.220833333333333,1.4566666666666668,,7.801041666666666,10.947916666666666,10.116666666666667,13.307174,3.019132,17.63935,33.965656000000024,70.73619530000003,0,0.0809717625379562
2023-07-09,29.11875,47.352291666666666,30.70208333333333,79.703125,5.161458333333333,1.4754166666666666,,7.7875,5.619047619047619,8.566666666666666,12.42078,13.307174,3.019132,28.74708600000002,75.28308300000003,0,1.258853316307068
2023-07-10,28.2625,46.2246875,29.90833333333333,73.18854166666667,4.8343750000000005,1.4747916666666667,,7.722916666666666,,,4.627701,12.42078,13.307174,30.35565500000002,74.17731260000004,0,0.1797815263271331
2023-07-11,28.367708333333336,46.648125,30.20833333333333,76.08645833333334,4.99375,1.510520833333333,,7.758333333333333,,,2.5093048,4.627701,12.42078,19.557785800000023,70.95825580000003,0,0.6201601624488831
2023-07-12,28.909375,46.10083333333333,29.79583333333333,73.78958333333334,4.8187500000000005,1.4409375000000002,,7.745833333333334,,,0.062686205,2.5093048,4.627701,7.1996920050000215,53.58612800500003,0,1.648598551750183
2023-07-13,28.85729166666667,43.868125,28.198958333333334,62.42395833333333,4.123958333333333,1.4270833333333333,,7.680208333333333,,,0.21287052,0.062686205,2.5093048,2.784861525000021,36.15964852500003,0,1.434587836265564
2023-07-14,28.829166666666666,40.79229166666666,26.028125,58.82395833333334,3.925,1.4265625,,7.64375,,,16.096836,0.21287052,0.062686205,16.372392725000022,49.23735252500003,0,0.3583365082740783
2023-07-15,29.365625,40.9978125,26.148958333333336,51.6625,3.4250000000000003,1.425,,7.655208333333333,,,6.961418,16.096836,0.21287052,23.271124520000022,42.89159652500003,0,0.5114538669586182
2023-07-16,29.808333333333334,38.794270833333336,24.584375,70.88437499999999,4.677083333333333,1.3029166666666667,,7.681249999999999,,,4.842697,6.961418,16.096836,27.90095100000002,35.313513525000026,0,1.7025690078735352
2023-07-17,30.309375,40.33020833333333,25.65833333333333,80.6875,5.259375,1.3319791666666667,,7.742708333333333,,,1.596472,4.842697,6.961418,13.400587000000021,32.28228452500002,0,0.2496266663074493
2023-07-18,30.448958333333334,43.76895833333333,28.097916666666663,85.31354166666667,5.460416666666667,1.2380208333333331,,7.745833333333334,9.076923076923077,17.03076923076923,4.522504,1.596472,4.842697,10.96167300000002,34.295483725000025,0,
2023-07-19,30.366666666666664,44.295,28.475,88.35416666666667,5.655208333333333,1.112291666666667,,7.773958333333333,10.833333333333334,15.563541666666666,5.8760347,4.522504,1.596472,11.99501070000002,40.108832220000025,0,
2023-07-20,30.354166666666668,44.01854166666666,28.28020833333333,90.46458333333334,5.8,1.188125,,7.788541666666667,8.810526315789474,14.676041666666668,6.7591534,5.8760347,4.522504,17.15769210000002,46.655115100000025,0,2.244372129440308
2023-07-21,29.964583333333334,44.776875,28.829166666666666,92.13854166666664,5.929166666666667,1.218020833333333,,7.794791666666666,10.65625,13.582291666666668,3.6856656,6.7591534,5.8760347,16.320853700000022,34.24394470000003,0,0.9330363273620604
2023-07-22,29.9,46.055416666666666,29.746875,81.215625,5.214583333333334,1.2405208333333333,,7.736458333333334,8.34375,10.827083333333334,1.9073422,3.6856656,6.7591534,12.35216120000002,29.189868900000025,0,0.5771315097808838
2023-07-23,29.95520833333333,46.31875,29.92708333333333,83.85833333333333,5.347916666666666,1.268541666666667,,7.698958333333334,8.427083333333334,11.015625,0.554389,1.9073422,3.6856656,6.1473968000000205,24.901560900000028,0,2.131631851196289
2023-07-24,30.258333333333336,45.59604166666667,29.397916666666664,82.45208333333333,5.266666666666667,1.0014583333333331,,7.676041666666666,8.958333333333334,12.220833333333331,4.934454,0.554389,1.9073422,7.39618520000002,28.239542900000025,0,0.8678446412086487
2023-07-25,30.291666666666668,45.55947916666667,29.37291666666667,82.99270833333334,5.301041666666666,0.8440625,,7.701041666666666,8.197916666666666,12.134375,0.3794623,4.934454,0.554389,5.868305300000021,24.096501200000027,0,1.5654724836349487
2023-07-26,30.7125,45.64697916666666,29.425,81.58333333333333,5.166666666666667,1.054375,,7.703125,9.229166666666666,12.220833333333331,0.27420872,0.3794623,4.934454,5.58812502000002,18.49467522000003,0,1.2476133108139038
2023-07-27,30.76875,45.78083333333333,29.523958333333336,76.559375,4.845833333333333,0.993125,,7.692708333333333,10.239583333333334,12.705208333333331,0.46522763,0.27420872,0.3794623,1.1188986500000204,12.200749450000027,0,0.6187340021133423
2023-07-28,30.465625,45.435520833333335,29.284375,73.09270833333333,4.660416666666666,0.9514583333333334,,7.691666666666666,12.677083333333334,14.169791666666669,2.3971603,0.46522763,0.27420872,3.1365966500000204,10.912244150000028,0,1.638091206550598
2023-07-29,29.93645833333333,45.5403125,29.383333333333336,76.07083333333334,4.888541666666667,0.9370833333333332,,7.6875,13.770833333333334,15.66875,3.0522914,2.3971603,0.46522763,5.91467933000002,12.057193350000029,0,0.5547240972518921
2023-07-30,29.60833333333333,47.31208333333333,30.679166666666664,78.03541666666666,5.015625,1.0475,,7.720833333333334,11.916666666666666,13.454166666666666,7.4935575,3.0522914,2.3971603,12.94300920000002,18.996361850000028,0,4.5369873046875
2023-07-31,29.230208333333334,50.28177083333333,32.83958333333333,81.40416666666667,5.204166666666667,1.3219791666666667,,7.766666666666667,8.229166666666666,8.419791666666667,3.6099544,7.4935575,3.0522914,14.15580330000002,17.67186225000003,0,1.0152302980422974
2023-08-01,29.376041666666666,51.84979166666667,33.983333333333334,83.71354166666667,5.297916666666667,1.3923958333333333,,7.785416666666666,7.7894736842105265,7.776041666666667,0.637985,3.6099544,7.4935575,11.741496900000019,17.93038495000003,0,0.4676932394504547
2023-08-02,28.675,52.864270833333336,34.760416666666664,85.82395833333334,5.464583333333334,1.4703125,,7.809375,8.0,7.238541666666666,0.021672934,0.637985,3.6099544,4.269612334000019,17.67784916400003,0,0.7264146208763123
2023-08-03,28.291666666666668,53.256145833333335,35.04270833333333,85.21354166666667,5.445833333333333,1.3954166666666667,,7.810416666666666,7.802083333333333,7.125,0.3012849,0.021672934,0.637985,0.9609428340000196,17.513906434000027,0,
2023-08-04,27.667708333333334,52.4946875,34.50625,80.85833333333333,5.252083333333333,1.2671875,,7.78125,9.5,8.629166666666666,6.9467072,0.3012849,0.021672934,7.2696650340000195,22.063453334000027,0,0.0398501381278038
2023-08-05,28.322916666666668,52.064479166666665,34.17395833333333,81.94166666666666,5.258333333333334,1.2291666666666667,,7.773958333333333,8.447916666666666,8.161458333333334,6.413709,6.9467072,0.3012849,13.66170110000002,25.42487093400003,0,1.185677170753479
2023-08-06,29.321875,52.46125,34.43020833333333,86.91770833333334,5.478125,1.2970833333333334,,7.782291666666667,6.677083333333333,6.998958333333333,0.1302561,6.413709,6.9467072,13.49067230000002,18.06156953400003,0,2.495668888092041
2023-08-07,29.971875,52.215833333333336,34.237500000000004,83.99166666666666,5.253125,1.2407291666666669,,7.746875,9.052083333333334,6.016666666666667,0.021102492,0.1302561,6.413709,6.56506759200002,14.472717626000028,0,0.8595976829528809
2023-08-08,29.5625,50.665937500000005,33.10104166666667,82.81041666666667,5.246875,1.2078125,,7.678125,10.15625,5.2406250000000005,14.717599,0.021102492,0.1302561,14.868957592000019,28.552331626000026,0,
2023-08-09,29.4,50.7096875,33.143750000000004,79.33333333333333,5.042708333333334,1.3113541666666666,,7.680208333333333,9.114583333333334,5.022916666666666,4.5446377,14.717599,0.021102492,19.283339192000017,33.07529639200003,0,1.382651686668396
2023-08-10,29.190625,49.973958333333336,32.61354166666667,73.69791666666667,4.716666666666667,1.2811458333333332,,7.621875,10.041666666666666,5.694791666666667,11.966945,4.5446377,14.717599,31.22918170000002,44.740956492000024,0,
2023-08-11,28.890625,48.70697916666666,31.69270833333333,71.859375,4.640625,1.2870833333333334,,7.586458333333333,11.84375,6.266666666666667,2.5198658,11.966945,4.5446377,19.031448500000018,40.31411509200003,0,1.0095300674438477
2023-08-12,29.2375,49.09708333333333,31.9625,73.55312500000001,4.719791666666667,1.2711458333333334,,7.56875,12.75,6.85625,2.0419686,2.5198658,11.966945,16.52877940000002,35.94237469200002,0,1.0225573778152466
2023-08-13,29.910416666666663,48.772083333333335,31.7125,73.67604166666666,4.680208333333334,1.2583333333333333,,7.532291666666667,14.5,9.844791666666667,1.1593424,2.0419686,2.5198658,5.721176800000022,36.971460992000026,0,1.2242586612701416
2023-08-14,30.254166666666663,48.64947916666667,31.6125,76.30833333333334,4.822916666666667,1.2748958333333331,,7.55,14.854166666666666,10.160416666666666,4.374767,1.1593424,2.0419686,7.576078000000022,41.32512550000003,0,0.3637844026088714
2023-08-15,30.30625,48.52072916666666,31.51770833333333,80.10520833333334,5.058333333333334,1.3246875,,7.59375,18.557894736842105,10.821875,12.240333,4.374767,1.1593424,17.77444240000002,38.84785950000003,0,
2023-08-16,29.9375,49.023645833333326,31.898958333333336,77.15625,4.894791666666666,1.4036458333333333,,7.620833333333334,15.617021276595745,9.771875,11.407055,12.240333,4.374767,28.02215500000002,45.71027680000003,0,0.8599621653556824
2023-08-17,29.854166666666668,48.9165625,31.822916666666668,81.48333333333333,5.173958333333333,1.377708333333333,,7.632291666666667,19.471910112359552,11.083333333333334,11.298538,11.407055,12.240333,34.94592600000002,45.04186980000003,0,1.7193727493286133
2023-08-18,29.79375,49.04135416666667,31.907291666666666,81.096875,5.145833333333333,1.2620833333333332,,7.627083333333334,21.28048780487805,11.759375,6.6023,11.298538,11.407055,29.30789300000002,49.12430400000002,0,1.3386282920837402
2023-08-19,29.565625,49.93145833333333,32.571875,77.28958333333334,4.905208333333333,1.3229166666666667,,7.6125,16.704545454545453,9.904166666666669,0.09769345,6.6023,11.298538,17.998531450000023,47.18002885000003,0,0.8381972908973694
2023-08-20,30.120833333333334,51.0621875,33.37291666666667,78.75104166666667,4.926041666666666,1.3638541666666668,,7.592708333333333,16.96590909090909,9.546875,0.9593068,0.09769345,6.6023,7.659300250000021,46.97999325000003,0,1.3256897926330566
2023-08-21,30.441666666666663,51.23458333333334,33.49375,76.51979166666666,4.763541666666667,1.1422916666666667,,7.569791666666666,11.74736842105263,7.325,0.12267478,0.9593068,0.09769345,1.1796750300000214,42.727901030000034,0,0.1769093573093414
2023-08-22,30.379166666666663,51.43635416666667,33.640625,81.33125,5.070833333333334,1.0190625,,7.604166666666667,8.666666666666666,6.54375,0.47772264,0.12267478,0.9593068,1.5597042200000213,30.96529067000003,0,
2023-08-23,28.891666666666666,53.1778125,34.975,86.63645833333334,5.49375,1.3432291666666665,,7.7,8.65625,4.858333333333333,0.048992056,0.47772264,0.12267478,0.6493894760000213,19.60722772600003,0,1.4951308965682983
2023-08-24,28.585416666666664,53.47614583333333,35.208333333333336,81.20208333333333,5.15625,1.2809375,,7.6625,8.726315789473684,5.177083333333333,0.0019636536,0.048992056,0.47772264,0.5286783496000212,8.310653379600028,0,1.26775062084198
2023-08-25,28.665625,53.08291666666667,34.91458333333333,76.90520833333333,4.889583333333333,1.1889583333333331,,7.625,10.302083333333334,5.845833333333334,0.017059334,0.0019636536,0.048992056,0.06801504360002131,1.7254127136000283,0,1.4678514003753662
2023-08-26,28.959375,52.44125,34.434375,72.86770833333334,4.6312500000000005,1.117916666666667,,7.572916666666667,10.25,6.427083333333333,0.30905002,0.017059334,0.0019636536,0.3280730076000213,1.9367692836000283,0,0.0578402392566204
2023-08-27,29.36458333333333,51.92916666666667,34.04375,72.28125,4.577083333333333,1.1503124999999998,,7.569791666666667,9.59375,6.842708333333333,7.334844,0.30905002,0.017059334,7.660953354000021,8.312306483600029,0,0.2107912600040435
2023-08-28,29.65416666666667,52.37770833333334,34.36666666666667,76.03541666666666,4.785416666666666,1.2835416666666666,,7.617708333333333,8.147368421052631,6.4875,13.281341,7.334844,0.30905002,20.92523502000002,21.470972703600026,0,0.5068089365959167
2023-08-29,30.1,52.565312500000005,34.48229166666667,78.47395833333333,4.894791666666666,1.2892708333333334,,7.645833333333333,8.364583333333334,6.853125,3.0940769,13.281341,7.334844,23.71026190000002,24.087326963600027,0,1.26333487033844
2023-08-30,29.15,52.03010416666667,34.12291666666667,70.825,4.511458333333334,1.3265625,,7.635416666666667,8.46875,6.386458333333334,7.46446,3.0940769,13.281341,23.83987790000002,31.502794907600027,0,0.0999473705887794
2023-08-31,27.034375,49.53489583333334,32.360416666666666,84.48645833333333,5.620833333333334,1.3509375,,7.669791666666666,13.53125,5.202083333333333,33.970753,7.46446,3.0940769,44.52928990000002,65.47158425400002,1,3.04984450340271
2023-09-01,26.60729166666667,51.27572916666667,33.641666666666666,88.825,5.884375,1.648125,,7.745833333333334,8.333333333333334,4.390625,0.045218635,33.970753,7.46446,41.48043163500002,65.49974355500004,0,3.3762614727020264
2023-09-02,26.805208333333336,52.0090625,34.17916666666667,89.65416666666665,5.901041666666667,1.5890625,,7.735416666666667,7.354166666666667,4.7406250000000005,0.0350969,0.045218635,33.970753,34.05106853500002,65.22579043500004,0,3.58194899559021
2023-09-03,27.3125,52.180416666666666,34.28541666666667,88.64583333333333,5.783333333333334,1.5091666666666663,,7.711458333333333,6.875,4.839583333333334,0.006601886,0.0350969,0.045218635,0.08691742100002131,57.89754832100003,0,2.375678062438965
2023-09-04,27.730208333333334,50.62552083333333,33.134375,86.91458333333333,5.677083333333333,1.41625,,7.691666666666666,21.61458333333333,6.433333333333334,0.028061295,0.006601886,0.0350969,0.06976008100002132,44.64426861600003,0,1.942275047302246
2023-09-05,28.383333333333336,50.56187499999999,33.07083333333333,87.31041666666665,5.634375,1.37625,,7.678125,23.90625,6.926041666666666,0.032710295,0.028061295,0.006601886,0.06737347600002132,41.58290201100002,0,3.9501543045043945
2023-09-06,28.803125,49.98614583333333,32.634375,83.62291666666667,5.379166666666666,1.3669791666666666,,7.669791666666666,21.28723404255319,7.286458333333333,0.33662122,0.032710295,0.028061295,0.3973928100000213,34.45506323100003,0,1.4869402647018433
2023-09-07,29.31458333333333,47.826875,31.05208333333333,81.56979166666666,5.242708333333334,1.260625,,7.647916666666667,19.321428571428573,8.980208333333334,0.37701768,0.33662122,0.032710295,0.7463491950000214,0.8613279110000285,0,0.558300793170929
2023-09-08,29.48958333333333,44.974375,28.98125,78.140625,5.075,1.11375,,7.645833333333333,,12.477083333333333,2.8286133,0.37701768,0.33662122,3.5422522000000214,3.644722576000029,0,1.6552335023880005
2023-09-09,28.67708333333333,42.594375,27.304166666666664,72.99166666666666,4.842708333333333,1.0939583333333334,,7.592708333333333,,13.621875,9.275879,2.8286133,0.37701768,12.481509980000022,12.885504676000028,0,0.1733528524637222
2023-09-10,28.041666666666668,41.21989583333333,26.35,74.746875,5.041666666666667,1.1219791666666663,,7.567708333333333,,12.813541666666666,7.331795,9.275879,2.8286133,19.43628730000002,20.210697790000026,0,2.001906633377075
2023-09-11,28.501041666666666,41.088229166666665,26.24791666666667,73.48958333333333,4.922916666666667,1.0813541666666666,,7.556249999999999,,14.188541666666666,0.03151368,7.331795,9.275879,16.63918768000002,20.21415017500003,0,1.8171980381011963
2023-09-12,28.898958333333336,42.36572916666667,27.1375,74.32187499999999,4.9125000000000005,1.0522916666666666,,7.575,,14.497916666666669,0.46020013,0.03151368,7.331795,7.823508810000021,20.641640010000028,0,1.6973546743392944
2023-09-13,28.829166666666666,44.50260416666666,28.67083333333333,70.10208333333334,4.609375,1.0501041666666666,,7.586458333333333,,13.928125,9.574404,0.46020013,0.03151368,10.066117810000021,29.879422790000028,0,0.7107414603233337
2023-09-14,28.104166666666668,47.611250000000005,30.93645833333333,77.42812500000001,5.080208333333333,1.2007291666666666,,7.651041666666667,,11.480208333333332,1.5814377,9.574404,0.46020013,11.616041830000022,31.083842810000025,0,3.6712257862091056
2023-09-15,26.829166666666666,50.49614583333334,33.075,86.59895833333333,5.747916666666666,1.3541666666666667,,7.735416666666667,,10.514583333333333,0.041486405,1.5814377,9.574404,11.19732810500002,28.29671591500003,0,4.295411109924316
2023-09-16,26.430208333333336,51.544895833333335,33.84791666666667,87.46458333333334,5.811458333333333,1.3384375000000002,,7.746875,,9.995833333333334,0.0,0.041486405,1.5814377,1.6229241050000212,19.020836915000025,0,1.425529718399048
2023-09-17,26.48125,51.45770833333333,33.77916666666667,83.52499999999999,5.54375,1.2582291666666667,,7.708333333333333,,10.783333333333331,5.6312423,0.0,0.041486405,5.672728705000021,17.32028421500003,0,2.379852771759033
2023-09-18,26.68958333333333,50.31354166666667,32.928125,86.45625,5.751041666666667,1.286145833333333,,7.683333333333334,,11.938541666666666,17.206581,5.6312423,0.0,22.83782330000002,34.495351535000026,0,2.163115262985229
2023-09-19,26.61875,50.330000000000005,32.940625000000004,89.19895833333334,5.932291666666667,1.2747916666666663,,7.703125,,14.130208333333334,0.011629591,17.206581,5.6312423,22.84945289100002,34.04678099600003,0,2.9310545921325684
2023-09-20,26.68645833333333,50.868541666666665,33.33645833333333,89.828125,5.948958333333334,1.2484375,,7.732291666666666,,12.671875,0.8937458,0.011629591,17.206581,18.11195639100002,25.36612279600003,0,4.879979610443115
2023-09-21,25.902083333333334,52.217083333333335,34.35104166666667,86.98645833333335,5.820833333333333,1.3567708333333333,,7.763541666666666,,9.653125,12.015301,0.8937458,0.011629591,12.92067639100002,35.799986096000026,0,
2023-09-22,23.775,52.81145833333333,34.84166666666667,88.08854166666667,6.103125,1.3764583333333331,,7.809375,,7.466666666666666,37.36329,12.015301,0.8937458,50.27233680000002,73.12178969100003,1,0.0513772256672382
2023-09-23,21.690625,51.680416666666666,34.03333333333333,89.37291666666665,6.453125,1.2333333333333334,,7.786458333333333,,6.685416666666666,15.431182,37.36329,12.015301,64.80977300000002,88.55297169100002,0,
2023-09-24,22.75,51.45083333333333,33.844791666666666,85.06354166666667,6.028125,1.2892708333333334,,7.735416666666667,,6.09375,0.2023253,15.431182,37.36329,52.99679730000002,83.12405469100003,0,2.4482696056365967
2023-09-25,24.60625,51.72177083333333,34.016666666666666,83.96458333333334,5.7625,1.3572916666666668,,7.726041666666667,,7.627083333333334,0.06873628,0.2023253,15.431182,15.70224358000002,65.98620997100002,0,1.1024081707000732
2023-09-26,25.214583333333334,52.03364583333333,34.233333333333334,84.003125,5.695833333333333,1.4542708333333334,,7.730208333333334,,7.826041666666666,0.11326138,0.06873628,0.2023253,0.3843229600000213,66.08784176000003,0,3.11075496673584
2023-09-27,24.165625,52.79135416666667,34.82083333333333,85.13958333333333,5.860416666666667,1.6479166666666665,,7.767708333333334,,6.857291666666666,14.752717,0.11326138,0.06873628,14.934714660000022,79.94681296000002,0,
2023-09-28,23.555208333333336,53.208958333333335,35.13645833333333,87.60520833333334,6.078125,1.7253125,,7.792708333333334,,6.032291666666667,7.0375667,14.752717,0.11326138,21.903545080000022,74.96907866000002,0,
2023-09-29,23.94270833333333,53.39822916666666,35.27708333333333,88.66562499999999,6.102083333333333,1.6294791666666668,,7.7875,,6.061458333333333,3.866509,7.0375667,14.752717,25.65679270000002,41.47229766000003,0,2.150887012481689
2023-09-30,24.18645833333333,53.5171875,35.358333333333334,87.82395833333334,6.015625,1.5564583333333333,,7.770833333333333,,6.213541666666667,0.0011190678,3.866509,7.0375667,10.905194767800023,26.04223472780003,0,2.205213785171509
2023-10-01,24.082291666666663,53.64697916666666,35.453125,91.240625,6.253125,1.6016666666666666,,7.792708333333334,,5.946875,0.0,0.0011190678,3.866509,3.8676280678000214,25.83990942780003,0,4.247613430023193
2023-10-02,24.075,53.73989583333333,35.51979166666667,91.61041666666668,6.277083333333334,1.6284375000000002,,7.804166666666667,,5.717708333333333,0.0,0.0,0.0011190678,0.0011190678000213162,25.771173147800027,0,7.4855804443359375
2023-10-03,24.109375,53.834270833333335,35.594791666666666,91.57916666666668,6.2718750000000005,1.6354166666666667,,7.808333333333334,,5.565625,0.0,0.0,0.0,0.0,25.65791176780003,0,2.4952433109283447
2023-10-04,24.027083333333334,53.8809375,35.639583333333334,91.265625,6.254166666666666,1.5625,,7.8,,5.805208333333333,0.0,0.0,0.0,0.0,10.90519476780003,0,2.6075375080108643
2023-10-05,24.178947368421053,53.896,35.64105263157895,82.87307692307692,5.738461538461538,1.3873684210526318,,7.757894736842105,4.113636363636363,5.4526315789473685,0.44540113,0.0,0.0,0.4454011300000213,4.313029197800029,0,3.1905081272125244
2023-10-06,24.695833333333336,53.90604166666666,35.645833333333336,,,1.27125,,7.692708333333333,4.135416666666667,4.801041666666666,2.2531998,0.44540113,0.0,2.6986009300000213,2.6997199978000284,0,0.875992476940155
2023-10-07,24.409375,53.77270833333333,35.541666666666664,,,1.2344791666666668,,7.618749999999999,4.958333333333333,4.955208333333333,0.31063738,2.2531998,0.44540113,3.0092383100000215,3.0092383100000286,0,6.84375
2023-10-08,22.222916666666663,53.758125,35.56041666666667,,,1.3277083333333335,,7.65625,4.25,5.008333333333334,0.0,0.31063738,2.2531998,2.5638371800000215,3.0092383100000286,0,2.136695146560669
2023-10-09,20.97395833333333,53.66229166666667,35.5125,,,1.2617708333333333,,7.649999999999999,3.9375,5.473958333333333,0.0,0.0,0.31063738,0.31063738000002133,3.0092383100000286,0,2.253051996231079
2023-10-10,21.00625,52.290937500000005,34.496875,,,1.200416666666667,,7.627083333333332,4.78125,6.677083333333333,0.008043593,0.0,0.0,0.008043593000021316,3.0172819030000286,0,1.4496222734451294
2023-10-11,21.45208333333333,50.4965625,33.17395833333333,,,1.2017708333333337,,7.622916666666666,4.697916666666667,6.752083333333334,14.303771,0.008043593,0.0,14.31181459300002,17.321052903000027,0,
2023-10-12,21.28645833333333,51.455625,33.876041666666666,,,1.3523958333333337,,7.681249999999999,4.708333333333333,4.828125,35.273205,14.303771,0.008043593,49.58501959300002,52.14885677300002,1,
2023-10-13,21.17395833333333,52.33166666666667,34.520833333333336,,,1.4257291666666667,,7.725,4.645833333333333,3.76875,0.0,35.273205,14.303771,49.57697600000002,49.89565697300003,0,2.229743719100952
2023-10-14,22.07604166666667,52.38583333333333,34.550000000000004,,,1.3608333333333331,,7.680208333333333,5.3125,4.484375,3.7783768,0.0,35.273205,39.05158180000002,53.36339639300003,0,0.9638535976409912
2023-10-15,21.65,52.23822916666666,34.44895833333333,,,1.2691666666666668,,7.7,6.15625,4.292708333333334,0.057147205,3.7783768,0.0,3.8355240050000217,53.42054359800003,0,0.1513571739196777
2023-10-16,20.857291666666665,52.9721875,35.00416666666667,,,1.4380208333333335,,7.75,5.666666666666667,3.8083333333333336,0.0,0.057147205,3.7783768,3.8355240050000217,53.42054359800003,0,2.543398857116699
2023-10-17,20.191666666666663,53.123645833333335,35.11770833333333,,,1.21875,,7.746875,4.552083333333333,3.439583333333333,0.43027163,0.0,0.057147205,0.4874188350000213,53.842771635000034,0,1.430557131767273
2023-10-18,20.416666666666668,53.227916666666665,35.188541666666666,,,1.2321875,,7.770833333333333,3.552083333333333,3.1906250000000003,0.0,0.43027163,0.0,0.43027163000002133,39.53900063500003,0,2.2700345516204834
2023-10-19,20.13020833333333,53.19479166666667,35.165625,,,1.3125,,7.757291666666667,3.489583333333333,3.2416666666666667,2.3514487e-05,0.0,0.43027163,0.43029514448702133,4.265819149487029,0,1.414408564567566
2023-10-20,20.375,52.9540625,34.990625,,,1.18625,,7.740625,4.03125,3.05625,8.537131,2.3514487e-05,0.0,8.537154514487021,12.802950149487028,0,2.469077587127685
2023-10-21,19.35625,51.91520833333333,34.223958333333336,,,1.064375,,7.726041666666667,4.791666666666667,3.3697916666666665,3.0132136,8.537131,2.3514487e-05,11.550368114487021,12.03778694948703,0,1.7849382162094116
2023-10-22,19.085416666666667,51.622083333333336,34.00416666666667,,,1.1565625,,7.745833333333334,3.6979166666666665,3.283333333333333,0.0006152634,3.0132136,8.537131,11.550959863400022,11.98125500788703,0,1.9102537631988523
2023-10-23,18.607291666666665,52.34552083333333,34.541666666666664,,,1.2901041666666666,,7.772916666666667,3.177083333333333,3.154166666666667,0.0,0.0006152634,3.0132136,3.013828863400021,11.98125500788703,0,1.889092206954956
2023-10-24,18.769791666666663,52.72614583333333,34.81458333333333,,,1.3393750000000002,,7.783333333333334,2.864583333333333,2.775,0.0,0.0,0.0006152634,0.0006152634000213163,11.55098337788703,0,2.3827385902404785
2023-10-25,19.963541666666668,52.91958333333333,34.971875,,,1.3527083333333334,,7.783333333333334,3.1979166666666665,2.5375,0.0,0.0,0.0,0.0,11.55098337788703,0,2.7004520893096924
2023-10-26,21.03333333333333,52.998020833333335,35.01354166666666,,,1.3495833333333334,,7.764583333333333,3.302083333333333,2.484375,0.0,0.0,0.0,0.0,11.55095986340003,0,2.7524735927581787
2023-10-27,21.66145833333333,52.97302083333333,34.99270833333333,,,1.3270833333333334,,7.747916666666666,3.7916666666666665,2.611458333333333,0.06389303,0.0,0.0,0.06389303000002132,3.077721893400028,0,2.8009934425354004
2023-10-28,21.865625,52.8246875,34.87291666666666,,,1.3016666666666663,,7.733333333333333,4.46875,3.341666666666667,0.0,0.06389303,0.0,0.06389303000002132,0.06450829340002842,0,2.4590392112731934
2023-10-29,21.886458333333334,52.78427083333333,34.84791666666667,,,1.3245833333333332,,7.729166666666667,4.6875,4.003125,0.0,0.0,0.06389303,0.06389303000002132,0.06389303000002843,0,1.7238221168518066
2023-10-30,22.265625,52.77114583333333,34.8375,,,1.2884375,,7.742708333333333,4.645833333333333,4.388541666666667,0.0,0.0,0.0,0.0,0.06389303000002843,0,2.283562421798706
2023-10-31,21.289583333333333,53.00239583333333,35.025,,,1.3669791666666666,,7.759374999999999,4.333333333333333,4.382291666666666,0.118375756,0.0,0.0,0.11837575600002131,0.18226878600002844,0,0.0533807426691055
2023-11-01,18.75208333333333,53.4859375,35.38125,,,1.4617708333333337,,7.806249999999999,4.697916666666667,3.704166666666667,0.0,0.118375756,0.0,0.11837575600002131,0.18226878600002844,0,5.64224910736084
2023-11-02,16.508333333333333,53.88614583333333,35.64791666666667,,,1.5779166666666666,,7.877083333333334,3.4791666666666665,3.063541666666667,0.0,0.0,0.118375756,0.11837575600002131,0.18226878600002844,0,2.0504801273345947
2023-11-03,16.158333333333335,53.9728125,35.713541666666664,,,1.4940625,,7.878125000000001,3.0729166666666665,2.715625,0.0,0.0,0.0,0.0,0.11837575600002842,0,3.337867021560669
2023-11-04,16.951041666666665,53.92729166666667,35.69375,,,1.4213541666666665,,7.844791666666667,3.6979166666666665,2.9604166666666667,3.45404,0.0,0.0,3.4540400000000213,3.5724157560000283,0,1.5654456615447998
2023-11-05,17.794791666666665,53.56375,35.43333333333333,,,1.415,,7.811458333333333,3.6979166666666665,3.3552083333333336,0.6094534,3.45404,0.0,4.063493400000022,4.181869156000028,0,1.6903250217437744
2023-11-06,17.909375,53.28052083333333,35.23020833333333,,,1.3995833333333334,,7.770833333333333,3.7083333333333335,3.466666666666667,0.017672358,0.6094534,3.45404,4.081165758000021,4.199541514000028,0,3.1527998447418213
2023-11-07,18.175,52.91708333333333,34.958333333333336,,,1.265,,7.75625,5.520833333333333,3.452083333333333,0.082354814,0.017672358,0.6094534,0.7094805720000213,4.163520572000029,0,2.3538694381713867
2023-11-08,18.59895833333333,52.50260416666666,34.655208333333334,,,1.2480208333333334,,7.746875,6.354166666666667,3.4291666666666667,0.0,0.082354814,0.017672358,0.10002717200002131,4.163520572000029,0,2.279064178466797
2023-11-09,19.157291666666666,52.36895833333333,34.55833333333333,,,1.193125,,7.723958333333333,8.575,3.7291666666666665,0.20262168,0.0,0.082354814,0.28497649400002134,4.366142252000029,0,1.8651256561279297
2023-11-10,19.41145833333333,52.13854166666667,34.3875,,,1.2032291666666668,,7.736458333333334,,4.159375,0.57230014,0.20262168,0.0,0.7749218200000213,4.938442392000028,0,
2023-11-11,17.822916666666668,53.159062500000005,35.139583333333334,,,1.45875,,7.789583333333334,,4.001041666666667,5.5570865,0.57230014,0.20262168,6.332008320000021,7.041488892000028,0,
2023-11-12,16.554166666666667,53.31,35.233333333333334,,,1.5111458333333332,,7.823958333333334,,3.871875,6.795007,5.5570865,0.57230014,12.924393640000021,13.227042492000027,0,
2023-11-13,16.367708333333333,53.53927083333334,35.396875,,,1.493125,,7.827083333333333,,2.935416666666667,0.03652595,6.795007,5.5570865,12.388619450000022,13.245896084000028,0,2.39563250541687
2023-11-14,16.3625,53.71520833333333,35.534375000000004,,,1.4201041666666667,,7.84375,,2.540625,0.16169076,0.03652595,6.795007,6.993223710000021,13.325232030000029,0,4.120934963226318
2023-11-15,16.10625,53.926770833333336,35.67916666666667,,,1.4207291666666668,,7.871875,,3.0500000000000003,1.3492532,0.16169076,0.03652595,1.5474699100000213,14.674485230000029,0,
2023-11-16,16.921875,53.9078125,35.678125,,,1.3589583333333335,,7.871875,,2.527083333333333,4.4336734,1.3492532,0.16169076,5.944617360000022,18.905536950000027,0,8.266824722290039
2023-11-17,17.953125,53.71833333333333,35.54895833333334,,,1.2614583333333331,,7.859375,,2.7885416666666667,0.67159283,4.4336734,1.3492532,6.454519430000022,19.00482964000003,0,2.1604018211364746
2023-11-18,18.85,53.57260416666667,35.447916666666664,,,1.2157291666666663,,7.832291666666666,,3.1020833333333333,4.5864806,0.67159283,4.4336734,9.691746830000021,18.03422374000003,0,2.949781656265259
2023-11-19,17.385416666666668,53.844166666666666,35.635416666666664,,,1.3891666666666669,,7.845833333333334,,3.891666666666667,0.0,4.5864806,0.67159283,5.258073430000021,11.239216740000028,0,2.78464674949646
2023-11-20,16.36315789473684,53.86621052631579,35.642105263157895,98.87297297297296,7.775675675675675,1.2514736842105263,,7.890526315789474,2.8378378378378377,4.7368421052631575,0.0,0.0,4.5864806,4.586480600000021,11.202690790000029,0,3.0760936737060547
2023-11-21,16.817708333333332,53.513020833333336,35.39791666666667,93.59375,7.337499999999999,1.0101041666666666,,7.921875,2.6666666666666665,5.511578947368421,14.136358,0.0,0.0,14.13635800000002,25.17735803000003,0,
2023-11-22,17.767708333333335,52.317395833333336,34.515625,89.14895833333333,6.897916666666667,0.8676041666666667,,7.816666666666666,6.625,5.766315789473683,23.297522,14.136358,0.0,37.43388000000002,47.12562683000003,1,
2023-11-23,16.394791666666666,52.53104166666666,34.65208333333333,90.12291666666664,7.151041666666667,1.074375,,7.885416666666667,3.526315789473684,4.510416666666667,0.01956441,23.297522,14.136358,37.453444410000024,42.71151784000003,0,2.8468146324157715
2023-11-24,16.109375,52.74447916666667,34.802083333333336,89.60625,7.1468750000000005,1.1080208333333337,,7.896875,2.3789473684210525,4.678947368421053,5.9966736,0.01956441,23.297522,29.313760010000024,48.036598610000034,0,3.4785377979278564
2023-11-25,15.329166666666666,53.09458333333333,35.046875,92.65833333333336,7.491666666666667,1.1839583333333332,,7.922916666666667,3.1041666666666665,4.305208333333334,0.06387838,5.9966736,0.01956441,6.080116390000022,43.51399639000003,0,5.546258449554443
2023-11-26,14.623958333333334,53.20760416666667,35.10729166666667,91.27395833333333,7.484375,1.199375,,7.927083333333333,1.8333333333333333,4.820833333333334,5.9142947,0.06387838,5.9966736,11.974846680000022,49.42829109000003,0,
2023-11-27,14.797916666666666,52.7621875,34.786458333333336,94.05520833333333,7.689583333333334,1.0251041666666667,,7.9125,1.6666666666666667,4.216666666666667,9.202537,5.9142947,0.06387838,15.180710080000022,58.63082809000003,0,4.290413856506348
2023-11-28,13.745833333333332,52.7690625,34.75625,94.10416666666669,7.866666666666667,1.0504166666666668,,7.911458333333333,1.3541666666666667,4.344791666666667,1.3408942,9.202537,5.9142947,16.45772590000002,45.83536429000003,0,2.122966051101685
2023-11-29,12.709375,53.0234375,34.901041666666664,96.490625,8.236458333333333,1.1423958333333333,,7.938541666666667,1.0104166666666667,3.711458333333333,0.0,1.3408942,9.202537,10.543431200000022,22.53784229000003,0,1.981245875358581
2023-11-30,12.890625,52.9971875,34.891666666666666,98.34479166666668,8.355208333333334,1.10625,,7.946874999999999,0.6770833333333334,3.298958333333333,0.22181186,0.0,1.3408942,1.562706060000023,22.740089740000027,0,2.849398136138916
2023-12-01,13.43125,52.490208333333335,34.53541666666667,98.66666666666669,8.311458333333333,1.0678125,,7.945833333333334,0.75,3.814583333333333,0.45451242,0.22181186,0.0,0.6763242800000231,17.19792856000003,0,0.2094310373067855
2023-12-02,14.810416666666669,51.03479166666667,33.521875,97.20729166666666,8.012500000000001,1.0088541666666666,,7.90625,1.2604166666666667,5.173958333333333,19.682617,0.45451242,0.22181186,20.358941280000025,36.816667180000024,1,
2023-12-03,16.146874999999998,50.30239583333333,33.0125,95.58333333333331,7.702083333333333,0.9579166666666666,,7.868749999999999,1.4791666666666667,5.46875,17.282955,19.682617,0.45451242,37.42008442000002,48.185327480000026,0,
2023-12-04,16.397916666666667,49.44854166666667,32.391666666666666,94.51145833333334,7.602083333333333,0.9536458333333332,,7.851041666666667,1.7291666666666667,5.520833333333333,2.8548617,17.282955,19.682617,39.820433700000024,41.83765218000003,0,6.606978893280029
2023-12-05,15.486458333333331,50.14395833333333,32.885416666666664,98.096875,8.011458333333334,1.0641666666666667,,7.897916666666667,1.1770833333333333,4.46875,0.0,2.8548617,17.282955,20.137816700000027,40.49675798000003,0,32.8278694152832
2023-12-06,14.015625,51.212291666666665,33.630208333333336,96.08020833333336,8.045833333333333,1.0475,,7.9375,0.9479166666666666,4.04375,0.0,0.0,2.8548617,2.8548617000000247,40.49675798000003,0,
2023-12-07,12.50625,51.71020833333333,33.92604166666667,95.63229166666667,8.24375,1.1173958333333334,,7.958333333333333,0.8958333333333334,3.898958333333333,0.0,0.0,0.0,0.0,40.27494612000003,0,2.4811460971832275
2023-12-08,12.092708333333334,50.81,33.259375,95.04375,8.303125,1.018333333333333,,7.944791666666667,0.9166666666666666,3.4416666666666664,0.0010363733,0.0,0.0,0.001036373300024869,39.821470073300034,0,0.3422765433788299
2023-12-09,13.44375,50.4778125,33.071875,95.9125,8.163541666666667,1.0202083333333334,,7.91875,1.0520833333333333,4.007291666666666,0.020143637,0.0010363733,0.0,0.02118001030002487,20.15899671030003,0,3.163841009140014
2023-12-10,15.473958333333334,49.879375,32.692708333333336,93.52291666666667,7.64375,0.9570833333333332,,7.891666666666667,1.5833333333333333,4.1125,1.3136255,0.020143637,0.0010363733,1.3348055103000247,4.189667210300028,0,
2023-12-11,14.769791666666668,48.23833333333334,31.48229166666667,90.375,7.557291666666667,0.9769791666666668,,7.866666666666667,3.8854166666666665,5.323958333333334,23.720745,1.3136255,0.020143637,25.054514137000027,25.05555051030003,1,2.9747798442840576
2023-12-12,13.373958333333334,50.69458333333333,33.23020833333333,94.08645833333333,7.996875,1.1947916666666667,,7.91875,2.0,4.3656250000000005,0.0,23.720745,1.3136255,25.034370500000026,25.05555051030003,0,2.4063613414764404
2023-12-13,12.791666666666666,51.205937500000005,33.572916666666664,96.378125,8.270833333333334,1.1083333333333334,,7.955208333333334,1.4791666666666667,3.9947916666666665,0.6001498,0.0,23.720745,24.320894800000026,25.65570031030003,0,1.9067257642745967
2023-12-14,12.214583333333332,51.88958333333333,34.046875,97.509375,8.44375,1.178958333333333,,7.967708333333333,2.1041666666666665,4.047916666666667,0.0,0.6001498,0.0,0.6001498000000248,25.65570031030003,0,2.9507482051849365
2023-12-15,11.729166666666666,52.398645833333326,34.39895833333333,97.78229166666668,8.534374999999999,1.1496875,,7.979166666666667,1.53125,3.3937500000000003,0.0,0.0,0.6001498,0.6001498000000248,25.65466393700003,0,2.3222367763519287
2023-12-16,12.023958333333333,52.46104166666667,34.452083333333334,98.696875,8.557291666666666,1.1071875,,7.9875,1.7291666666666667,3.6447916666666655,0.0,0.0,0.0,0.0,25.63452030000003,0,1.6625837087631226
2023-12-17,13.521875,52.087812500000005,34.24583333333333,94.40104166666669,7.961458333333333,1.3591666666666666,,7.947916666666667,6.28125,5.944791666666667,40.001335,0.0,0.0,40.001335000000026,64.32222980000003,1,
2023-12-18,14.2875,49.65541666666667,32.49791666666667,92.353125,7.7375,0.9023958333333332,,7.864583333333333,7.395833333333333,4.963541666666667,18.64913,40.001335,0.0,58.650465000000025,59.25061480000003,1,2.5576977729797363
2023-12-19,11.596875,49.51989583333333,32.291666666666664,93.23958333333331,8.272916666666665,1.1897916666666666,,7.886458333333334,5.65625,4.685416666666667,0.0,18.64913,40.001335,58.650465000000025,59.25061480000003,0,3.387533903121948
2023-12-20,10.417708333333334,50.55947916666667,32.97708333333333,94.65833333333336,8.577083333333333,1.369895833333333,,7.9375,4.083333333333333,4.069791666666666,0.0,0.0,18.64913,18.649130000000028,58.65046500000003,0,3.4944822788238525
2023-12-21,10.232291666666669,50.53458333333333,32.94479166666667,95.53645833333331,8.698958333333334,1.365625,,7.936458333333333,2.6875,3.71875,0.0,0.0,0.0,0.0,58.65046500000003,0,2.507232666015625
2023-12-22,10.909375,50.32583333333333,32.842708333333334,95.89479166666666,8.61875,1.3842708333333336,,7.929166666666667,2.114583333333333,3.686458333333333,0.0,0.0,0.0,0.0,58.65046500000003,0,
2023-12-23,11.625,50.301770833333336,32.86354166666667,97.11666666666667,8.583333333333334,1.3861458333333332,,7.921875,2.15625,4.090625,0.0,0.0,0.0,0.0,58.65046500000003,0,2.572267770767212
2023-12-24,12.415625,50.39958333333333,32.97708333333333,98.11145833333336,8.518749999999999,1.4045833333333333,,7.921875,2.083333333333333,4.107291666666667,0.0,0.0,0.0,0.0,18.649130000000035,0,2.923665761947632
2023-12-25,13.298958333333331,50.303125,32.940625000000004,98.28645833333331,8.384375,1.3771875,,7.925000000000001,1.8958333333333333,3.983333333333333,0.10377259,0.0,0.0,0.10377259000002842,0.10377259000003553,0,2.6086745262146
2023-12-26,13.739583333333334,49.72375,32.53541666666667,96.09479166666668,8.148958333333333,1.3265625,,7.902083333333334,2.270833333333333,4.655208333333333,10.752723,0.10377259,0.0,10.856495590000028,10.856495590000035,0,6.596099853515625
2023-12-27,14.653125,46.8103125,30.453125,93.88541666666669,7.9125,1.2742708333333332,,7.860416666666667,3.2604166666666665,4.935416666666667,51.712044,10.752723,0.10377259,62.56853959000003,62.568539590000036,1,
2023-12-28,14.159375,44.80625,28.99375,91.171875,7.836458333333333,1.1519791666666668,,7.848958333333333,3.8125,5.237894736842105,0.4343587,51.712044,10.752723,62.89912570000003,63.00289829000003,0,
2023-12-29,13.102083333333333,43.85333333333333,28.29479166666667,93.059375,8.200000000000001,1.1446875,,7.90625,4.260416666666667,5.216666666666667,0.0,0.4343587,51.712044,52.146402700000024,63.00289829000003,0,1.826521635055542
2023-12-30,11.021875,41.719375,26.711458333333336,94.18229166666669,8.768749999999999,1.1202083333333337,,7.934375,4.479166666666667,6.044791666666666,0.0,0.0,0.4343587,0.4343587000000284,63.00289829000003,0,2.428480625152588
2023-12-31,10.714583333333332,40.51625,25.84895833333333,96.99895833333332,9.13125,1.2129166666666666,,7.966666666666666,2.8541666666666665,5.994791666666667,0.0,0.0,0.0,0.0,63.00289829000003,0,1.904904842376709
2024-01-01,11.096875,37.32958333333333,23.636458333333334,99.33333333333331,9.402083333333334,0.9563541666666668,,7.966666666666666,2.6875,6.464583333333334,0.00043318004,0.0,0.0,0.00043318004002842174,62.89955888004004,0,2.173511743545532
2024-01-02,10.378125,39.91520833333333,25.410416666666663,100.93541666666664,9.601041666666667,0.8911458333333333,,8.003124999999999,1.9166666666666667,6.191666666666666,0.0317431,0.00043318004,0.0,0.03217628004002843,52.17857898004004,0,3.000863075256348
2024-01-03,10.217708333333333,41.84,26.75520833333333,101.36354166666666,9.603125,1.1488541666666667,,7.997916666666666,1.3125,4.929166666666666,0.6284161,0.0317431,0.00043318004,0.6605923800400284,1.0949510800400355,0,2.340517282485962
2024-01-04,10.241666666666667,39.39604166666667,25.03125,101.48125,9.707291666666666,1.3575,,8.009375,1.4583333333333333,3.7729166666666663,7.523946,0.6284161,0.0317431,8.184105200000028,8.184538380040035,0,2.13239860534668
2024-01-05,9.678125,42.31645833333334,27.05,100.30520833333333,9.605208333333334,1.4808333333333332,,8.019791666666666,1.3854166666666667,3.9760416666666663,0.0,7.523946,0.6284161,8.152362100000028,8.184538380040035,0,5.3754425048828125
2024-01-06,11.152083333333332,44.33947916666667,28.558333333333334,97.14895833333333,8.921875,1.4455208333333334,,7.977083333333333,1.3958333333333333,4.194791666666666,10.871642,0.0,7.523946,18.39558800000003,19.056180380040033,0,
2024-01-07,11.85,42.69864583333333,27.42083333333333,95.88333333333333,8.729166666666666,1.2366666666666666,,7.928125,3.25,4.464583333333334,0.0014440418,10.871642,0.0,10.873086041800027,19.057624421840035,0,2.747369766235352
2024-01-08,11.113541666666668,47.2934375,30.675,96.8,8.775,1.5160416666666665,,7.978124999999999,3.8958333333333335,4.613541666666666,0.86196405,0.0014440418,10.871642,11.735050091800026,19.91915529180003,0,
2024-01-09,12.130208333333334,49.39364583333333,32.225,97.234375,8.539583333333335,1.664791666666667,,7.957291666666666,8.552083333333334,5.0687500000000005,39.800537,0.86196405,0.0014440418,40.66394509180003,59.68794919180003,1,
2024-01-10,12.596875,47.17177083333333,30.64375,97.35625,8.544791666666667,1.10125,,7.910416666666666,13.927083333333334,5.794791666666666,20.931643,39.800537,0.86196405,61.594144050000025,79.99117609180004,1,2.1638548374176025
2024-01-11,11.901041666666666,48.66052083333333,31.690625,98.2625,8.685416666666667,1.3476041666666667,,7.964583333333334,9.385416666666666,5.559375,0.14680202,20.931643,39.800537,60.87898202000003,72.61403211180004,0,4.631194114685059
2024-01-12,12.390625,49.8965625,32.610416666666666,98.24895833333332,8.553125,1.4434375,,7.984375,6.104166666666667,4.982291666666667,0.71206445,0.14680202,20.931643,21.79050947000003,73.32609656180004,0,
2024-01-13,13.867708333333333,48.88604166666667,31.93125,100.09895833333331,8.504166666666666,1.2526041666666667,,7.982291666666666,13.34375,5.658333333333334,13.897128,0.71206445,0.14680202,14.75599447000003,76.35158256180003,0,2.855973720550537
2024-01-14,12.363541666666668,48.67572916666666,31.72395833333333,99.81666666666666,8.739583333333334,1.3463541666666667,,7.9875,8.072916666666666,4.609375,0.58839667,13.897128,0.71206445,15.197589120000028,76.93853519000004,0,
2024-01-15,12.536458333333334,48.59947916666667,31.671875,102.76354166666664,8.967708333333333,1.3302083333333334,,8.012500000000001,5.125,4.778125,0.12567632,0.58839667,13.897128,14.611200990000029,76.20224746000004,0,0.2706627249717712
2024-01-16,12.952083333333334,48.26520833333333,31.45,98.58645833333333,8.552083333333334,1.2994791666666667,,7.9875,3.71875,4.361458333333333,9.3818865,0.12567632,0.58839667,10.095959490000029,45.78359696000004,0,
2024-01-17,10.530208333333333,49.2265625,32.016666666666666,99.22916666666669,9.030208333333333,1.42375,,8.004166666666666,3.7395833333333335,3.575,0.33687127,9.3818865,0.12567632,9.844434090000028,25.188825230000038,0,2.3895039558410645
2024-01-18,10.164583333333333,48.86979166666666,31.741666666666664,100.77395833333333,9.255208333333334,1.387708333333333,,8.020833333333334,2.708333333333333,3.2687500000000003,0.0,0.33687127,9.3818865,9.718757770000028,25.04202321000004,0,3.1825265884399414
2024-01-19,10.944791666666667,45.7565625,29.566666666666663,99.06770833333331,9.070833333333333,1.1459375,,7.990625,3.520833333333333,3.3697916666666665,0.6354935,0.0,0.33687127,0.9723647700000284,24.96545226000004,0,2.100468873977661
2024-01-20,8.831249999999999,45.76416666666666,29.432291666666668,96.47916666666669,9.276041666666666,1.2907291666666667,,7.992708333333333,3.114583333333333,3.5343750000000003,0.0,0.6354935,0.0,0.6354935000000284,11.068324260000036,0,2.982053756713867
2024-01-21,7.270833333333333,48.12822916666667,30.98229166666667,98.42395833333336,9.710416666666667,1.42875,,8.004166666666666,2.65625,3.2895833333333333,0.0,0.0,0.6354935,0.6354935000000284,10.479927590000036,0,2.615851879119873
2024-01-22,7.863541666666666,48.50989583333333,31.307291666666668,101.465625,9.840625,1.4464583333333332,,8.014583333333333,1.9166666666666667,3.1125000000000003,0.0,0.0,0.0,0.0,10.354251270000036,0,2.36726450920105
2024-01-23,9.136458333333334,47.78270833333334,30.894791666666663,102.33854166666669,9.666666666666666,1.3721875,,8.011458333333334,1.6145833333333333,3.2895833333333333,2.4474096,0.0,0.0,2.4474096000000283,3.4197743700000354,0,
2024-01-24,11.007291666666667,46.0753125,29.789583333333336,105.00416666666666,9.560416666666669,1.290625,,8.00625,2.0,4.185416666666667,0.54882944,2.4474096,0.0,2.9962390400000283,3.6317325400000353,0,
2024-01-25,12.9875,44.8771875,29.003125,104.71979166666668,9.192708333333334,1.2510416666666666,,7.993749999999999,2.71875,4.130208333333333,0.69592994,0.54882944,2.4474096,3.6921689800000284,4.327662480000035,0,1.5384597778320312
2024-01-26,14.479166666666666,45.190625,29.275,104.9125,8.909374999999999,1.2782291666666663,,7.978124999999999,3.0104166666666665,3.959375,0.08355654,0.69592994,0.54882944,1.3283159200000283,3.7757255200000355,0,3.455830812454224
2024-01-27,14.855208333333332,46.040416666666665,29.89270833333333,105.54166666666669,8.853125,1.2982291666666663,,7.977083333333333,3.395833333333333,4.563541666666667,0.020566791,0.08355654,0.69592994,0.8000532710000284,3.7962923110000353,0,0.2700885534286499
2024-01-28,15.764583333333334,45.4115625,29.45520833333333,105.08645833333333,8.701041666666667,1.2275,,7.985416666666667,3.8333333333333335,4.051041666666666,6.6353803,0.020566791,0.08355654,6.739503631000028,10.431672611000035,0,2.273024797439575
2024-01-29,13.302083333333334,46.15447916666667,29.95,102.471875,8.883333333333333,1.3422916666666669,,7.983333333333333,3.6458333333333335,4.673958333333333,0.0,6.6353803,0.020566791,6.655947091000028,10.431672611000035,0,4.22292423248291
2024-01-30,12.313541666666666,49.67822916666666,32.44375,106.44479166666667,9.285416666666666,1.5430208333333333,,8.039583333333333,2.458333333333333,4.03125,0.0,0.0,6.6353803,6.635380300000028,7.984263011000035,0,2.6757290363311768
2024-01-31,11.832291666666668,50.340833333333336,32.901041666666664,103.84375,9.1375,1.5194791666666667,,8.016666666666667,2.1041666666666665,6.263541666666668,2.2856736,0.0,0.0,2.2856736000000284,9.721107171000035,0,6.699902057647705
2024-02-01,11.214583333333332,51.18125,33.47708333333333,105.17708333333331,9.329166666666667,1.6469791666666664,,8.039583333333333,8.84375,2.958333333333333,0.030152926,2.2856736,0.0,2.3158265260000284,9.055330157000036,0,2.637840747833252
2024-02-02,11.510416666666666,48.990208333333335,31.9,109.43541666666664,9.748958333333333,1.4333333333333331,,8.053125,1.7395833333333333,2.829166666666667,0.049342666,0.030152926,2.2856736,2.365169192000028,9.021116283000037,0,5.986636161804199
2024-02-03,11.28125,49.66468750000001,32.37708333333333,106.03229166666668,9.4625,1.528125,,8.038541666666665,1.9479166666666667,2.8364583333333333,0.0,0.049342666,0.030152926,0.07949559200002843,9.000549492000037,0,2.360363721847534
2024-02-04,10.763541666666669,51.416875000000005,33.621875,102.315625,9.167708333333334,1.6173958333333334,,8.020833333333334,1.5729166666666667,2.766666666666667,0.0,0.0,0.049342666,0.04934266600002843,2.3651691920000353,0,3.463780641555786
2024-02-05,10.20625,52.98739583333333,34.72708333333333,99.54895833333336,8.959375,1.7079166666666667,,8.0,2.208333333333333,2.7229166666666664,1.0798672,0.0,0.0,1.0798672000000284,3.4450363920000355,0,1.494729995727539
2024-02-06,9.592708333333333,53.61208333333334,35.141666666666666,99.64791666666667,9.065625,1.7945833333333334,,7.992708333333333,3.302083333333333,3.028125,0.07159333,1.0798672,0.0,1.1514605300000285,3.5166297220000353,0,3.0025055408477783
2024-02-07,9.226041666666667,53.85239583333333,35.27916666666667,100.43854166666668,9.211458333333333,1.8589583333333333,,7.982291666666666,4.0,2.9291666666666667,0.0,0.07159333,1.0798672,1.1514605300000285,1.2309561220000356,0,2.4751415252685547
2024-02-08,9.734375,53.781666666666666,35.264583333333334,101.10104166666667,9.161458333333334,1.7626041666666667,,7.928125,3.208333333333333,2.6083333333333334,0.0,0.0,0.07159333,0.07159333000002842,1.2008031960000356,0,3.3114147186279297
2024-02-09,10.348958333333334,53.625729166666666,35.21145833333333,100.85625,9.022916666666667,1.6240625,,7.935416666666668,2.65625,3.798958333333333,14.723612,0.0,0.0,14.723612000000028,15.875072530000034,0,2.6019535064697266
2024-02-10,11.504166666666668,53.25739583333333,35.00208333333333,101.62291666666664,8.870833333333334,1.4622916666666663,,7.930208333333334,3.1666666666666665,2.830208333333333,0.023737712,14.723612,0.0,14.747349712000029,15.898810242000035,0,1.0646854639053345
2024-02-11,12.554166666666667,52.86302083333334,34.76770833333333,101.09791666666666,8.65625,1.3878125,,7.925000000000001,3.9791666666666665,4.870833333333333,0.34729555,0.023737712,14.723612,15.094645262000027,16.246105792000034,0,0.2378372848033905
2024-02-12,12.583333333333334,51.8603125,34.03958333333333,96.75208333333336,8.323958333333334,1.4255208333333331,,7.9125,3.2604166666666665,3.684375,19.894445,0.34729555,0.023737712,20.26547826200003,35.06068359200003,1,
2024-02-13,13.510416666666666,50.61145833333333,33.16041666666667,101.49270833333333,8.598958333333334,1.2907291666666667,,7.911458333333333,4.729166666666667,3.1208333333333336,12.988048,19.894445,0.34729555,33.22978855000002,47.97713826200004,0,1.7580841779708862
2024-02-14,12.294791666666669,51.6159375,33.848958333333336,102.82291666666669,8.892708333333333,1.5096875,,7.955208333333334,2.65625,4.322916666666667,0.0,12.988048,19.894445,32.882493000000025,47.97713826200004,0,1.77420175075531
2024-02-15,12.477894736842106,51.494,33.771578947368425,102.93157894736842,8.872631578947368,1.403052631578947,,7.931578947368421,1.631578947368421,2.1052631578947367,0.0,0.0,12.988048,12.988048000000024,47.97713826200004,0,1.3982278108596802
2024-02-16,13.038541666666667,50.4853125,33.057291666666664,101.70416666666668,8.714583333333334,1.1173958333333334,,7.892708333333334,1.0208333333333333,2.6197916666666665,0.2754179,0.0,0.0,0.27541790000002486,33.52894416200003,0,
2024-02-17,12.74375,50.28791666666667,32.905208333333334,99.65520833333332,8.603125,1.0428125,,7.893750000000001,0.9583333333333334,2.895833333333333,0.53746206,0.2754179,0.0,0.8128799600000248,34.042668510000034,0,
2024-02-18,11.179166666666667,50.91,33.276041666666664,97.26875,8.654166666666667,1.2911458333333334,,7.900000000000001,0.4895833333333333,2.6802083333333333,5.4118633,0.53746206,0.2754179,6.224743260000025,39.107236260000036,0,
2024-02-19,10.761458333333332,50.71958333333333,33.109375,97.57916666666668,8.770833333333334,1.3266666666666669,,7.900000000000001,1.03125,2.548958333333333,8.234177,5.4118633,0.53746206,14.183502360000027,27.446968260000034,0,3.199195146560669
2024-02-20,10.901041666666666,50.42875,32.90833333333333,99.37708333333336,8.920833333333333,1.397708333333333,,7.901041666666667,1.0208333333333333,2.247916666666667,0.07574625,8.234177,5.4118633,13.721786550000026,14.534666510000037,0,2.4262828826904297
2024-02-21,11.0375,50.208020833333336,32.75625,99.7,8.929166666666667,1.4535416666666665,,7.900000000000001,1.71875,2.1885416666666666,0.00025366465,0.07574625,8.234177,8.310176914650025,14.534920174650036,0,2.343122720718384
2024-02-22,11.764583333333334,49.97020833333334,32.619791666666664,100.515625,8.865625,1.3931250000000002,,7.898958333333334,1.3854166666666667,2.415625,0.0,0.00025366465,0.07574625,0.07599991465002309,14.534920174650036,0,0.994702160358429
2024-02-23,12.520833333333334,48.536875,31.620833333333334,94.66666666666669,8.278125000000001,1.1067708333333333,,7.859375,6.71875,3.561458333333333,4.447311,0.0,0.00025366465,4.447564664650023,18.706813274650035,0,0.7090508937835693
2024-02-24,12.901041666666666,48.0034375,31.254166666666663,95.89791666666667,8.321875,1.2047916666666667,,7.838541666666667,2.6875,3.388541666666667,0.15847677,4.447311,0.0,4.605787770000023,18.327827984650035,0,1.1848036050796509
2024-02-25,12.420833333333334,48.825,31.823958333333334,97.98229166666664,8.561458333333333,1.3635416666666669,,7.870833333333334,1.5729166666666667,2.857291666666667,0.001277825,0.15847677,4.447311,4.607065595000023,12.917242509650036,0,2.9016802310943604
2024-02-26,12.726041666666667,49.0421875,31.988541666666663,100.13333333333333,8.677083333333334,1.3369791666666666,,7.890625,1.4479166666666667,2.583333333333333,0.0,0.001277825,0.15847677,0.1597545950000231,4.683065509650035,0,3.2291104793548584
2024-02-27,13.255208333333334,48.4221875,31.572916666666668,98.69375,8.495833333333334,1.2103125,,7.902083333333334,1.3854166666666667,2.865625,2.3277605,0.0,0.001277825,2.329038325000023,6.935079759650035,0,
2024-02-28,15.727083333333333,46.29083333333333,30.07708333333333,96.06354166666668,7.939583333333334,1.10875,,7.876041666666667,6.78125,4.335416666666666,12.155796,2.3277605,0.0,14.483556500000024,19.090622095000036,0,3.66544508934021
2024-02-29,14.579166666666666,45.88635416666667,29.769791666666663,97.06666666666666,8.217708333333333,1.1585416666666666,,7.864583333333333,5.416666666666667,4.68125,1.0081302,12.155796,2.3277605,15.491686700000024,20.098752295000036,0,1.5234973430633545
2024-03-01,13.455208333333331,47.8478125,31.148958333333336,101.05208333333331,8.678125,1.307604166666667,,7.921875,2.489583333333333,4.284375,0.7668857,1.0081302,12.155796,13.930811900000023,16.418326995000037,0,2.1396689414978027
2024-03-02,15.652083333333332,44.091770833333335,28.495833333333334,100.25416666666666,8.369791666666666,1.1461458333333334,,7.889583333333333,3.0104166666666665,3.75625,21.626509,0.7668857,1.0081302,23.40152490000002,37.886359225000035,1,
2024-03-03,15.947916666666666,42.463125,27.347916666666663,97.46354166666669,8.153125000000001,1.1444791666666667,,7.85625,2.6666666666666665,4.371875,3.7889872,21.626509,0.7668857,26.18238190000002,41.674068600000034,0,
2024-03-04,16.110416666666666,43.97958333333333,28.422916666666666,96.640625,8.005208333333334,1.1991666666666667,,7.847916666666666,2.34375,4.323958333333334,19.108875,3.7889872,21.626509,44.52437120000002,60.78294360000004,1,1.2337462902069092
2024-03-05,16.608333333333334,44.752812500000005,28.98645833333333,97.65,7.98125,1.1990625,,7.848958333333333,1.7291666666666667,3.4614583333333333,3.5376103,19.108875,3.7889872,26.435472500000024,61.99279340000004,0,0.6984053254127502
2024-03-06,16.501041666666666,45.73427083333333,29.69375,92.29791666666668,7.536458333333333,1.2596875,,7.813541666666667,1.9270833333333333,3.576041666666667,24.39931,3.5376103,19.108875,47.04579530000002,74.23630740000004,1,1.8237632513046265
2024-03-07,16.245833333333334,45.87052083333333,29.78645833333333,91.559375,7.508333333333333,1.2926041666666668,,7.8,2.239583333333333,3.608333333333333,8.341159,24.39931,3.5376103,36.27807930000002,81.56933620000004,0,0.6906561255455017
2024-03-08,15.872916666666669,47.17979166666667,30.73333333333333,98.23854166666666,8.058333333333334,1.4455208333333334,,7.832291666666666,3.520833333333333,3.295833333333333,0.08419624,8.341159,24.39931,32.82466524000002,80.88664674000003,0,2.609928846359253
2024-03-09,15.261458333333332,47.71802083333333,31.11145833333333,92.22604166666667,7.647916666666667,1.4722916666666668,,7.808333333333334,3.59375,3.99375,21.480364,0.08419624,8.341159,29.90571924000002,80.74050174000004,1,
2024-03-10,16.053124999999998,47.37614583333333,30.870833333333334,97.01770833333336,7.926041666666666,1.2547916666666663,,7.804166666666667,6.375,5.044791666666667,7.2558703,21.480364,0.08419624,28.820430540000018,84.20738484000005,0,1.6013858318328855
2024-03-11,13.922916666666666,47.96875,31.253125,98.18854166666668,8.342708333333333,1.3301041666666666,,7.866666666666667,5.28125,5.322916666666667,0.0,7.2558703,21.480364,28.73623430000002,65.09850984000003,0,1.4433611631393433
2024-03-12,14.573958333333332,48.01833333333334,31.304166666666664,99.15208333333334,8.303125,1.2595833333333333,,7.878125000000001,4.479166666666667,6.051041666666666,0.0,0.0,7.2558703,7.255870300000021,61.56089954000004,0,1.5843837261199951
2024-03-13,15.40625,47.559375,30.9875,99.38125,8.202083333333333,1.1776041666666666,,7.885416666666667,4.458333333333333,4.8500000000000005,0.0,0.0,0.0,0.0,37.16158954000004,0,2.3420896530151367
2024-03-14,16.148958333333333,47.095104166666665,30.664583333333336,99.12708333333336,8.071875,1.2354166666666666,,7.869791666666667,3.5,5.603125,0.0,0.0,0.0,0.0,28.82043054000004,0,2.060997486114502
2024-03-15,16.898958333333333,46.44322916666667,30.20833333333333,96.275,7.7625,1.2151041666666669,,7.84375,3.5104166666666665,4.3187500000000005,1.2913281,0.0,0.0,1.2913281000000214,30.027562400000036,0,0.614970862865448
2024-03-16,17.688541666666666,45.7296875,29.697916666666668,96.10729166666664,7.6625,1.2532291666666666,,7.828125,3.1979166666666665,4.5218750000000005,0.7003036,1.2913281,0.0,1.9916317000000214,9.247502000000036,0,2.8712317943573
2024-03-17,17.942708333333332,45.93812500000001,29.851041666666664,94.83020833333336,7.519791666666666,1.2822916666666666,,7.81875,2.6354166666666665,3.903125,0.048328754,0.7003036,1.2913281,2.0399604540000214,2.0399604540000356,0,0.2832441627979278
2024-03-18,17.9875,44.925,29.128125,94.95104166666664,7.553125,1.2798958333333337,,7.822916666666667,2.75,4.322916666666667,0.26356575,0.048328754,0.7003036,1.0121981040000212,2.3035262040000357,0,1.488925218582153
2024-03-19,15.45625,46.35239583333333,30.13020833333333,94.69895833333334,7.866666666666667,1.4258333333333333,,7.854166666666667,2.520833333333333,3.6625,0.0,0.26356575,0.048328754,0.3118945040000213,2.3035262040000357,0,1.9956531524658203
2024-03-20,14.904166666666669,43.90375,28.359375,94.62916666666666,8.043750000000001,1.2733333333333332,,7.897916666666667,2.40625,3.884375,0.0,0.0,0.26356575,0.26356575000002125,2.3035262040000357,0,2.951962471008301
2024-03-21,15.363541666666668,44.1471875,28.553125,96.00520833333331,8.06875,1.4188541666666667,,7.896875,3.1979166666666665,3.9958333333333336,0.0,0.0,0.0,0.0,2.3035262040000357,0,2.412048816680908
2024-03-22,15.427083333333334,46.77114583333333,30.432291666666668,94.18333333333334,7.819791666666667,1.4945833333333332,,7.862500000000001,2.6354166666666665,3.858333333333333,4.5604386,0.0,0.0,4.560438600000022,5.572636704000036,0,
2024-03-23,16.572916666666668,42.958333333333336,27.70520833333333,92.040625,7.59375,1.3189583333333337,,7.803125,4.3125,4.465625,52.266117,4.5604386,0.0,56.82655560000002,57.138450104000036,1,2.028400659561157
2024-03-24,14.990625,45.55479166666667,29.546875,96.29479166666664,8.1,1.5475,,7.851041666666667,6.0,4.404166666666667,8.08885,52.266117,4.5604386,64.91540560000001,65.17897135000004,0,1.5670912265777588
2024-03-25,13.876842105263158,47.799894736842106,31.133684210526315,98.5221052631579,8.387368421052633,1.5374736842105263,,8.00736842105263,5.347368421052631,2.6410526315789475,0.0,8.08885,52.266117,60.35496700000002,64.91540560000004,0,4.098206996917725
2024-03-26,14.56875,48.40239583333334,31.588541666666668,100.00520833333331,8.369791666666666,1.4573958333333332,,8.097916666666666,4.326315789473684,1.7239583333333333,0.0,0.0,8.08885,8.088850000000022,64.91540560000004,0,1.1500332355499268
2024-03-27,15.26875,48.61541666666667,31.758333333333336,97.95208333333332,8.083333333333334,1.4284375,,8.076041666666667,4.135416666666667,1.9958333333333331,14.032648,0.0,0.0,14.032648000000021,78.94805360000004,0,
2024-03-28,15.483333333333334,47.863125,31.22083333333333,93.22291666666666,7.696874999999999,1.343020833333333,,8.029166666666667,4.354166666666667,2.688541666666667,19.93205,14.032648,0.0,33.96469800000002,98.88010360000004,1,
2024-03-29,15.346875,47.432500000000005,30.903125,97.65625,8.069791666666667,1.3092708333333334,,8.042708333333334,4.291666666666667,2.059375,0.34488523,19.93205,14.032648,34.30958323000002,94.66455023000003,0,1.0317025184631348
2024-03-30,16.275000000000002,45.508125,29.52083333333333,100.73958333333331,8.24375,1.1336458333333332,,8.080208333333333,5.46875,2.2416666666666667,0.0,0.34488523,19.93205,20.27693523000002,42.39843323000004,0,1.8046356439590452
2024-03-31,17.447916666666668,41.7115625,26.81041666666667,101.1375,8.211458333333333,1.057395833333333,,8.092708333333333,6.59375,3.377083333333333,0.05490899,0.0,0.34488523,0.39979422000002485,34.36449222000003,0,1.515263319015503
2024-04-01,18.64270833333333,39.09802083333333,24.972916666666663,98.49270833333333,7.907291666666667,1.0523958333333334,,8.098958333333334,5.75,3.923958333333333,0.19212022,0.05490899,0.0,0.24702921000002487,34.55661244000003,0,
2024-04-02,19.476041666666667,36.4690625,23.129166666666663,95.62916666666666,7.657291666666667,1.1063541666666663,,8.080208333333333,6.520833333333333,4.8500000000000005,1.0377047,0.19212022,0.05490899,1.2847339100000248,35.59431714000004,0,2.452488899230957
2024-04-03,18.860416666666666,33.61052083333333,21.152083333333334,85.9875,7.054166666666667,1.0734375,,7.925,10.53125,5.947916666666667,17.555672,1.0377047,0.19212022,18.785496920000025,39.117341140000036,0,
2024-04-04,16.453125,34.8115625,21.977083333333336,89.63541666666667,7.666666666666667,1.0221875,,8.009375,14.78125,10.267708333333331,1.5131402,17.555672,1.0377047,20.106516900000024,20.698431340000035,0,0.9273533821105956
2024-04-05,15.835416666666667,41.634791666666665,26.790625,95.53854166666667,8.0375,1.2489583333333334,,8.088541666666666,12.6,7.139583333333333,0.0,1.5131402,17.555672,19.068812200000025,20.353546110000035,0,1.724344253540039
2024-04-06,15.532291666666666,44.8,29.02916666666667,99.28958333333333,8.279166666666667,1.3213541666666666,,8.119791666666666,9.09375,5.6468750000000005,0.0,0.0,1.5131402,1.513140200000025,20.353546110000035,0,2.5168561935424805
2024-04-07,16.1375,47.0915625,30.672916666666666,101.45729166666666,8.25625,1.3797916666666667,,8.122916666666667,7.842105263157895,5.085106382978723,0.0,0.0,0.0,0.0,20.298637120000034,0,2.380840539932251
2024-04-08,16.944791666666667,47.6253125,31.066666666666663,98.72604166666667,7.898958333333333,1.3859375,,8.10625,8.760416666666666,5.602083333333333,0.016049555,0.0,0.0,0.01604955500002487,20.122566455000037,0,3.005682468414306
2024-04-09,17.357291666666665,47.873333333333335,31.25625,96.5375,7.658333333333334,1.325416666666667,,8.086458333333333,8.572916666666666,5.28421052631579,0.51376426,0.016049555,0.0,0.5298138150000249,19.598626015000036,0,0.2866926491260528
2024-04-10,18.382291666666667,48.25375,31.519791666666663,96.77708333333334,7.510416666666667,1.303958333333333,,8.070833333333333,9.5,6.235483870967742,0.012656868,0.51376426,0.016049555,0.5424706830000249,2.0556108830000355,0,1.724478006362915
2024-04-11,18.304166666666667,47.1859375,30.765625,88.64583333333333,6.95,1.32375,,7.996875,19.354166666666668,6.270833333333333,10.825202,0.012656868,0.51376426,11.351623128000025,11.367672683000036,0,
2024-04-12,19.08333333333333,43.78625,28.3,90.57395833333334,7.080208333333334,1.0201041666666668,,7.977083333333333,31.25,14.460416666666667,1.2488868,10.825202,0.012656868,12.086745668000024,12.616559483000035,0,2.3583109378814697
2024-04-13,17.935416666666665,44.02520833333333,28.47083333333333,95.14270833333336,7.567708333333333,1.085625,,8.063541666666667,26.589473684210525,10.929166666666667,0.040333986,1.2488868,10.825202,12.114422786000024,12.656893469000035,0,1.31269633769989
2024-04-14,18.370833333333334,46.01052083333334,29.901041666666668,97.43854166666668,7.633333333333333,1.276354166666667,,8.080208333333333,16.75,8.283333333333333,0.0,0.040333986,1.2488868,1.289220786000023,12.656893469000035,0,1.8002609014511108
2024-04-15,19.902083333333334,43.85447916666666,28.35,96.59375,7.436458333333333,1.2413541666666668,,8.057291666666666,11.53125,6.733684210526317,0.0,0.0,0.040333986,0.040333986000023095,12.640843914000035,0,2.332737445831299
2024-04-16,21.090625,41.28927083333333,26.509375,93.52083333333331,7.11875,1.2777083333333332,,8.033333333333333,12.552083333333334,6.64375,2.1389122,0.0,0.0,2.138912200000023,14.265991854000035,0,1.3179947137832642
2024-04-17,20.95833333333333,42.8059375,27.59375,87.68229166666667,6.657291666666667,1.3180208333333334,,7.980208333333334,11.458333333333334,6.526041666666667,3.956837,2.1389122,0.0,6.095749200000023,18.210171986000038,0,
2024-04-18,21.83125,40.42135416666667,25.88125,91.2625,6.885416666666667,1.223854166666667,,7.973958333333333,11.5625,6.66421052631579,10.9675255,3.956837,2.1389122,17.063274700000022,18.352495486000038,0,2.1554951667785645
2024-04-19,20.553125,45.07572916666667,29.23958333333333,86.76666666666667,6.579166666666667,1.4264583333333334,,7.966666666666666,10.083333333333334,5.573958333333334,0.32565948,10.9675255,3.956837,15.250021980000025,17.429268166000035,0,0.4181307554244995
2024-04-20,21.228125,46.694375,30.3875,88.69479166666667,6.598958333333333,1.3992708333333337,,7.95,7.375,4.261458333333334,1.0811031,0.32565948,10.9675255,12.374288080000024,18.470037280000035,0,
2024-04-21,20.3875,46.43020833333333,30.209375,83.40416666666667,6.307291666666667,1.4197916666666668,,7.883333333333333,6.864583333333333,4.510416666666667,3.4454799,1.0811031,0.32565948,4.852242480000023,21.915517180000034,0,
2024-04-22,17.554166666666667,48.56104166666666,31.758333333333336,92.26145833333334,7.284375,1.5761458333333334,,7.991666666666667,6.96875,3.469791666666667,2.5968313,3.4454799,1.0811031,7.123414300000023,24.512348480000036,0,
2024-04-23,17.660416666666666,48.96104166666667,32.03958333333333,97.475,7.647916666666667,1.4898958333333334,,8.017708333333333,6.515789473684211,3.1645833333333333,0.13979098,2.5968313,3.4454799,6.182102180000023,22.513227260000036,0,2.0926663875579834
2024-04-24,18.93645833333333,48.192395833333336,31.484375,98.42083333333332,7.561458333333333,1.2735416666666668,,8.028125000000001,8.65625,4.142708333333333,0.0,0.13979098,2.5968313,2.736622280000023,18.556390260000036,0,3.3552358150482178
2024-04-25,20.694791666666667,47.52239583333333,30.991666666666664,95.00104166666668,7.079166666666667,1.3016666666666663,,8.009375,9.28125,4.282291666666667,0.018840529,0.0,0.13979098,0.1586315090000231,7.607705289000036,0,0.8121304512023926
2024-04-26,19.776041666666668,49.43802083333333,32.395833333333336,95.26145833333334,7.1781250000000005,1.4887499999999998,,8.018749999999999,8.46875,3.453125,0.016939828,0.018840529,0.0,0.03578035700002309,7.298985637000036,0,3.0974154472351074
2024-04-27,20.570833333333333,50.191875,32.94375,98.09375,7.246875,1.4286458333333334,,8.005208333333334,8.447916666666666,3.142708333333333,0.0,0.016939828,0.018840529,0.03578035700002309,6.217882537000035,0,
2024-04-28,22.008333333333336,50.07791666666666,32.838541666666664,94.69166666666666,6.817708333333333,1.3029166666666667,,7.979166666666667,10.09375,3.329166666666667,0.0,0.0,0.016939828,0.016939828000023093,2.7724026370000354,0,2.007438898086548
2024-04-29,22.56770833333333,49.543958333333336,32.442708333333336,90.91041666666666,6.498958333333333,1.2459375,,7.951041666666666,12.489583333333334,3.8385416666666665,0.0,0.0,0.0,0.0,0.17557133700003555,0,2.611721992492676
2024-04-30,22.89583333333333,48.3140625,31.546875,90.559375,6.477083333333333,1.2422916666666668,,7.989583333333333,9.958333333333334,4.583333333333333,0.080931574,0.0,0.0,0.0809315740000231,0.11671193100003553,0,1.1687017679214478
2024-05-01,22.894791666666663,47.426875,30.896875,86.00625000000001,6.186458333333333,1.2119791666666666,,7.962499999999999,11.031578947368422,4.979166666666667,1.3480464,0.080931574,0.0,1.4289779740000232,1.4647583310000356,0,0.5707311630249023
2024-05-02,23.251041666666666,48.04083333333333,31.339583333333334,88.19895833333334,6.288541666666667,1.2635416666666666,,7.965625,8.114583333333334,3.8072916666666665,0.017218884,1.3480464,0.080931574,1.4461968580000233,1.4631366860000357,0,1.257557392120361
2024-05-03,23.1875,49.13645833333334,32.139583333333334,88.3,6.283333333333334,1.2991666666666666,,7.962499999999999,7.229166666666667,3.505208333333333,0.27704942,0.017218884,1.3480464,1.6423147040000232,1.7232462780000357,0,1.178909182548523
2024-05-04,23.321875,49.57447916666666,32.45729166666667,89.921875,6.373958333333333,1.3613541666666666,,7.962499999999999,7.3125,3.4802083333333336,0.3096165,0.27704942,0.017218884,0.6038848040000231,2.0328627780000357,0,0.2719307541847229
2024-05-05,23.157291666666666,49.9353125,32.723958333333336,91.965625,6.526041666666667,1.3880208333333333,,7.960416666666667,7.052083333333333,3.428125,3.3408625,0.3096165,0.27704942,3.927528420000023,5.373725278000036,0,1.0822429656982422
2024-05-06,23.0125,49.88614583333333,32.688541666666666,90.42083333333332,6.436458333333333,1.3011458333333332,,7.947916666666667,8.697916666666666,3.91875,2.12243,3.3408625,0.3096165,5.772909000000023,7.496155278000035,0,0.3397402763366699
2024-05-07,23.11145833333333,49.88395833333333,32.68541666666667,91.45416666666668,6.4875,1.1728125,,7.957291666666666,9.375,3.815625,2.6640801,2.12243,3.3408625,8.127372600000022,10.079303804000036,0,0.8805863857269287
2024-05-08,23.62395833333333,50.06375,32.80416666666667,94.40729166666668,6.621875,1.1696875,,7.978124999999999,8.25,3.8947916666666655,1.6512951,2.6640801,2.12243,6.437805200000023,10.382552504000037,0,1.4524377584457395
2024-05-09,23.082291666666663,49.911458333333336,32.703125,88.77708333333334,6.298958333333334,1.1307291666666666,,7.953125,10.885416666666666,4.736458333333333,11.753241,1.6512951,2.6640801,16.068616200000022,22.118574620000036,0,
2024-05-10,22.06458333333333,49.946875,32.75625,90.646875,6.546875,1.1610416666666663,,7.966666666666666,10.166666666666666,4.80625,9.601809,11.753241,1.6512951,23.006345100000022,31.443334200000034,0,
2024-05-11,21.209375,50.23489583333333,32.973958333333336,94.39791666666667,6.905208333333333,1.3490624999999998,,8.018749999999999,7.645833333333333,3.8958333333333335,2.0991747,9.601809,11.753241,23.45422470000002,33.23289240000003,0,1.4012937545776367
2024-05-12,21.890625,50.40625,33.0875,96.55104166666666,6.9625,1.31625,,8.011458333333334,5.645833333333333,3.85,0.0,2.0991747,9.601809,11.700983700000023,29.892029900000033,0,1.2274158000946045
2024-05-13,22.65416666666667,50.61302083333334,33.23125,94.50416666666666,6.721875,1.3561458333333334,,7.978124999999999,5.375,4.589583333333334,4.5666842,0.0,2.0991747,6.665858900000023,32.336284100000036,0,
2024-05-14,22.28125,48.73260416666667,31.871875,86.25104166666667,6.238541666666666,1.3120833333333333,,7.884374999999999,7.25,5.33125,4.2562037,4.5666842,0.0,8.822887900000023,33.92840770000004,0,
2024-05-15,23.140625,45.77427083333333,29.694791666666664,86.00625000000001,6.197916666666667,1.1822916666666667,,7.867708333333334,8.010416666666666,6.173958333333334,12.984436,4.2562037,4.5666842,21.807323900000025,45.26154860000004,0,1.467452049255371
2024-05-16,23.465625,46.7153125,30.375,87.41354166666667,6.236458333333334,1.3127083333333334,,7.898958333333333,7.6875,9.308333333333334,5.6626406,12.984436,4.2562037,22.903280300000024,39.17094820000003,0,1.109186768531799
2024-05-17,23.93125,46.71572916666667,30.370833333333334,87.37708333333335,6.192708333333333,1.3461458333333332,,7.884374999999999,7.3125,14.663541666666667,1.5884862,5.6626406,12.984436,20.23556280000002,31.157625400000036,0,0.0731050297617912
2024-05-18,24.290625,47.00708333333333,30.573958333333334,86.33645833333333,6.076041666666666,1.3952083333333334,,7.870833333333334,7.197916666666667,24.04375,6.034486,1.5884862,5.6626406,13.285612800000024,35.09293670000004,0,
2024-05-19,23.621875,46.59697916666667,30.29583333333333,82.56875000000001,5.892708333333334,1.399166666666667,,7.842708333333333,8.708333333333334,36.6125,4.7916923,6.034486,1.5884862,12.414664500000026,39.88462900000004,0,
2024-05-20,22.651041666666668,48.76895833333333,31.882291666666664,91.01666666666668,6.532291666666667,1.498125,,7.928125,6.791666666666667,38.77916666666667,0.060277358,4.7916923,6.034486,10.886455658000026,35.378222158000035,0,2.4249539375305176
2024-05-21,23.49375,49.42489583333333,32.344791666666666,92.65625,6.535416666666666,1.4566666666666668,,7.932291666666667,7.197916666666667,33.725,0.0,0.060277358,4.7916923,4.851969658000025,31.122018458000035,0,1.3959028720855713
2024-05-22,24.852083333333336,49.26447916666667,32.20104166666667,92.74791666666664,6.39375,1.3539583333333332,,7.91875,8.458333333333334,32.797916666666666,0.0023966532,0.0,0.060277358,0.06267401120002487,18.139979111200034,0,2.172166109085083
2024-05-23,25.68125,48.53541666666666,31.651041666666668,89.87291666666665,6.125,1.2804166666666668,,7.905208333333333,9.052083333333334,15.498958333333334,0.06641339,0.0023966532,0.0,0.06881004320002487,12.543751901200036,0,0.6028916835784912
2024-05-24,25.884375,47.45395833333333,30.860416666666666,87.02499999999999,5.938541666666667,1.208125,,7.898958333333333,10.072916666666666,16.823943661971832,5.4872427,0.06641339,0.0023966532,5.556052743200025,16.442508401200037,0,
2024-05-25,26.134375,46.87072916666667,30.43958333333333,87.76770833333335,5.9750000000000005,1.205,,7.895833333333333,10.145833333333334,,3.7529135,5.4872427,0.06641339,9.306569590000025,14.160935901200034,0,2.005688428878784
2024-05-26,26.698958333333334,47.43479166666666,30.82604166666667,89.79479166666665,6.029166666666666,1.235,,7.89375,10.421052631578949,,1.6609304,3.7529135,5.4872427,10.901086600000026,11.030174001200036,0,1.1258714199066162
2024-05-27,27.09895833333333,46.65614583333333,30.260416666666668,86.29375,5.788541666666667,1.171875,,7.875,12.59375,,8.285381,1.6609304,3.7529135,13.699224900000024,19.255277643200035,0,0.1708870530128479
2024-05-28,26.18541666666667,44.51708333333334,28.740625,82.80104166666666,5.698958333333334,1.09375,,7.774999999999999,10.875,13.93265306122449,6.0573955,8.285381,1.6609304,16.003706900000026,25.312673143200037,0,3.061553478240967
2024-05-29,26.02916666666667,45.30447916666666,29.34270833333333,89.14687500000001,6.111458333333334,1.0189583333333332,,7.740625,6.589473684210526,10.741666666666667,0.7746979,6.0573955,8.285381,15.117474400000024,26.08497439000004,0,1.8472899198532104
2024-05-30,25.43125,47.52364583333334,30.925,94.8,6.514583333333333,0.9432291666666668,,7.798958333333334,6.4375,8.746875000000001,0.011252734,0.7746979,6.0573955,6.843346134000025,26.029813734000037,0,1.397551417350769
2024-05-31,24.71875,49.03187500000001,32.045833333333334,91.67916666666667,6.341666666666666,1.0073958333333335,,7.822916666666667,5.052083333333333,6.5625,0.09755942,0.011252734,0.7746979,0.8835100540000249,20.640130454000037,0,
2024-06-01,24.415625,50.1303125,32.854166666666664,90.73958333333331,6.280208333333333,1.0448958333333334,,7.823958333333334,4.96875,5.886458333333334,0.0026722476,0.09755942,0.011252734,0.11148440160002486,16.889889201600035,0,1.8854399919509888
2024-06-02,24.890625,50.20625,32.9,88.94166666666666,6.107291666666666,0.9686458333333332,,7.802083333333333,5.96875,6.554166666666667,3.2328718,0.0026722476,0.09755942,3.333103467600025,18.461830601600035,0,0.504260778427124
2024-06-03,25.24375,49.7190625,32.53541666666667,88.82291666666667,6.078125,0.9520833333333334,,7.79375,6.09375,8.232291666666667,2.229127,3.2328718,0.0026722476,5.464671047600024,12.405576601600036,0,1.4411994218826294
2024-06-04,25.844791666666666,49.80135416666667,32.57395833333333,93.38020833333331,6.320833333333333,0.965625,,7.813541666666667,5.916666666666667,9.765625,1.7629884,2.229127,3.2328718,7.224987200000025,8.111169501600035,0,1.3304338455200195
2024-06-05,26.265625,50.045208333333335,32.75,93.99270833333333,6.311458333333333,0.9772916666666666,,7.830208333333334,6.114583333333333,11.415625,2.0982869,1.7629884,2.229127,6.090402300000026,9.434758501600037,0,0.614118218421936
2024-06-06,26.07604166666667,49.61833333333333,32.442708333333336,88.40520833333333,5.969791666666667,0.9226041666666666,,7.783333333333334,6.840425531914893,12.665625,0.9348315,2.0982869,1.7629884,4.796106800000025,10.358337267600035,0,1.1358535289764404
2024-06-07,26.48333333333333,48.6796875,31.74791666666667,85.64166666666667,5.754166666666666,0.8792708333333333,,7.729166666666667,9.357894736842104,10.092708333333333,10.8295145,0.9348315,2.0982869,13.862632900000026,21.090292347600034,0,1.151264190673828
2024-06-08,26.378125,50.397083333333335,32.99791666666667,85.22083333333333,5.6875,0.988125,,7.719791666666667,5.01063829787234,6.2250000000000005,0.016939532,10.8295145,0.9348315,11.781285532000025,21.104559632000036,0,1.2479376792907717
2024-06-09,27.015625,50.90270833333333,33.353125,84.3,5.554166666666667,0.8889583333333334,,7.694791666666667,5.520833333333333,6.515625,0.0026372587,0.016939532,10.8295145,10.849091290700025,17.874325090700033,0,0.8440688252449036
2024-06-10,25.89583333333333,50.52354166666667,33.10625,73.67604166666666,4.973958333333333,0.8841666666666667,,7.651041666666667,5.757894736842105,7.945833333333333,9.6924305,0.0026372587,0.016939532,9.712007290700026,25.337628590700035,0,4.046469688415527
2024-06-11,26.146875,50.96041666666667,33.41875,83.090625,5.5375000000000005,0.9401041666666666,,7.682291666666667,4.71875,6.617708333333333,1.6309674,9.6924305,0.0026372587,11.326035158700025,25.205607590700037,0,0.8750678300857544
2024-06-12,27.221875,51.4765625,33.766666666666666,89.74791666666665,5.879166666666666,0.9902083333333334,,7.704166666666667,4.726315789473684,6.3812500000000005,0.052627396,1.6309674,9.6924305,11.376025296000025,23.159948086700037,0,
2024-06-13,27.147916666666664,51.808125,34.01979166666667,86.74270833333333,5.692708333333333,1.0154166666666666,,7.7,5.0,6.567708333333333,4.005092,0.052627396,1.6309674,5.688686796000026,26.230208586700037,0,1.3631876707077026
2024-06-14,27.35625,52.13072916666667,34.251041666666666,85.21249999999999,5.561458333333333,0.98,,7.684375,4.926315789473684,6.044791666666666,2.5170074,4.005092,0.052627396,6.574726796000025,17.917701486700036,0,1.928438186645508
2024-06-15,28.415625,51.8640625,34.021875,80.30208333333333,5.163541666666666,0.9334375,,7.610416666666667,5.166666666666667,6.752083333333334,0.08284453,2.5170074,4.005092,6.604943930000025,17.983606484700037,0,1.4776363372802734
2024-06-16,27.91145833333333,52.44979166666667,34.46875,82.99270833333334,5.369791666666667,1.0713541666666666,,7.644791666666666,5.197916666666667,6.519791666666666,0.107315056,0.08284453,2.5170074,2.7071669860000247,18.088284282000036,0,0.973010003566742
2024-06-17,27.771875,52.829375,34.75833333333333,81.61770833333334,5.283333333333333,1.0467708333333332,,7.648958333333333,5.125,6.1000000000000005,0.0,0.107315056,0.08284453,0.19015958600002486,8.395853782000035,0,
2024-06-18,27.484375,53.0684375,34.94166666666667,82.93645833333333,5.391666666666667,1.085625,,7.676041666666666,5.677083333333333,6.0375000000000005,0.10041542,0.0,0.107315056,0.20773047600002487,6.865301802000036,0,1.991388201713562
2024-06-19,27.288541666666664,53.28666666666667,35.109375,82.86562500000001,5.39375,1.0941666666666667,,7.697916666666667,6.739583333333333,6.132291666666667,0.0,0.10041542,0.0,0.10041542000002487,6.812674406000036,0,2.9700851440429688
2024-06-20,27.238541666666663,53.485625,35.259375,84.71666666666667,5.507291666666667,1.0552083333333333,,7.708333333333333,7.354166666666667,7.822916666666667,0.0,0.0,0.10041542,0.10041542000002487,2.8075824060000354,0,2.779296398162842
2024-06-21,27.213541666666668,53.53520833333334,35.29270833333333,82.75416666666666,5.39375,1.0601041666666666,,7.730208333333334,6.71875,9.69375,0.047961194,0.0,0.0,0.04796119400002487,0.33853620000003554,0,2.99219822883606
2024-06-22,28.9875,53.39041666666666,35.146875,81.82291666666667,5.170833333333333,0.9514583333333334,,7.675,8.28125,10.192708333333334,0.30771393,0.047961194,0.0,0.3556751240000249,0.5634056000000356,0,2.573518991470337
2024-06-23,29.38125,53.1140625,34.915625,82.17916666666666,5.164583333333334,0.854375,,7.678125,9.854166666666666,13.059375,0.26703086,0.30771393,0.047961194,0.6227059840000249,0.7231214040000356,0,0.7572780847549438
2024-06-24,29.105208333333334,51.94645833333333,34.0625,80.840625,5.128125,0.7331249999999999,,7.66875,10.177083333333334,11.8625,7.649888,0.26703086,0.30771393,8.224632790000024,8.373009404000035,0,
2024-06-25,28.96666666666667,51.884479166666665,34.025,61.51818181818182,3.9931818181818177,0.8240625,,7.708333333333333,7.177083333333333,7.232291666666666,10.980708,7.649888,0.26703086,18.897626860000024,19.253301984000036,0,1.6622419357299805
2024-06-26,29.738541666666663,52.321041666666666,34.309375,,,0.8885416666666667,,7.71875,9.578947368421051,5.49375,0.08761239,10.980708,7.649888,18.718208390000026,19.340914374000036,0,0.8326226472854614
2024-06-27,29.26770833333333,52.06354166666667,34.13645833333333,,,1.1020833333333333,,7.7,7.458333333333333,5.6468750000000005,6.127912,0.08761239,10.980708,17.196232390000027,25.468826374000038,0,0.0554613098502159
2024-06-28,29.001041666666666,52.48052083333334,34.459375,,,1.2558333333333334,,7.722916666666666,6.378947368421053,4.569791666666666,2.7016742,6.127912,0.08761239,8.917198590000025,28.122539380000035,0,0.6176047921180725
2024-06-29,29.9125,52.8965625,34.729166666666664,,,1.2678125,,7.709375,6.458333333333333,4.117708333333334,0.04944469,2.7016742,6.127912,8.879030890000024,27.864270140000034,0,
2024-06-30,30.1,52.8115625,34.67395833333333,,,1.175,,7.661458333333333,6.53125,4.382291666666666,9.190626,0.04944469,2.7016742,11.941744890000024,36.787865280000034,0,0.8465052247047424
2024-07-01,28.407291666666666,52.38552083333334,34.41458333333333,,,1.2559375,,7.665624999999999,7.78125,5.236458333333333,24.576265,9.190626,0.04944469,33.816335690000024,53.714242280000036,1,
2024-07-02,26.876041666666666,53.407916666666665,35.2125,,,1.4494791666666669,,7.785416666666666,5.302083333333333,3.7145833333333336,0.37661436,24.576265,9.190626,34.14350536000002,43.110148640000034,0,2.056424379348755
2024-07-03,27.93125,53.669270833333336,35.37708333333333,,,1.3477083333333333,,7.748958333333333,6.010416666666667,3.859375,0.009148616,0.37661436,24.576265,24.962027976000023,43.031684866000035,0,1.0194824934005735
2024-07-04,28.525,53.80020833333333,35.453125,,,1.31125,,7.714583333333334,6.104166666666667,3.8552083333333336,0.1042584,0.009148616,0.37661436,0.4900213760000248,37.00803126600003,0,0.0915968567132949
2024-07-05,28.88854166666667,53.49552083333333,35.213541666666664,,,1.2770833333333331,,7.686458333333333,7.46875,4.882291666666666,1.6850935,0.1042584,0.009148616,1.798500516000025,35.99145056600003,0,1.2391377687454224
2024-07-06,29.684375,52.907916666666665,34.75208333333333,,,1.2184375,,7.6875,9.552083333333334,6.313541666666667,2.6747117,1.6850935,0.1042584,4.464063600000025,38.616717576000035,0,
2024-07-07,30.0125,52.731875,34.615625,,,1.2157291666666663,,7.675,10.427083333333334,7.216666666666666,9.173985,2.6747117,1.6850935,13.533790200000025,38.600076576000035,0,0.9701100587844848
2024-07-08,29.61458333333333,52.59760416666666,34.530208333333334,,,1.2260416666666667,,7.6625,9.802083333333334,7.172916666666667,7.642365,9.173985,2.6747117,19.491061700000024,21.666176576000034,0,0.0892920643091201
2024-07-09,30.230208333333334,52.54364583333333,34.46666666666667,,,1.2375,,7.679166666666667,10.83157894736842,7.443157894736842,0.50288457,7.642365,9.173985,17.319234570000024,21.79244678600003,0,2.005605697631836
2024-07-10,30.47395833333333,52.43197916666667,34.37291666666667,,,1.2266666666666668,,7.694791666666667,10.0,7.782291666666667,0.0013578392,0.50288457,7.642365,8.146607409200024,21.784656009200035,0,0.4376313090324402
2024-07-11,31.211458333333336,51.884479166666665,33.942708333333336,,,1.1985416666666666,,7.672916666666667,10.510416666666666,7.75625,6.3381553,0.0013578392,0.50288457,6.842397709200025,28.018552909200032,0,
2024-07-12,30.01770833333333,50.28604166666667,32.81041666666667,,,1.2166666666666666,,7.652083333333334,14.291666666666666,9.367708333333333,10.950901,6.3381553,0.0013578392,17.290414139200024,37.28436040920003,0,0.365714430809021
2024-07-13,28.93541666666667,46.520625,30.113541666666663,,,1.1683333333333332,,7.636458333333334,22.73846153846154,14.091666666666669,16.674938,10.950901,6.3381553,33.963994300000024,51.28458670920003,0,
2024-07-14,29.851041666666664,46.861041666666665,30.32708333333333,,,1.1953125,,7.621875,19.96875,10.355208333333334,3.0953267,16.674938,10.950901,30.72116570000003,45.20592840920003,0,3.1845808029174805
2024-07-15,30.440625,47.647083333333335,30.878125,,,1.2040625,,7.635416666666667,22.31914893617021,11.411458333333334,3.0815494,3.0953267,16.674938,22.85181410000003,40.64511280920003,0,0.2329391539096832
2024-07-16,30.353125,47.16375,30.52916666666667,,,1.163125,,7.675,20.70833333333333,11.015625,3.6725936,3.0815494,3.0953267,9.849469700000029,43.814821839200036,0,
2024-07-17,28.691666666666663,46.0359375,29.77083333333333,,,1.1713541666666667,,7.673958333333334,30.20833333333333,12.182291666666666,6.7942295,3.6725936,3.0815494,13.548372500000028,50.60769350000004,0,
2024-07-18,28.196875,46.55114583333333,30.151041666666668,,,1.13,,7.66875,43.6875,12.78125,17.696756,6.7942295,3.6725936,28.163579100000028,61.966294200000036,0,1.91221022605896
2024-07-19,28.313541666666666,47.705000000000005,30.994791666666668,,,1.2604166666666667,,7.707291666666666,24.072916666666668,10.361458333333331,14.802103,17.696756,6.7942295,39.29308850000003,65.81749620000004,0,0.4427156746387481
2024-07-20,28.55625,45.376354166666665,29.316666666666663,,,1.3010416666666669,,7.690625,39.0,11.982291666666669,9.141183,14.802103,17.696756,41.64004200000003,58.28374120000004,0,1.9051809310913088
2024-07-21,28.80625,47.89020833333333,31.120833333333334,,,1.3096875,,7.664583333333333,28.916666666666668,10.49375,6.561023,9.141183,14.802103,30.504309000000028,61.749437500000035,0,5.469635009765625
2024-07-22,28.039583333333336,49.912708333333335,32.610416666666666,,,1.2173958333333337,,7.660416666666666,14.708333333333334,7.832291666666666,14.55849,6.561023,9.141183,30.26069600000003,73.22637810000003,0,0.9598464965820312
2024-07-23,28.15833333333333,50.19864583333333,32.81458333333333,87.52857142857142,5.636734693877551,1.114270833333333,,7.660416666666666,14.041666666666666,4.275,11.62272,14.55849,6.561023,32.74223300000003,81.17650450000004,0,2.603270530700684
2024-07-24,28.633333333333336,50.33833333333333,32.903125,81.64375,5.2625,0.9835416666666666,,7.6625,17.760416666666668,2.9791666666666665,26.1388,11.62272,14.55849,52.320010000000025,100.52107500000002,1,1.7620093822479248
2024-07-25,28.48958333333333,49.80145833333333,32.515625,77.875,5.041666666666667,0.9503125,,7.664583333333333,15.635416666666666,3.115625,12.769362,26.1388,11.62272,50.53088200000003,95.59368100000003,0,
2024-07-26,27.603125,47.79572916666667,31.085416666666664,72.50625000000001,4.808333333333334,0.9865625,,7.653125,10.625,2.434375,17.197496,12.769362,26.1388,56.10565800000003,97.98907400000004,0,
2024-07-27,27.554166666666664,48.38427083333334,31.50520833333333,81.46249999999999,5.376041666666667,1.140625,,7.70625,7.604166666666667,1.5447916666666668,8.098832,17.197496,12.769362,38.06569000000003,96.94672300000002,0,0.4725876450538635
2024-07-28,27.56041666666667,50.0546875,32.72083333333333,84.83958333333334,5.558333333333334,1.1542708333333334,,7.719791666666667,7.125,1.578125,0.0,8.098832,17.197496,25.29632800000003,90.38570000000003,0,
2024-07-29,27.477083333333336,49.8384375,32.56979166666667,80.10625,5.273958333333334,1.0638541666666663,,7.69375,7.041666666666667,1.7729166666666665,2.8589437,0.0,8.098832,10.957775700000028,78.68615370000003,0,0.105109691619873
2024-07-30,27.922916666666666,48.305,31.43645833333333,79.62083333333334,5.236458333333333,1.0245833333333334,,7.683333333333334,8.083333333333334,1.875,3.2059062,2.8589437,0.0,6.064849900000029,70.26933990000002,0,0.5363118052482605
2024-07-31,28.773958333333336,45.71729166666666,29.542708333333334,80.54375,5.280208333333333,0.9696875,,7.688541666666667,9.635416666666666,2.113541666666667,2.0865731,3.2059062,2.8589437,8.151423000000028,46.21711300000003,0,1.72765851020813
2024-08-01,29.34583333333333,45.65416666666667,29.484375,82.84166666666667,5.378125,0.9825,,7.705208333333334,9.416666666666666,2.225,0.4476656,2.0865731,3.2059062,5.740144900000028,33.895416600000026,0,3.230923652648926
2024-08-02,29.882291666666664,43.6746875,28.047916666666666,81.07916666666667,5.257291666666666,0.8776041666666666,,7.654166666666666,21.6875,2.678125,5.6232934,0.4476656,2.0865731,8.157532100000028,22.321214000000026,0,
2024-08-03,29.45520833333333,41.676875,26.651041666666668,82.98125,5.45625,0.8283333333333333,,7.661458333333333,18.178947368421053,3.0416666666666665,7.3571343,5.6232934,0.4476656,13.428093300000029,21.57951630000003,0,1.3414613008499146
2024-08-04,28.21875,37.3146875,23.596875,73.34479166666667,5.016666666666667,0.8689583333333334,,7.6125,28.5,3.5114583333333336,16.019972,7.3571343,5.6232934,29.000399700000028,37.599488300000026,0,
2024-08-05,27.61145833333333,39.263125,24.98645833333333,70.5,4.832291666666666,0.908125,,7.607291666666666,24.041666666666668,2.9406250000000003,17.403513,16.019972,7.3571343,40.780619300000026,52.144057600000025,0,
2024-08-06,26.8375,35.543125,22.391666666666666,64.15625,4.525,0.9983333333333334,,7.592708333333333,17.791666666666668,2.1375,21.468634,17.403513,16.019972,54.89211900000004,70.40678540000003,1,
2024-08-07,26.85729166666667,,,,,1.089375,,7.603124999999999,15.385416666666666,1.8322916666666669,25.009083,21.468634,17.403513,63.88123000000003,93.32929530000004,1,
2024-08-08,27.241666666666664,,,,,1.1271875,,7.440625,22.58208955223881,2.66875,52.38193,25.009083,21.468634,98.85964700000002,145.26355970000003,1,2.5844569206237797
2024-08-09,27.040625,,,,,0.9825,,7.253125,22.28409090909091,2.0968750000000003,6.8084607,52.38193,25.009083,84.19947370000003,146.44872700000002,0,
2024-08-10,28.2375,,,,,0.9361458333333332,,7.185416666666666,38.65476190476191,2.1802083333333333,14.294294,6.8084607,52.38193,73.48468470000003,153.38588670000001,0,1.7710243463516235
2024-08-11,28.947916666666668,,,,,0.948125,,7.2,40.1578947368421,3.829166666666667,10.305813,14.294294,6.8084607,31.40856770000003,147.67172770000002,0,0.0945299342274665
2024-08-12,29.0,,,,,0.975,,7.219791666666667,,7.657291666666667,9.9890175,10.305813,14.294294,34.589124500000025,140.25723220000003,0,0.2461527436971664
2024-08-13,28.329166666666666,,,,,1.064375,,7.2,,9.7375,1.2280518,9.9890175,10.305813,21.522882300000028,120.01665000000003,0,
2024-08-14,27.791666666666668,,,,,1.0610416666666669,,7.176041666666666,,4.752083333333333,0.031059552,1.2280518,9.9890175,11.248128852000027,95.03862655200003,0,
2024-08-15,28.0625,,,,,1.0453125,,7.145833333333333,,2.7,0.0,0.031059552,1.2280518,1.2591113520000285,42.65669655200003,0,1.52739679813385
2024-08-16,27.992708333333336,,,,,1.0848958333333334,,7.16875,,8.001041666666667,0.00092885183,0.0,0.031059552,0.03198840383002842,35.849164703830034,0,
2024-08-17,28.215625,,,,,1.0707291666666667,,7.119791666666667,,3.9,0.0,0.00092885183,0.0,0.0009288518300284217,21.554870703830026,0,1.6340595483779907
2024-08-18,28.52083333333333,,,,,1.0182291666666667,,7.214583333333334,,4.286458333333333,0.03448779,0.0,0.00092885183,0.03541664183002842,11.283545493830028,0,2.541889190673828
2024-08-19,28.604166666666668,,,,,0.9863541666666666,,7.25625,,2.734375,4.794269,0.03448779,0.0,4.828756790000028,6.088796993830028,0,2.104459524154663
2024-08-20,28.691666666666663,46.24,29.946153846153848,81.18974358974359,5.292307692307692,1.046145833333333,,7.665624999999999,11.795180722891564,1.9739583333333333,1.3316782,4.794269,0.03448779,6.160434990000028,6.192423393830028,0,1.66231369972229
2024-08-21,27.677894736842106,48.93631578947368,31.91578947368421,74.95348837209302,4.983720930232559,1.1113684210526316,,7.746315789473684,9.578947368421051,3.622105263157895,1.0342835,1.3316782,4.794269,7.160230700000028,7.195647341830028,0,4.027910232543945
2024-08-22,26.351041666666664,50.63177083333333,33.175000000000004,,,1.1603125,,7.7625,8.75,4.763541666666667,2.1197793,1.0342835,1.3316782,4.485741000000028,9.31542664183003,0,6.855414390563965
2024-08-23,25.495833333333334,51.817395833333336,34.06979166666667,,,1.2878125,,7.776041666666667,7.760416666666667,4.3343750000000005,7.8947206,2.1197793,1.0342835,11.04878340000003,17.20921839000003,0,
2024-08-24,25.572916666666668,52.276875,34.40416666666667,,,1.2371875,,7.75625,7.583333333333333,3.969791666666667,8.491619,7.8947206,2.1197793,18.50611890000003,25.70083739000003,0,5.397809505462647
2024-08-25,26.37291666666667,52.4971875,34.54895833333333,,,1.2130208333333334,,7.739583333333333,6.427083333333333,3.655208333333333,3.6181252,8.491619,7.8947206,20.00446480000003,29.28447480000003,0,4.080248355865479
2024-08-26,27.559375,52.32145833333333,34.39270833333333,,,1.1547916666666669,,7.717708333333333,6.572916666666667,3.934375,0.006463624,3.6181252,8.491619,12.116207824000028,24.49666942400003,0,2.675546407699585
2024-08-27,28.601041666666664,51.38552083333334,33.66875,,,1.0809375,,7.681249999999999,7.083333333333333,4.653125,0.5028508,0.006463624,3.6181252,4.127439624000028,23.66784202400003,0,2.3781542778015137
2024-08-28,28.97395833333333,48.96395833333333,31.886458333333334,,,1.0772916666666668,,7.658333333333334,7.885416666666667,6.025,0.23379833,0.5028508,0.006463624,0.7431127540000284,22.86735685400003,0,0.1614634692668914
2024-08-29,29.197916666666668,46.72291666666666,30.25520833333333,,,1.0963541666666667,,7.626041666666667,9.229166666666666,6.930208333333333,0.022051705,0.23379833,0.5028508,0.7587008350000285,20.769629259000027,0,2.250285625457764
2024-08-30,29.378125,45.93989583333333,29.68958333333333,,,1.1003125,,7.634374999999999,8.84375,7.360416666666667,11.13913,0.022051705,0.23379833,11.394980035000028,24.01403865900003,0,4.509740829467773
2024-08-31,28.971875,47.90572916666667,31.12395833333333,,,1.1998958333333334,,7.652083333333334,8.895833333333334,6.34375,7.1367507,11.13913,0.022051705,18.297932405000026,22.65917035900003,0,1.6988368034362793
2024-09-01,29.103125,48.700520833333336,31.684375,,,1.1871875,,7.621875,10.947916666666666,5.829166666666667,4.220463,7.1367507,11.13913,22.49634370000003,23.261508159000027,0,3.187610387802124
2024-09-02,28.313541666666666,48.4175,31.509375,,,1.1108333333333331,,7.564583333333334,15.416666666666666,6.571875,14.820193,4.220463,7.1367507,26.177406700000027,38.07523753500003,0,
2024-09-03,26.86875,51.04364583333333,33.467708333333334,,,1.38375,,7.735416666666667,15.5625,5.129166666666666,3.7663884,14.820193,4.220463,22.807044400000027,41.33877513500003,0,1.5882118940353394
2024-09-04,26.015625,52.51645833333333,34.572916666666664,,,1.4886458333333332,,7.784375,16.59375,4.588541666666667,0.71365184,3.7663884,14.820193,19.30023324000003,41.818628645000025,0,6.331754684448242
2024-09-05,25.85833333333333,53.06666666666666,34.990625,,,1.3961458333333334,,7.774999999999999,14.520833333333334,4.755208333333333,2.3036892,0.71365184,3.7663884,6.78372944000003,44.10026614000003,0,0.3213235735893249
2024-09-06,26.26875,53.33208333333334,35.166666666666664,,,1.3829166666666666,,7.774999999999999,5.364583333333333,3.6510416666666665,0.019333184,2.3036892,0.71365184,3.0366742240000306,32.980469324000026,0,5.439754486083984
2024-09-07,26.36875,53.32958333333334,35.166666666666664,,,1.32625,,7.732291666666666,5.364583333333333,3.844791666666667,12.842041,0.019333184,2.3036892,15.165063384000032,38.68575962400003,0,
2024-09-08,24.890625,53.39458333333334,35.24583333333333,,,1.4252083333333332,,7.709375,5.104166666666667,4.664583333333334,9.016909,12.842041,0.019333184,21.87828318400003,43.482205624000024,0,
2024-09-09,24.464583333333334,53.64625,35.454166666666666,,,1.4478125000000002,,7.764583333333333,4.854166666666667,4.004166666666666,4.2109666,9.016909,12.842041,26.069916600000028,32.87297922400003,0,5.787441730499268
2024-09-10,24.33333333333333,53.720416666666665,35.490625,,,1.3398958333333333,,7.76875,4.697916666666667,4.620833333333334,0.025592187,4.2109666,9.016909,13.25346778700003,29.13218301100003,0,3.027117967605591
2024-09-11,24.484375,53.83104166666666,35.579166666666666,,,1.3329166666666667,,7.770833333333333,5.010416666666667,4.234375,1.4849299,0.025592187,4.2109666,5.72148868700003,29.903461071000027,0,4.095230579376221
2024-09-12,24.503125,54.01145833333334,35.728125,,,1.3911458333333335,,7.803125,4.541666666666667,3.515625,2.3419507,1.4849299,0.025592187,3.85247278700003,29.94172257100003,0,
2024-09-13,24.707291666666663,53.83645833333333,35.579166666666666,,,1.3873958333333334,,7.779166666666666,5.208333333333333,3.5197916666666664,9.335721,2.3419507,1.4849299,13.16260160000003,39.25811038700003,0,1.7247021198272705
2024-09-14,24.234375,53.0021875,34.975,,,1.451875,,7.767708333333334,6.166666666666667,3.6677083333333336,11.5928755,9.335721,2.3419507,23.27054720000003,38.00894488700003,0,
2024-09-15,23.813541666666666,52.2925,34.453125,,,1.5901041666666669,,7.765625,7.75,4.2406250000000005,5.89938,11.5928755,9.335721,26.82797650000003,34.89141588700003,0,2.1215522289276123
2024-09-16,23.461458333333336,49.73260416666667,32.583333333333336,,,1.7266666666666666,,7.761458333333334,17.052083333333332,5.195833333333334,26.236626,5.89938,11.5928755,43.72888150000003,56.91707528700003,1,
2024-09-17,24.10729166666667,46.72552083333333,30.382291666666664,,,1.4379166666666665,,7.695833333333333,10.541666666666666,4.09375,11.039181,26.236626,5.89938,43.17518700000004,67.93066410000003,0,3.957350492477417
2024-09-18,25.072916666666668,48.660625,31.769791666666663,,,1.4008333333333332,,7.713541666666667,8.208333333333334,4.723958333333333,2.5338798,11.039181,26.236626,39.80968680000003,68.97961400000003,0,2.53409194946289
2024-09-19,25.48229166666667,49.514270833333335,32.38333333333333,,,1.4478125000000002,,7.738541666666666,6.583333333333333,5.227083333333334,1.488853,2.5338798,11.039181,15.061913800000031,68.12651630000003,0,0.7560974359512329
2024-09-20,25.730208333333334,50.0890625,32.78854166666667,,,1.5420833333333333,,7.767708333333334,5.677083333333333,4.719791666666667,0.14286193,1.488853,2.5338798,4.1655947300000316,58.93365723000002,0,3.2317965030670166
2024-09-21,25.775,50.14604166666667,32.83541666666667,,,1.5634375,,7.782291666666667,5.104166666666667,4.123958333333333,0.0,0.14286193,1.488853,1.631714930000032,47.340781730000025,0,2.7299559116363525
2024-09-22,26.02916666666667,49.085625,32.053125,,,1.5232291666666666,,7.755208333333333,4.916666666666667,3.95625,1.4707621,0.0,0.14286193,1.613624030000032,42.912163830000026,0,0.7100027203559875
2024-09-23,26.2875,48.39291666666667,31.538541666666664,100.595,6.715000000000001,1.559583333333333,,7.779166666666666,3.9270833333333335,5.183333333333334,8.506903e-05,1.4707621,0.0,1.470847169030032,16.675622899030028,0,1.9906717538833616
2024-09-24,26.386458333333334,47.03395833333334,30.54895833333333,84.39375,5.7250000000000005,1.5004166666666665,,7.79375,3.1666666666666665,7.367708333333333,0.66376513,8.506903e-05,1.4707621,2.134612299030032,6.3002070290300285,0,0.09390489757061
2024-09-25,26.964583333333334,44.54895833333333,28.742708333333336,78.996875,5.359375,1.4371875,,7.709375,3.625,7.952083333333333,10.302399,0.66376513,8.506903e-05,10.966249199030031,14.068726229030029,0,
2024-09-26,26.94270833333333,42.09635416666666,26.995833333333334,75.44895833333334,5.171875,1.4255208333333331,,7.672916666666667,4.333333333333333,8.454166666666667,6.775337,10.302399,0.66376513,17.74150113000003,19.35521022903003,0,
2024-09-27,26.5,35.70979166666667,22.515625,80.51666666666667,5.710416666666667,1.4483333333333333,,7.619791666666667,7.104166666666667,9.813541666666667,31.247328,6.775337,10.302399,48.325064000000026,50.45967629903003,1,
2024-09-28,26.40520833333333,36.95989583333333,23.397916666666664,78.42916666666666,5.540625,1.3348958333333334,,7.694791666666666,8.46875,9.305208333333333,1.1049836,31.247328,6.775337,39.127648600000036,51.564659899030026,0,1.8416193723678589
2024-09-29,26.801041666666663,40.921875,26.16979166666667,76.31666666666666,5.26875,1.4258333333333333,,7.733333333333333,6.84375,8.466666666666667,0.379558,1.1049836,31.247328,32.73186960000003,50.47345579903003,0,2.0150580406188965
2024-09-30,27.209375,42.11416666666667,27.008333333333336,77.58437500000001,5.290625,1.4207291666666666,,7.7375,6.458333333333333,8.778125000000001,0.0,0.379558,1.1049836,1.484541600000032,50.47337073000003,0,1.265492558479309
2024-10-01,26.994791666666668,42.129583333333336,27.021875,76.00625000000001,5.208333333333333,1.3573958333333334,,7.734375,6.427083333333333,9.776041666666666,1.0869874,0.0,0.379558,1.466545400000032,50.896593000000024,0,0.3657133281230926
2024-10-02,26.03333333333333,44.76354166666667,28.929166666666664,78.36562500000001,5.395833333333333,1.49375,,7.798958333333334,6.125,8.426041666666666,0.6241082,1.0869874,0.0,1.711095600000032,41.21830220000003,0,1.4608039855957031
2024-10-03,25.846875,46.5275,30.195833333333336,86.42916666666667,5.927083333333333,1.6014583333333334,,7.848958333333333,6.031578947368421,7.8875,0.0,0.6241082,1.0869874,1.711095600000032,34.44296520000003,0,4.624611854553223
2024-10-04,25.59895833333333,47.50958333333333,30.9125,88.42083333333333,6.067708333333333,1.5715625,,7.847916666666666,4.947916666666667,8.135416666666666,0.43082187,0.0,0.6241082,1.054930070000032,3.6264590700000285,0,1.9928399324417116
2024-10-05,25.58020833333333,47.50104166666667,30.90625,84.44791666666667,5.792708333333334,1.4803125,,7.797916666666667,4.989583333333333,9.030208333333333,7.6599445,0.43082187,0.0,8.090766370000033,10.181419970000029,0,5.692675590515137
2024-10-06,25.503125,47.5590625,30.95104166666667,88.53645833333333,6.08125,1.4662499999999998,,7.801041666666666,4.895833333333333,8.525,0.040566277,7.6599445,0.43082187,8.131332647000033,9.84242824700003,0,3.262045383453369
2024-10-07,25.366666666666664,46.429375,30.13854166666667,89.31145833333333,6.170833333333333,1.383125,,7.791666666666667,4.666666666666667,9.873958333333333,0.0,0.040566277,7.6599445,7.700510777000032,9.84242824700003,0,2.0478625297546387
2024-10-08,25.245833333333334,46.08260416666667,29.88958333333333,91.290625,6.330208333333334,1.4239583333333332,,7.828125,4.1875,9.469791666666667,0.01368055,0.0,0.040566277,0.05424682700003197,8.769121397000028,0,7.328410148620605
2024-10-09,23.81458333333333,47.853229166666665,31.191666666666663,90.08958333333334,6.359375,1.5527083333333334,,7.889583333333333,3.8125,7.560416666666666,2.0114012,0.01368055,0.0,2.025081750000032,10.15641439700003,0,8.04946517944336
2024-10-10,22.269791666666663,48.74208333333333,31.863541666666663,91.12083333333334,6.586458333333333,1.5729166666666667,,7.922916666666667,4.114583333333333,6.617708333333333,10.883538,2.0114012,0.01368055,12.908619750000032,21.03995239700003,0,4.36196756362915
2024-10-11,20.853125,49.50666666666667,32.442708333333336,92.33541666666667,6.811458333333333,1.6030208333333331,,7.939583333333334,3.3541666666666665,5.489583333333333,0.039235566,10.883538,2.0114012,12.934174766000032,20.64836609300003,0,3.371211290359497
2024-10-12,20.91875,49.20427083333333,32.221875000000004,88.75833333333333,6.560416666666666,1.4633333333333332,,7.877083333333334,3.583333333333333,5.910416666666666,0.0,0.039235566,10.883538,10.922773566000032,12.988421593000028,0,2.760258913040161
2024-10-13,21.601041666666664,48.5715625,31.75520833333333,87.54895833333335,6.404166666666666,1.3538541666666666,,7.864583333333333,3.8958333333333335,6.330208333333334,0.0,0.0,0.039235566,0.039235566000031974,12.947855316000028,0,4.7781500816345215
2024-10-14,22.11145833333333,47.208125,30.7625,88.215625,6.4375,1.1610416666666663,,7.846875,5.947916666666667,7.292708333333334,0.023224782,0.0,0.0,0.023224782000031974,12.971080098000028,0,2.277305841445923
2024-10-15,21.714583333333334,48.836875,31.95520833333333,88.35625,6.445833333333333,1.2915625,,7.914583333333333,5.072916666666667,6.001041666666667,0.043053556,0.023224782,0.0,0.06627833800003197,13.000453104000028,0,2.6311466693878174
2024-10-16,20.370833333333334,50.072187500000005,32.85729166666667,87.31145833333333,6.498958333333333,1.3724999999999998,,7.948958333333334,4.536842105263158,5.372916666666666,0.07310732,0.043053556,0.023224782,0.13938565800003197,11.062159224000029,0,
2024-10-17,19.329166666666666,50.730625,33.346875000000004,92.009375,6.954166666666667,1.4288541666666663,,7.994791666666667,4.135416666666667,5.070833333333334,1.2132937,0.07310732,0.043053556,1.3294545760000318,1.3919149240000284,0,2.9942855834960938
2024-10-18,19.372916666666665,50.9584375,33.505208333333336,94.296875,7.120833333333334,1.5164583333333337,,8.002083333333333,3.489583333333333,4.482291666666667,0.19046423,1.2132937,0.07310732,1.4768652500000319,1.5431435880000284,0,2.364137887954712
2024-10-19,19.660416666666663,51.22989583333333,33.719791666666666,95.784375,7.180208333333333,1.5432291666666669,,8.005208333333334,3.3789473684210525,4.055208333333334,0.0,0.19046423,1.2132937,1.4037579300000318,1.5431435880000284,0,5.0871195793151855
2024-10-20,20.203125,51.4875,33.90208333333333,96.021875,7.116666666666667,1.5566666666666666,,8.002083333333333,3.375,3.892708333333333,0.018167794,0.0,0.19046423,0.208632024000032,1.5613113820000284,0,6.053804397583008
2024-10-21,20.480208333333334,51.57895833333333,33.96875,95.621875,7.047916666666667,1.4759375,,7.984375,3.404255319148936,3.9958333333333336,0.0018728042,0.018167794,0.0,0.020040598200031977,1.5399594042000282,0,4.121464252471924
2024-10-22,20.569791666666667,51.55614583333334,33.95104166666667,94.003125,6.920833333333333,1.398125,,7.964583333333334,3.1041666666666665,4.660416666666666,0.0019222725,0.0018728042,0.018167794,0.021962870700031976,1.4988281207000285,0,3.6180226802825928
2024-10-23,21.31875,51.38916666666666,33.825,93.96458333333334,6.83125,1.2832291666666666,,7.932291666666667,4.145833333333333,4.936458333333333,0.043976698,0.0019222725,0.0018728042,0.04777177470003198,1.4696974987000284,0,2.189493417739868
2024-10-24,21.430208333333336,51.0821875,33.592708333333334,92.690625,6.734375,1.3105208333333334,,7.915624999999999,3.0729166666666665,4.84375,0.0,0.043976698,0.0019222725,0.04589897050003197,0.25640379870002844,0,2.62673020362854
2024-10-25,20.92083333333333,51.13989583333333,33.640625,91.05520833333333,6.676041666666666,1.4358333333333333,,7.915624999999999,2.625,4.452083333333333,0.0,0.0,0.043976698,0.043976698000031976,0.06593956870002843,0,2.142770767211914
2024-10-26,21.13020833333333,50.790416666666665,33.380208333333336,89.778125,6.569791666666667,1.3509375,,7.868749999999999,3.114583333333333,5.154166666666667,0.0,0.0,0.0,0.0,0.06593956870002843,0,2.2200493812561035
2024-10-27,20.403125,51.1909375,33.68333333333333,90.51770833333336,6.695833333333333,1.5925,,7.905208333333333,2.8541666666666665,4.988541666666666,0.0015582383,0.0,0.0,0.0015582383000319745,0.04933001300002842,0,
2024-10-28,19.288541666666667,51.57375,33.971875000000004,91.71770833333332,6.921875,1.6479166666666665,,7.915624999999999,2.34375,4.364583333333333,0.004873926,0.0015582383,0.0,0.006432164300031974,0.05233113480002842,0,2.5666162967681885
2024-10-29,19.3125,51.67197916666667,34.036458333333336,91.18229166666669,6.875,1.5535416666666666,,7.889583333333333,2.270833333333333,4.097916666666666,0.0,0.004873926,0.0015582383,0.006432164300031975,0.050408862300028424,0,0.997535526752472
2024-10-30,20.646875,51.648854166666666,34.02291666666667,90.78645833333331,6.675,1.4573958333333332,,7.8625,2.5104166666666665,4.339583333333334,0.0,0.0,0.004873926,0.004873926000031975,0.006432164300028421,0,7.770130157470703
2024-10-31,21.6875,51.55875,33.942708333333336,91.33229166666666,6.589583333333334,1.426875,,7.853124999999999,2.5416666666666665,4.78125,0.0,0.0,0.0,0.0,0.006432164300028421,0,1.9132177829742432
2024-11-01,22.240625,51.02333333333333,33.547916666666666,89.67604166666666,6.429166666666667,1.3567708333333333,,7.827083333333333,3.5416666666666665,5.622916666666666,0.00034520205,0.0,0.0,0.0003452020500319744,0.006777366350028421,0,2.1836190223693848
2024-11-02,22.16875,51.01322916666667,33.5375,90.35208333333333,6.486458333333334,1.3980208333333335,,7.847916666666666,3.46875,5.507291666666667,0.44707254,0.00034520205,0.0,0.447417742050032,0.4538499063500284,0,7.034494876861572
2024-11-03,20.4,51.49458333333333,33.91458333333333,94.61770833333333,6.991666666666667,1.5996875,,7.9125,2.802083333333333,4.691666666666666,0.042016666,0.44707254,0.00034520205,0.48943440805003197,0.4943083340500284,0,0.5534622073173523
2024-11-04,19.985416666666666,51.7490625,34.098958333333336,95.96666666666664,7.134375,1.6560416666666666,,7.929166666666667,2.7916666666666665,4.139583333333333,0.019482,0.042016666,0.44707254,0.508571206000032,0.5089164080500285,0,3.9323790073394775
2024-11-05,20.997916666666665,51.61572916666666,33.996875,95.72916666666669,6.992708333333333,1.5144791666666666,,7.916666666666667,3.1894736842105265,3.54375,0.0,0.019482,0.042016666,0.061498666000031975,0.5089164080500285,0,2.878223180770874
2024-11-06,21.744791666666668,51.079791666666665,33.58645833333333,94.92604166666666,6.855208333333334,1.4054166666666663,,7.927083333333333,3.6979166666666665,3.965625,0.1911352,0.0,0.019482,0.21061720000003198,0.7000516080500284,0,9.78321361541748
2024-11-07,21.875,49.738125,32.60625,84.47708333333334,6.135416666666667,1.3354166666666665,,7.866666666666667,4.34375,4.202083333333333,11.87186,0.1911352,0.0,12.062995200000032,12.571911608050028,0,
2024-11-08,22.184375,48.568645833333335,31.744791666666668,82.60625,5.986458333333334,1.333125,,7.833333333333333,4.802083333333333,3.4958333333333336,0.15249415,11.87186,0.1911352,12.215489350000032,12.72406055600003,0,0.7043648362159729
2024-11-09,21.03125,49.4584375,32.407291666666666,90.01979166666666,6.642708333333334,1.5165625,,7.921875,5.03125,3.107291666666667,0.0010355515,0.15249415,11.87186,12.025389701500032,12.278023567500028,0,4.734314441680908
2024-11-10,19.441666666666663,50.639270833333335,33.278125,92.00104166666668,6.9437500000000005,1.50875,,7.98125,4.447916666666667,3.2427083333333333,0.36284626,0.0010355515,0.15249415,0.516375961500032,12.598853161500028,0,0.5224645137786865
2024-11-11,20.365625,50.51510416666667,33.18333333333333,89.55833333333334,6.653125,1.3925,,7.962499999999999,4.3125,3.719791666666666,8.628253,0.36284626,0.0010355515,8.992134811500033,21.20762416150003,0,4.3908562660217285
2024-11-12,20.06875,50.6746875,33.30625,90.50416666666666,6.7562500000000005,1.4569791666666667,,7.96875,4.71875,3.3791666666666664,0.01707554,8.628253,0.36284626,9.008174800000035,21.22469970150003,0,7.353314399719238
2024-11-13,18.457291666666663,51.51989583333333,33.93125,93.20104166666664,7.140625,1.661354166666667,,8.026041666666666,4.385416666666667,2.7104166666666667,0.0,0.01707554,8.628253,8.645328540000033,21.033564501500027,0,1.401542901992798
2024-11-14,17.670833333333334,51.78833333333333,34.12083333333333,93.075,7.232291666666666,1.7003125,,8.039583333333333,3.7395833333333335,2.552083333333333,7.6112256,0.0,0.01707554,7.628301140000032,16.77293010150003,0,
2024-11-15,17.561458333333334,51.34854166666667,33.802083333333336,93.51458333333332,7.294791666666666,1.5433333333333332,,8.030208333333333,4.84375,2.5614583333333334,5.9689755,7.6112256,0.0,13.580201100000032,22.58941145150003,0,
2024-11-16,17.34375,51.62708333333333,33.99583333333333,93.66666666666669,7.330208333333334,1.7283333333333333,,8.05625,3.3229166666666665,2.18125,0.0,5.9689755,7.6112256,13.580201100000032,22.58837590000003,0,3.0047760009765625
2024-11-17,17.508333333333333,51.6734375,34.040625,94.82708333333332,7.392708333333334,1.5915625,,8.088541666666666,3.15625,2.0302083333333334,0.07321307,0.0,5.9689755,6.042188570000032,22.298742710000028,0,1.1837573051452637
2024-11-18,17.615624999999998,51.58979166666666,33.973958333333336,95.85625,7.455208333333334,1.4651041666666669,,8.089583333333334,3.1041666666666665,2.28125,0.06358475,0.07321307,0.0,0.136797820000032,13.734074460000029,0,3.66067099571228
2024-11-19,17.9,51.54510416666667,33.95104166666667,94.57395833333334,7.321874999999999,1.3708333333333331,,8.040625,1.788888888888889,3.186458333333333,1.6216133,0.06358475,0.07321307,1.7584111200000319,15.338612220000027,0,
2024-11-20,18.559375,51.65625,34.030208333333334,92.69166666666666,7.083333333333333,1.0682291666666666,,7.996875,0.5897435897435898,3.8041666666666663,2.8093183,1.6216133,0.06358475,4.494516350000032,18.147930520000028,0,
2024-11-21,17.276041666666668,51.71031249999999,34.05520833333333,93.47708333333333,7.327083333333333,0.7711458333333333,,7.990625,1.5185185185185186,3.5697916666666667,0.44477254,2.8093183,1.6216133,4.875704140000032,10.981477460000029,0,1.5232596397399902
2024-11-22,14.96875,51.869375,34.13229166666667,92.73541666666668,7.598958333333333,0.7892708333333333,,8.014583333333333,0.3375,3.223958333333333,0.016584266,0.44477254,2.8093183,3.270675106000032,5.029086226000029,0,2.520620584487915
2024-11-23,12.702083333333334,50.57604166666667,33.110416666666666,94.63645833333334,8.160416666666666,0.6738541666666666,,8.010416666666666,0.2117647058823529,3.439583333333333,0.21917734,0.016584266,0.44477254,0.680534146000032,5.248263566000029,0,1.1702964305877686
2024-11-24,13.385416666666666,49.88583333333333,32.63645833333333,95.07291666666669,8.110416666666667,0.7793749999999999,,8.018749999999999,0.6,3.5812500000000003,0.056757554,0.21917734,0.016584266,0.292519160000032,5.231808050000028,0,2.4716475009918213
2024-11-25,14.226041666666667,48.6115625,31.7375,95.36041666666668,8.046875,0.7311458333333333,,8.0,0.7916666666666666,4.170833333333333,0.0,0.056757554,0.21917734,0.27593489400003196,5.168223300000029,0,1.959386229515076
2024-11-26,15.759375,47.18854166666667,30.73645833333333,95.82291666666669,7.886458333333334,0.6238541666666667,,7.985416666666667,0.2375,4.438541666666667,2.2695613,0.0,0.056757554,2.3263188540000317,5.816171300000029,0,0.1847101300954818
2024-11-27,16.494791666666668,48.70166666666666,31.851041666666664,94.91666666666669,7.649999999999999,0.7523958333333334,,8.022916666666667,0.046875,4.14375,1.0278972,2.2695613,0.0,3.297458500000032,4.034750200000028,0,2.741168737411499
2024-11-28,17.555208333333333,48.7275,31.878125,95.08645833333333,7.502083333333334,0.6863541666666667,,7.995833333333334,1.620253164556962,4.402083333333334,11.060354,1.0278972,2.2695613,14.357812500000032,14.650331660000028,0,
2024-11-29,15.854166666666666,49.64802083333333,32.52916666666667,94.146875,7.658333333333334,0.8459374999999999,,8.025,0.3488372093023256,4.185416666666667,3.9666095,11.060354,1.0278972,16.05486070000003,18.600356894000026,0,
2024-11-30,13.878125,50.80739583333334,33.32604166666667,95.74166666666667,8.05625,0.9147916666666666,,8.067708333333334,0.0606060606060606,3.453125,0.7103535,3.9666095,11.060354,15.737317000000033,19.091533054000028,0,2.443361520767212
2024-12-01,13.111458333333331,51.06229166666666,33.478125,97.12604166666668,8.2875,0.8855208333333334,,8.080208333333333,0.1739130434782608,3.146875,1.0743514,0.7103535,3.9666095,5.751314400000032,20.109126900000028,0,0.2985195815563202
